sequence_id,material,iso_label,iso_score,mahal_label,mahal_score
material_0700000_position_1_sensor_1,Plastic_Rubber,1,0.079975,1,-9.858295
material_0700000_position_1_sensor_2,Plastic_Rubber,1,0.108333,1,-18.901982
material_0700000_position_1_sensor_3,Plastic_Rubber,1,0.131546,1,-7.762463
material_0700000_position_2_sensor_1,Plastic_Rubber,1,0.125634,1,-9.155738
material_0700000_position_2_sensor_2,Plastic_Rubber,1,0.139038,1,-6.599484
material_0700000_position_2_sensor_3,Plastic_Rubber,-1,-0.010412,-1,-61.324217
material_0700000_position_3_sensor_1,Plastic_Rubber,1,0.133183,1,-8.280239
material_0700000_position_3_sensor_2,Plastic_Rubber,1,0.127038,1,-9.370399
material_0700000_position_3_sensor_3,Plastic_Rubber,1,0.135014,1,-6.142677
material_0700000_position_4_sensor_1,Plastic_Rubber,1,0.117986,1,-9.572145
material_0700000_position_4_sensor_2,Plastic_Rubber,1,0.123462,1,-8.665362
material_0700000_position_4_sensor_3,Plastic_Rubber,1,0.140587,1,-7.342153
material_0700010_position_1_sensor_1,Plastic_Rubber,1,0.098995,1,-10.864603
material_0700010_position_1_sensor_2,Plastic_Rubber,1,0.134051,1,-6.85816
material_0700010_position_1_sensor_3,Plastic_Rubber,1,0.123006,1,-10.65886
material_0700010_position_2_sensor_1,Plastic_Rubber,1,0.085964,1,-23.23554
material_0700010_position_2_sensor_2,Plastic_Rubber,1,0.105912,1,-12.002055
material_0700010_position_2_sensor_3,Plastic_Rubber,1,0.109616,1,-14.988795
material_0700010_position_3_sensor_1,Plastic_Rubber,1,0.120132,1,-14.453593
material_0700010_position_3_sensor_2,Plastic_Rubber,1,0.098777,1,-21.583227
material_0700010_position_3_sensor_3,Plastic_Rubber,1,0.138167,1,-10.501131
material_0700010_position_4_sensor_1,Plastic_Rubber,1,0.121699,1,-15.421041
material_0700010_position_4_sensor_2,Plastic_Rubber,1,0.11882,1,-11.124912
material_0700010_position_4_sensor_3,Plastic_Rubber,1,0.133775,1,-10.385853
material_0700030_position_1_sensor_1,Plastic_Rubber,1,0.068754,1,-29.724235
material_0700030_position_1_sensor_2,Plastic_Rubber,-1,-0.002939,-1,-100.636859
material_0700030_position_1_sensor_3,Plastic_Rubber,1,0.110292,1,-14.760236
material_0700030_position_2_sensor_1,Plastic_Rubber,1,0.095698,1,-16.588736
material_0700030_position_2_sensor_2,Plastic_Rubber,1,0.098036,1,-19.709769
material_0700030_position_2_sensor_3,Plastic_Rubber,1,0.097899,1,-24.072673
material_0700030_position_3_sensor_1,Plastic_Rubber,1,0.10277,1,-16.195611
material_0700030_position_3_sensor_2,Plastic_Rubber,1,0.118759,1,-15.935637
material_0700030_position_3_sensor_3,Plastic_Rubber,1,0.11058,1,-15.681845
material_0700030_position_4_sensor_1,Plastic_Rubber,1,0.095854,1,-17.429322
material_0700030_position_4_sensor_2,Plastic_Rubber,1,0.097747,1,-19.271802
material_0700030_position_4_sensor_3,Plastic_Rubber,1,0.116165,1,-13.677768
material_0700050_position_1_sensor_1,Plastic_Rubber,1,0.052122,1,-16.959591
material_0700050_position_1_sensor_2,Plastic_Rubber,1,0.086423,1,-16.843152
material_0700050_position_1_sensor_3,Plastic_Rubber,1,0.041268,1,-31.81585
material_0700050_position_2_sensor_1,Plastic_Rubber,1,0.033687,-1,-54.397939
material_0700050_position_2_sensor_2,Plastic_Rubber,1,0.046565,1,-38.468247
material_0700050_position_2_sensor_3,Plastic_Rubber,1,0.061936,1,-25.319623
material_0700050_position_3_sensor_1,Plastic_Rubber,1,0.05996,1,-25.936216
material_0700050_position_3_sensor_2,Plastic_Rubber,1,0.064154,1,-36.446248
material_0700050_position_3_sensor_3,Plastic_Rubber,1,0.084804,1,-21.446294
material_0700050_position_4_sensor_1,Plastic_Rubber,1,0.079777,1,-15.609847
material_0700050_position_4_sensor_2,Plastic_Rubber,-1,-0.039649,-1,-248.217609
material_0700050_position_4_sensor_3,Plastic_Rubber,-1,-0.035706,-1,-155.982597
material_0700050_position_5_sensor_1,Plastic_Rubber,1,0.063435,1,-34.828209
material_0700050_position_5_sensor_2,Plastic_Rubber,1,0.072722,1,-38.880949
material_0700050_position_5_sensor_3,Plastic_Rubber,1,0.066575,1,-23.039606
material_0700060_position_1_sensor_1,Plastic_Rubber,1,0.089551,1,-15.675323
material_0700060_position_1_sensor_2,Plastic_Rubber,1,0.128523,1,-9.550239
material_0700060_position_1_sensor_3,Plastic_Rubber,1,0.144935,1,-8.799227
material_0700060_position_2_sensor_1,Plastic_Rubber,1,0.112198,1,-20.023042
material_0700060_position_2_sensor_2,Plastic_Rubber,1,0.116879,1,-17.557396
material_0700060_position_2_sensor_3,Plastic_Rubber,1,0.12744,1,-9.965199
material_0700060_position_3_sensor_1,Plastic_Rubber,1,0.101002,1,-22.03869
material_0700060_position_3_sensor_2,Plastic_Rubber,1,0.090186,1,-22.270652
material_0700060_position_3_sensor_3,Plastic_Rubber,1,0.102998,1,-17.970488
material_0700060_position_4_sensor_1,Plastic_Rubber,1,0.087547,1,-18.824476
material_0700060_position_4_sensor_2,Plastic_Rubber,1,0.007153,-1,-69.474757
material_0700060_position_4_sensor_3,Plastic_Rubber,-1,-0.029467,-1,-74.244815
material_0700070_position_1_sensor_1,Plastic_Rubber,1,0.088873,1,-10.017645
material_0700070_position_1_sensor_2,Plastic_Rubber,1,0.116116,1,-10.53238
material_0700070_position_1_sensor_3,Plastic_Rubber,1,0.033572,-1,-246.131174
material_0700070_position_2_sensor_1,Plastic_Rubber,1,0.104192,1,-11.306785
material_0700070_position_2_sensor_2,Plastic_Rubber,1,0.00036,-1,-90.880106
material_0700070_position_2_sensor_3,Plastic_Rubber,1,0.117058,1,-15.330064
material_0700070_position_3_sensor_1,Plastic_Rubber,1,0.102592,1,-9.367498
material_0700070_position_3_sensor_2,Plastic_Rubber,1,0.123285,1,-9.125075
material_0700070_position_3_sensor_3,Plastic_Rubber,1,0.043334,1,-38.437586
material_0700070_position_4_sensor_1,Plastic_Rubber,-1,-0.025191,-1,-72.058772
material_0700070_position_4_sensor_2,Plastic_Rubber,1,0.110969,1,-10.153863
material_0700070_position_4_sensor_3,Plastic_Rubber,1,0.123936,1,-10.314004
material_0700070_position_5_sensor_1,Plastic_Rubber,1,0.08108,1,-21.498857
material_0700070_position_5_sensor_2,Plastic_Rubber,1,0.078453,1,-27.872915
material_0700070_position_5_sensor_3,Plastic_Rubber,1,0.05815,1,-33.532306
material_0700070_position_6_sensor_1,Plastic_Rubber,1,0.078721,1,-24.999705
material_0700070_position_6_sensor_2,Plastic_Rubber,1,0.058274,1,-31.125597
material_0700070_position_6_sensor_3,Plastic_Rubber,1,0.109197,1,-20.383397
material_0700070_position_7_sensor_1,Plastic_Rubber,1,0.090645,1,-18.978401
material_0700070_position_7_sensor_2,Plastic_Rubber,1,0.047786,1,-28.685348
material_0700070_position_7_sensor_3,Plastic_Rubber,1,0.100649,1,-18.730177
material_0700080_position_1_sensor_1,Plastic_Rubber,1,0.107912,1,-14.353374
material_0700080_position_1_sensor_2,Plastic_Rubber,1,0.09914,1,-18.809969
material_0700080_position_1_sensor_3,Plastic_Rubber,-1,-0.093379,-1,-114.043651
material_0700080_position_2_sensor_1,Plastic_Rubber,1,0.100042,1,-16.199291
material_0700080_position_2_sensor_2,Plastic_Rubber,1,0.093899,1,-20.773322
material_0700080_position_2_sensor_3,Plastic_Rubber,1,0.113682,1,-11.94256
material_0700080_position_3_sensor_1,Plastic_Rubber,-1,-0.038157,-1,-77.037739
material_0700080_position_3_sensor_2,Plastic_Rubber,1,0.059431,1,-25.47454
material_0700080_position_3_sensor_3,Plastic_Rubber,1,0.072649,1,-19.545997
material_0700080_position_4_sensor_1,Plastic_Rubber,-1,-0.05876,-1,-109.425955
material_0700080_position_4_sensor_2,Plastic_Rubber,1,0.10048,1,-19.964321
material_0700080_position_4_sensor_3,Plastic_Rubber,1,0.117129,1,-15.295952
material_0700080_position_5_sensor_1,Plastic_Rubber,1,0.044562,1,-32.995516
material_0700080_position_5_sensor_2,Plastic_Rubber,1,0.049716,-1,-39.590021
material_0700080_position_5_sensor_3,Plastic_Rubber,1,0.05628,1,-32.893969
material_0700090_position_1_sensor_1,Plastic_Rubber,1,0.109417,1,-9.862297
material_0700090_position_1_sensor_2,Plastic_Rubber,1,0.111829,1,-16.629363
material_0700090_position_1_sensor_3,Plastic_Rubber,1,0.113265,1,-15.779345
material_0700090_position_2_sensor_1,Plastic_Rubber,1,0.10735,1,-14.159439
material_0700090_position_2_sensor_2,Plastic_Rubber,-1,-0.02894,-1,-243.89276
material_0700090_position_2_sensor_3,Plastic_Rubber,1,0.088731,1,-27.257029
material_0700090_position_3_sensor_1,Plastic_Rubber,1,0.094685,1,-19.940621
material_0700090_position_3_sensor_2,Plastic_Rubber,1,0.075986,1,-26.408576
material_0700090_position_3_sensor_3,Plastic_Rubber,-1,-0.091045,-1,-232.187741
material_0700090_position_4_sensor_1,Plastic_Rubber,1,0.066977,1,-34.059374
material_0700090_position_4_sensor_2,Plastic_Rubber,1,0.026322,-1,-45.43994
material_0700090_position_4_sensor_3,Plastic_Rubber,1,0.090075,1,-24.734381
material_0700090_position_5_sensor_1,Plastic_Rubber,1,0.046405,1,-38.03147
material_0700090_position_5_sensor_2,Plastic_Rubber,1,0.009918,-1,-66.014897
material_0700090_position_5_sensor_3,Plastic_Rubber,1,0.07801,1,-25.453788
material_0700100_position_1_sensor_1,Plastic_Rubber,1,0.102699,1,-20.043814
material_0700100_position_1_sensor_2,Plastic_Rubber,-1,-0.038448,-1,-109.003767
material_0700100_position_1_sensor_3,Plastic_Rubber,1,0.122821,1,-8.789223
material_0700100_position_2_sensor_1,Plastic_Rubber,1,0.127282,1,-9.354889
material_0700100_position_2_sensor_2,Plastic_Rubber,1,0.050527,1,-37.297728
material_0700100_position_2_sensor_3,Plastic_Rubber,1,0.113761,1,-17.573163
material_0700100_position_3_sensor_1,Plastic_Rubber,1,0.120601,1,-9.101349
material_0700100_position_3_sensor_2,Plastic_Rubber,1,0.133487,1,-6.992466
material_0700100_position_3_sensor_3,Plastic_Rubber,1,0.13245,1,-8.058035
material_0700100_position_4_sensor_1,Plastic_Rubber,1,0.110075,1,-13.681624
material_0700100_position_4_sensor_2,Plastic_Rubber,1,0.107796,1,-16.97138
material_0700100_position_4_sensor_3,Plastic_Rubber,1,0.133011,1,-9.126584
material_0700100_position_5_sensor_1,Plastic_Rubber,1,0.083815,1,-24.603341
material_0700100_position_5_sensor_2,Plastic_Rubber,1,0.119761,1,-9.759496
material_0700100_position_5_sensor_3,Plastic_Rubber,1,0.136712,1,-9.228939
material_0700120_position_1_sensor_1,Plastic_Rubber,-1,-0.064808,-1,-118.888299
material_0700120_position_1_sensor_2,Plastic_Rubber,1,0.118365,1,-11.752665
material_0700120_position_1_sensor_3,Plastic_Rubber,1,0.118142,1,-16.298673
material_0700120_position_2_sensor_1,Plastic_Rubber,1,0.039293,-1,-56.403145
material_0700120_position_2_sensor_2,Plastic_Rubber,1,0.113664,1,-12.777051
material_0700120_position_2_sensor_3,Plastic_Rubber,1,0.089443,1,-19.572462
material_0700120_position_3_sensor_1,Plastic_Rubber,1,0.090735,1,-18.167125
material_0700120_position_3_sensor_2,Plastic_Rubber,1,0.110554,1,-11.140833
material_0700120_position_3_sensor_3,Plastic_Rubber,1,0.11544,1,-17.651093
material_0700120_position_4_sensor_1,Plastic_Rubber,1,0.143649,1,-8.183147
material_0700120_position_4_sensor_2,Plastic_Rubber,1,0.130972,1,-9.688372
material_0700120_position_4_sensor_3,Plastic_Rubber,1,0.109325,1,-15.118658
material_0700120_position_5_sensor_1,Plastic_Rubber,1,0.082723,1,-18.935694
material_0700120_position_5_sensor_2,Plastic_Rubber,1,0.121369,1,-8.837134
material_0700120_position_5_sensor_3,Plastic_Rubber,1,0.120968,1,-14.892106
material_0700140_position_1_sensor_1,Plastic_Rubber,1,0.069425,1,-17.31882
material_0700140_position_1_sensor_2,Plastic_Rubber,1,0.130936,1,-8.469543
material_0700140_position_1_sensor_3,Plastic_Rubber,1,0.105079,1,-15.640221
material_0700140_position_2_sensor_1,Plastic_Rubber,1,0.104314,1,-14.784146
material_0700140_position_2_sensor_2,Plastic_Rubber,1,0.129998,1,-9.807221
material_0700140_position_2_sensor_3,Plastic_Rubber,1,0.131302,1,-10.687623
material_0700140_position_3_sensor_1,Plastic_Rubber,1,0.099961,1,-20.108416
material_0700140_position_3_sensor_2,Plastic_Rubber,1,0.113595,1,-17.17107
material_0700140_position_3_sensor_3,Plastic_Rubber,1,0.107112,1,-18.14256
material_0700140_position_4_sensor_1,Plastic_Rubber,1,0.0966,1,-17.076383
material_0700140_position_4_sensor_2,Plastic_Rubber,1,0.12623,1,-12.970815
material_0700140_position_4_sensor_3,Plastic_Rubber,1,0.118622,1,-14.070226
material_0700140_position_5_sensor_1,Plastic_Rubber,1,0.116034,1,-12.24679
material_0700140_position_5_sensor_2,Plastic_Rubber,1,0.124236,1,-13.052705
material_0700140_position_5_sensor_3,Plastic_Rubber,1,0.131855,1,-11.793853
material_0700140_position_6_sensor_1,Plastic_Rubber,1,0.127199,1,-10.306986
material_0700140_position_6_sensor_2,Plastic_Rubber,1,0.11281,1,-15.021715
material_0700140_position_6_sensor_3,Plastic_Rubber,1,0.115876,1,-11.123866
material_0700160_position_1_sensor_1,Plastic_Rubber,1,0.057949,1,-27.97939
material_0700160_position_1_sensor_2,Plastic_Rubber,1,0.113747,1,-12.391219
material_0700160_position_1_sensor_3,Plastic_Rubber,1,0.129118,1,-11.144806
material_0700160_position_2_sensor_1,Plastic_Rubber,1,0.095783,1,-18.130853
material_0700160_position_2_sensor_2,Plastic_Rubber,1,0.124737,1,-10.700995
material_0700160_position_2_sensor_3,Plastic_Rubber,1,0.119503,1,-11.449299
material_0700160_position_3_sensor_1,Plastic_Rubber,1,0.101643,1,-17.139259
material_0700160_position_3_sensor_2,Plastic_Rubber,1,0.135249,1,-10.791263
material_0700160_position_3_sensor_3,Plastic_Rubber,1,0.13381,1,-9.0015
material_0700160_position_4_sensor_1,Plastic_Rubber,1,0.083512,1,-20.528967
material_0700160_position_4_sensor_2,Plastic_Rubber,1,0.107196,1,-10.275683
material_0700160_position_4_sensor_3,Plastic_Rubber,1,0.104591,1,-14.960357
material_0700170_position_1_sensor_1,Plastic_Rubber,1,0.125307,1,-7.05673
material_0700170_position_1_sensor_2,Plastic_Rubber,1,0.103089,1,-12.252804
material_0700170_position_1_sensor_3,Plastic_Rubber,1,0.117031,1,-13.780156
material_0700170_position_2_sensor_1,Plastic_Rubber,1,0.116386,1,-12.097701
material_0700170_position_2_sensor_2,Plastic_Rubber,1,0.129449,1,-10.058352
material_0700170_position_2_sensor_3,Plastic_Rubber,1,0.103374,1,-16.442287
material_0700170_position_3_sensor_1,Plastic_Rubber,1,0.141397,1,-9.314827
material_0700170_position_3_sensor_2,Plastic_Rubber,-1,-0.060353,-1,-77.65747
material_0700170_position_3_sensor_3,Plastic_Rubber,1,0.088946,1,-24.139827
material_0700170_position_4_sensor_1,Plastic_Rubber,1,0.119164,1,-9.754376
material_0700170_position_4_sensor_2,Plastic_Rubber,1,0.113148,1,-17.209118
material_0700170_position_4_sensor_3,Plastic_Rubber,1,0.124344,1,-13.235298
material_0700170_position_5_sensor_1,Plastic_Rubber,-1,-0.070136,-1,-108.555123
material_0700170_position_5_sensor_2,Plastic_Rubber,1,0.036363,-1,-40.65969
material_0700170_position_5_sensor_3,Plastic_Rubber,1,0.110568,1,-15.77359
material_0700180_position_1_sensor_1,Plastic_Rubber,1,0.04931,1,-22.394814
material_0700180_position_1_sensor_2,Plastic_Rubber,1,0.105749,1,-12.658928
material_0700180_position_1_sensor_3,Plastic_Rubber,1,0.113989,1,-13.940068
material_0700180_position_2_sensor_1,Plastic_Rubber,1,0.086989,1,-16.371677
material_0700180_position_2_sensor_2,Plastic_Rubber,1,0.117754,1,-10.44435
material_0700180_position_2_sensor_3,Plastic_Rubber,1,0.117189,1,-12.058397
material_0700180_position_3_sensor_1,Plastic_Rubber,1,0.096468,1,-12.051838
material_0700180_position_3_sensor_2,Plastic_Rubber,1,0.124074,1,-10.594017
material_0700180_position_3_sensor_3,Plastic_Rubber,1,0.10312,1,-12.878565
material_0700180_position_4_sensor_1,Plastic_Rubber,1,0.116363,1,-13.725819
material_0700180_position_4_sensor_2,Plastic_Rubber,1,0.106269,1,-12.01548
material_0700180_position_4_sensor_3,Plastic_Rubber,1,0.111911,1,-14.800438
material_070020_position_1_sensor_1,Unknown,1,0.134855,1,-8.526259
material_070020_position_1_sensor_2,Unknown,1,0.112132,1,-9.285386
material_070020_position_1_sensor_3,Unknown,1,0.105476,1,-15.286673
material_070020_position_2_sensor_1,Unknown,1,0.106493,1,-12.748487
material_070020_position_2_sensor_2,Unknown,1,0.094673,1,-23.275335
material_070020_position_2_sensor_3,Unknown,1,0.110576,1,-15.614052
material_070020_position_3_sensor_1,Unknown,1,0.133248,1,-7.648859
material_070020_position_3_sensor_2,Unknown,1,0.105327,1,-11.049678
material_070020_position_3_sensor_3,Unknown,1,0.117505,1,-16.298279
material_070020_position_4_sensor_1,Unknown,1,0.107023,1,-18.33949
material_070020_position_4_sensor_2,Unknown,1,0.100078,1,-12.206856
material_070020_position_4_sensor_3,Unknown,1,0.107268,1,-14.195847
material_070020_position_5_sensor_1,Unknown,1,0.119997,1,-12.370724
material_070020_position_5_sensor_2,Unknown,1,0.119704,1,-11.157525
material_070020_position_5_sensor_3,Unknown,1,0.105674,1,-15.142038
material_0700210_position_1_sensor_1,Plastic_Rubber,1,0.121304,1,-11.471775
material_0700210_position_1_sensor_2,Plastic_Rubber,1,0.105822,1,-11.309098
material_0700210_position_1_sensor_3,Plastic_Rubber,1,0.129172,1,-9.226494
material_0700210_position_2_sensor_1,Plastic_Rubber,1,0.076795,1,-25.628057
material_0700210_position_2_sensor_2,Plastic_Rubber,1,0.141978,1,-7.918405
material_0700210_position_2_sensor_3,Plastic_Rubber,1,0.111679,1,-13.737016
material_0700210_position_3_sensor_1,Plastic_Rubber,1,0.028413,1,-24.980542
material_0700210_position_3_sensor_2,Plastic_Rubber,1,0.086889,1,-19.352606
material_0700210_position_3_sensor_3,Plastic_Rubber,1,0.030774,-1,-46.987994
material_0700210_position_4_sensor_1,Plastic_Rubber,1,0.098323,1,-14.880872
material_0700210_position_4_sensor_2,Plastic_Rubber,1,0.072402,1,-27.497608
material_0700210_position_4_sensor_3,Plastic_Rubber,1,0.101366,1,-17.427296
material_0700210_position_5_sensor_1,Plastic_Rubber,1,0.1168,1,-8.912535
material_0700210_position_5_sensor_2,Plastic_Rubber,-1,-0.115577,-1,-259.327752
material_0700210_position_5_sensor_3,Plastic_Rubber,1,0.094779,1,-16.716259
material_0700220_position_1_sensor_1,Plastic_Rubber,1,0.047455,1,-26.013477
material_0700220_position_1_sensor_2,Plastic_Rubber,-1,-0.021035,-1,-102.870085
material_0700220_position_1_sensor_3,Plastic_Rubber,1,0.064546,1,-24.551051
material_0700220_position_2_sensor_1,Plastic_Rubber,1,0.057074,1,-24.436928
material_0700220_position_2_sensor_2,Plastic_Rubber,1,0.079115,1,-24.137666
material_0700220_position_2_sensor_3,Plastic_Rubber,1,0.084489,1,-24.725963
material_0700220_position_3_sensor_1,Plastic_Rubber,1,0.055827,1,-30.251437
material_0700220_position_3_sensor_2,Plastic_Rubber,1,0.080314,1,-21.61152
material_0700220_position_3_sensor_3,Plastic_Rubber,1,0.071658,1,-26.158902
material_0700220_position_4_sensor_1,Plastic_Rubber,1,0.088435,1,-19.267631
material_0700220_position_4_sensor_2,Plastic_Rubber,1,0.065539,1,-22.614436
material_0700220_position_4_sensor_3,Plastic_Rubber,-1,-0.045372,-1,-107.824709
material_0700220_position_5_sensor_1,Plastic_Rubber,1,0.078268,1,-22.956987
material_0700220_position_5_sensor_2,Plastic_Rubber,1,0.071195,1,-22.004927
material_0700220_position_5_sensor_3,Plastic_Rubber,-1,-0.027102,-1,-84.678971
material_0700270_position_1_sensor_1,Plastic_Rubber,1,0.074803,1,-26.885503
material_0700270_position_1_sensor_2,Plastic_Rubber,1,0.094133,1,-18.617934
material_0700270_position_1_sensor_3,Plastic_Rubber,1,0.106208,1,-16.337359
material_0700270_position_2_sensor_1,Plastic_Rubber,1,0.076082,1,-15.659845
material_0700270_position_2_sensor_2,Plastic_Rubber,1,0.107741,1,-14.667147
material_0700270_position_2_sensor_3,Plastic_Rubber,1,0.119467,1,-14.337634
material_0700270_position_3_sensor_1,Plastic_Rubber,1,0.10956,1,-13.136446
material_0700270_position_3_sensor_2,Plastic_Rubber,1,0.116114,1,-14.407585
material_0700270_position_3_sensor_3,Plastic_Rubber,1,0.105182,1,-15.142027
material_0700270_position_4_sensor_1,Plastic_Rubber,1,0.115328,1,-13.139969
material_0700270_position_4_sensor_2,Plastic_Rubber,1,0.103011,1,-16.717093
material_0700270_position_4_sensor_3,Plastic_Rubber,1,0.116719,1,-16.159186
material_0700270_position_5_sensor_1,Plastic_Rubber,1,0.093029,1,-21.67032
material_0700270_position_5_sensor_2,Plastic_Rubber,1,0.118639,1,-13.734653
material_0700270_position_5_sensor_3,Plastic_Rubber,1,0.113841,1,-18.804616
material_0700270_position_6_sensor_1,Plastic_Rubber,1,0.099441,1,-20.534874
material_0700270_position_6_sensor_2,Plastic_Rubber,1,0.094017,1,-17.65804
material_0700270_position_6_sensor_3,Plastic_Rubber,1,0.116726,1,-15.160273
material_0700290_position_1_sensor_1,Plastic_Rubber,1,0.08691,1,-17.045174
material_0700290_position_1_sensor_2,Plastic_Rubber,1,0.11282,1,-12.624585
material_0700290_position_1_sensor_3,Plastic_Rubber,1,0.13319,1,-9.462759
material_0700290_position_2_sensor_1,Plastic_Rubber,1,0.053683,1,-37.026791
material_0700290_position_2_sensor_2,Plastic_Rubber,1,0.114205,1,-12.236756
material_0700290_position_2_sensor_3,Plastic_Rubber,1,0.11468,1,-19.218756
material_0700290_position_3_sensor_1,Plastic_Rubber,1,0.100156,1,-24.447567
material_0700290_position_3_sensor_2,Plastic_Rubber,1,0.131075,1,-10.663331
material_0700290_position_3_sensor_3,Plastic_Rubber,1,0.094702,1,-21.899495
material_0700290_position_4_sensor_1,Plastic_Rubber,1,0.133345,1,-11.132182
material_0700290_position_4_sensor_2,Plastic_Rubber,1,0.131551,1,-10.537811
material_0700290_position_4_sensor_3,Plastic_Rubber,1,0.105345,1,-12.939586
material_0700290_position_5_sensor_1,Plastic_Rubber,1,0.12131,1,-12.053167
material_0700290_position_5_sensor_2,Plastic_Rubber,1,0.075441,1,-21.723877
material_0700290_position_5_sensor_3,Plastic_Rubber,-1,-0.055431,-1,-115.253459
material_0700300_position_1_sensor_1,Plastic_Rubber,1,0.130828,1,-10.611164
material_0700300_position_1_sensor_2,Plastic_Rubber,1,0.110408,1,-13.277721
material_0700300_position_1_sensor_3,Plastic_Rubber,1,0.127327,1,-8.752268
material_0700300_position_2_sensor_1,Plastic_Rubber,1,0.111556,1,-21.195159
material_0700300_position_2_sensor_2,Plastic_Rubber,1,0.122379,1,-8.910213
material_0700300_position_2_sensor_3,Plastic_Rubber,1,0.125985,1,-9.794655
material_0700300_position_3_sensor_1,Plastic_Rubber,1,0.112984,1,-18.694381
material_0700300_position_3_sensor_2,Plastic_Rubber,1,0.07753,1,-17.513852
material_0700300_position_3_sensor_3,Plastic_Rubber,1,0.116049,1,-12.194328
material_0700300_position_4_sensor_1,Plastic_Rubber,1,0.102103,1,-15.20208
material_0700300_position_4_sensor_2,Plastic_Rubber,1,0.080712,1,-18.724603
material_0700300_position_4_sensor_3,Plastic_Rubber,1,0.122315,1,-10.339118
material_0700300_position_5_sensor_1,Plastic_Rubber,1,0.13406,1,-10.192515
material_0700300_position_5_sensor_2,Plastic_Rubber,1,0.042204,-1,-42.194502
material_0700300_position_5_sensor_3,Plastic_Rubber,1,0.130182,1,-8.285786
material_0700320_position_1_sensor_1,Plastic_Rubber,1,0.094956,1,-8.847453
material_0700320_position_1_sensor_2,Plastic_Rubber,1,0.084007,1,-22.423644
material_0700320_position_1_sensor_3,Plastic_Rubber,1,0.151758,1,-5.892973
material_0700320_position_2_sensor_1,Plastic_Rubber,1,0.100877,1,-15.04217
material_0700320_position_2_sensor_2,Plastic_Rubber,1,0.114152,1,-11.894312
material_0700320_position_2_sensor_3,Plastic_Rubber,1,0.117897,1,-9.576636
material_0700320_position_3_sensor_1,Plastic_Rubber,1,0.136568,1,-7.332843
material_0700320_position_3_sensor_2,Plastic_Rubber,1,0.016246,-1,-103.670708
material_0700320_position_3_sensor_3,Plastic_Rubber,1,0.136532,1,-6.39343
material_0700320_position_4_sensor_1,Plastic_Rubber,1,0.094363,1,-16.294061
material_0700320_position_4_sensor_2,Plastic_Rubber,1,0.107514,1,-13.656851
material_0700320_position_4_sensor_3,Plastic_Rubber,1,0.030457,-1,-42.805203
material_0700320_position_5_sensor_1,Plastic_Rubber,1,0.104012,1,-14.726365
material_0700320_position_5_sensor_2,Plastic_Rubber,1,0.09025,1,-15.513083
material_0700320_position_5_sensor_3,Plastic_Rubber,1,0.111648,1,-12.388325
material_0700330_position_1_sensor_1,Plastic_Rubber,1,0.118114,1,-8.989031
material_0700330_position_1_sensor_2,Plastic_Rubber,1,0.117852,1,-19.287521
material_0700330_position_1_sensor_3,Plastic_Rubber,1,0.012584,-1,-61.381153
material_0700330_position_2_sensor_1,Plastic_Rubber,-1,-0.045671,-1,-88.645137
material_0700330_position_2_sensor_2,Plastic_Rubber,1,0.107177,1,-13.993041
material_0700330_position_2_sensor_3,Plastic_Rubber,1,0.092284,1,-19.015124
material_0700330_position_3_sensor_1,Plastic_Rubber,1,0.134754,1,-10.13564
material_0700330_position_3_sensor_2,Plastic_Rubber,1,0.103835,1,-15.734408
material_0700330_position_3_sensor_3,Plastic_Rubber,-1,-0.114948,-1,-158.159904
material_0700330_position_4_sensor_1,Plastic_Rubber,1,0.133576,1,-9.536649
material_0700330_position_4_sensor_2,Plastic_Rubber,1,0.122309,1,-10.486303
material_0700330_position_4_sensor_3,Plastic_Rubber,1,0.092684,1,-21.279795
material_0700330_position_5_sensor_1,Plastic_Rubber,1,0.115925,1,-12.516109
material_0700330_position_5_sensor_2,Plastic_Rubber,1,0.096954,1,-13.998205
material_0700330_position_5_sensor_3,Plastic_Rubber,1,0.101131,1,-17.370469
material_0700340_position_1_sensor_1,Plastic_Rubber,1,0.13189,1,-7.587544
material_0700340_position_1_sensor_2,Plastic_Rubber,1,0.136507,1,-6.85245
material_0700340_position_1_sensor_3,Plastic_Rubber,1,0.131763,1,-9.105411
material_0700340_position_2_sensor_1,Plastic_Rubber,1,0.074591,1,-14.385283
material_0700340_position_2_sensor_2,Plastic_Rubber,1,0.132676,1,-6.10534
material_0700340_position_2_sensor_3,Plastic_Rubber,1,0.121027,1,-13.520472
material_0700340_position_3_sensor_1,Plastic_Rubber,1,0.123182,1,-9.849485
material_0700340_position_3_sensor_2,Plastic_Rubber,1,0.115144,1,-10.539945
material_0700340_position_3_sensor_3,Plastic_Rubber,1,0.118488,1,-13.627222
material_0700340_position_4_sensor_1,Plastic_Rubber,1,0.114805,1,-9.353765
material_0700340_position_4_sensor_2,Plastic_Rubber,1,0.135582,1,-7.56556
material_0700340_position_4_sensor_3,Plastic_Rubber,1,0.111332,1,-19.454939
material_0700340_position_5_sensor_1,Plastic_Rubber,1,0.121377,1,-6.98513
material_0700340_position_5_sensor_2,Plastic_Rubber,1,0.11846,1,-9.253417
material_0700340_position_5_sensor_3,Plastic_Rubber,1,0.10871,1,-14.133367
material_0700340_position_6_sensor_1,Plastic_Rubber,-1,-0.038125,-1,-78.822779
material_0700340_position_6_sensor_2,Plastic_Rubber,1,0.122903,1,-9.474634
material_0700340_position_6_sensor_3,Plastic_Rubber,1,0.093174,1,-28.7161
material_0700470_position_1_sensor_1,Plastic_Rubber,1,0.065339,1,-16.635549
material_0700470_position_1_sensor_2,Plastic_Rubber,1,0.092489,1,-19.884275
material_0700470_position_1_sensor_3,Plastic_Rubber,1,0.099754,1,-17.334882
material_0700470_position_2_sensor_1,Plastic_Rubber,1,0.077363,1,-26.407804
material_0700470_position_2_sensor_2,Plastic_Rubber,1,0.066769,-1,-40.682746
material_0700470_position_2_sensor_3,Plastic_Rubber,1,0.090147,1,-25.881951
material_0700470_position_3_sensor_1,Plastic_Rubber,1,0.112408,1,-17.119214
material_0700470_position_3_sensor_2,Plastic_Rubber,1,0.069736,-1,-59.057137
material_0700470_position_3_sensor_3,Plastic_Rubber,1,0.068922,-1,-42.437837
material_0700470_position_4_sensor_1,Plastic_Rubber,1,0.118548,1,-13.979136
material_0700470_position_4_sensor_2,Plastic_Rubber,1,0.112322,1,-15.278966
material_0700470_position_4_sensor_3,Plastic_Rubber,1,0.103341,1,-15.700798
material_0700470_position_5_sensor_1,Plastic_Rubber,1,0.120277,1,-15.657983
material_0700470_position_5_sensor_2,Plastic_Rubber,1,0.102559,1,-16.073094
material_0700470_position_5_sensor_3,Plastic_Rubber,1,0.117096,1,-15.781757
material_0700470_position_6_sensor_1,Plastic_Rubber,1,0.126324,1,-13.501884
material_0700470_position_6_sensor_2,Plastic_Rubber,1,0.106477,1,-17.313318
material_0700470_position_6_sensor_3,Plastic_Rubber,1,0.098362,1,-16.143616
material_0700490_position_1_sensor_1,Plastic_Rubber,1,0.116273,1,-9.799637
material_0700490_position_1_sensor_2,Plastic_Rubber,1,0.134131,1,-7.703849
material_0700490_position_1_sensor_3,Plastic_Rubber,1,0.12698,1,-9.997954
material_0700490_position_2_sensor_1,Plastic_Rubber,1,0.119914,1,-8.013802
material_0700490_position_2_sensor_2,Plastic_Rubber,1,0.12126,1,-8.194083
material_0700490_position_2_sensor_3,Plastic_Rubber,1,0.133501,1,-13.238709
material_0700490_position_3_sensor_1,Plastic_Rubber,1,0.113951,1,-10.607188
material_0700490_position_3_sensor_2,Plastic_Rubber,1,0.101378,1,-21.992899
material_0700490_position_3_sensor_3,Plastic_Rubber,1,0.140169,1,-10.757504
material_0700490_position_4_sensor_1,Plastic_Rubber,1,0.139024,1,-9.369676
material_0700490_position_4_sensor_2,Plastic_Rubber,1,0.133901,1,-7.244412
material_0700490_position_4_sensor_3,Plastic_Rubber,1,0.116608,1,-13.391912
material_0700490_position_5_sensor_1,Plastic_Rubber,1,0.130421,1,-7.52399
material_0700490_position_5_sensor_2,Plastic_Rubber,1,0.127969,1,-8.528902
material_0700490_position_5_sensor_3,Plastic_Rubber,1,0.130359,1,-10.240652
material_0700500_position_1_sensor_1,Plastic_Rubber,1,0.091516,1,-11.955697
material_0700500_position_1_sensor_2,Plastic_Rubber,1,0.121095,1,-8.761114
material_0700500_position_1_sensor_3,Plastic_Rubber,1,0.007372,-1,-77.598518
material_0700500_position_2_sensor_1,Plastic_Rubber,1,0.12113,1,-10.256006
material_0700500_position_2_sensor_2,Plastic_Rubber,1,0.077387,1,-31.198232
material_0700500_position_2_sensor_3,Plastic_Rubber,1,0.036537,-1,-75.803303
material_0700500_position_3_sensor_1,Plastic_Rubber,1,0.129039,1,-10.92419
material_0700500_position_3_sensor_2,Plastic_Rubber,1,0.111239,1,-19.137093
material_0700500_position_3_sensor_3,Plastic_Rubber,1,0.12217,1,-11.474809
material_0700500_position_4_sensor_1,Plastic_Rubber,1,0.089303,1,-18.689569
material_0700500_position_4_sensor_2,Plastic_Rubber,1,0.075547,1,-26.759361
material_0700500_position_4_sensor_3,Plastic_Rubber,1,0.106674,1,-17.859671
material_0700500_position_5_sensor_1,Plastic_Rubber,1,0.110801,1,-11.703474
material_0700500_position_5_sensor_2,Plastic_Rubber,1,0.126224,1,-9.737503
material_0700500_position_5_sensor_3,Plastic_Rubber,1,0.126351,1,-11.622315
material_0700510_position_1_sensor_1,Plastic_Rubber,1,0.098978,1,-19.028204
material_0700510_position_1_sensor_2,Plastic_Rubber,1,0.091812,1,-17.433321
material_0700510_position_1_sensor_3,Plastic_Rubber,1,0.106597,1,-13.665234
material_0700510_position_2_sensor_1,Plastic_Rubber,1,0.098863,1,-18.463092
material_0700510_position_2_sensor_2,Plastic_Rubber,1,0.082075,1,-20.436856
material_0700510_position_2_sensor_3,Plastic_Rubber,1,0.097,1,-19.872983
material_0700510_position_3_sensor_1,Plastic_Rubber,1,0.117751,1,-15.587651
material_0700510_position_3_sensor_2,Plastic_Rubber,1,0.095667,1,-18.276007
material_0700510_position_3_sensor_3,Plastic_Rubber,1,0.106326,1,-18.050676
material_0700510_position_4_sensor_1,Plastic_Rubber,1,0.123679,1,-14.257724
material_0700510_position_4_sensor_2,Plastic_Rubber,1,0.102386,1,-16.86877
material_0700510_position_4_sensor_3,Plastic_Rubber,1,0.116084,1,-11.336093
material_0700510_position_5_sensor_1,Plastic_Rubber,1,0.111473,1,-16.797569
material_0700510_position_5_sensor_2,Plastic_Rubber,1,0.095088,1,-16.722919
material_0700510_position_5_sensor_3,Plastic_Rubber,1,0.059948,1,-36.260962
material_0700520_position_1_sensor_1,Plastic_Rubber,1,0.09715,1,-19.929709
material_0700520_position_1_sensor_2,Plastic_Rubber,-1,-0.022669,-1,-74.693103
material_0700520_position_1_sensor_3,Plastic_Rubber,-1,-0.015639,-1,-66.780036
material_0700520_position_2_sensor_1,Plastic_Rubber,1,0.094868,1,-15.79915
material_0700520_position_2_sensor_2,Plastic_Rubber,1,0.11808,1,-15.331108
material_0700520_position_2_sensor_3,Plastic_Rubber,-1,-0.080143,-1,-191.038476
material_0700520_position_3_sensor_1,Plastic_Rubber,1,0.088091,1,-20.617605
material_0700520_position_3_sensor_2,Plastic_Rubber,1,0.067239,1,-31.979397
material_0700520_position_3_sensor_3,Plastic_Rubber,1,0.112014,1,-14.629755
material_0700520_position_4_sensor_1,Plastic_Rubber,1,0.09571,1,-31.105573
material_0700520_position_4_sensor_2,Plastic_Rubber,1,0.094959,1,-21.262555
material_0700520_position_4_sensor_3,Plastic_Rubber,1,0.093574,1,-15.698103
material_0700520_position_5_sensor_1,Plastic_Rubber,1,0.121558,1,-8.315299
material_0700520_position_5_sensor_2,Plastic_Rubber,1,0.122924,1,-12.77261
material_0700520_position_5_sensor_3,Plastic_Rubber,1,0.086788,1,-16.897895
material_0700520_position_6_sensor_1,Plastic_Rubber,1,0.107895,1,-18.567099
material_0700520_position_6_sensor_2,Plastic_Rubber,1,0.080391,1,-21.534548
material_0700520_position_6_sensor_3,Plastic_Rubber,1,0.1028,1,-15.423271
material_0700600_position_1_sensor_1,Wood_Bamboo_Cork,1,0.075864,1,-15.053749
material_0700600_position_1_sensor_2,Wood_Bamboo_Cork,1,0.112971,1,-17.956905
material_0700600_position_1_sensor_3,Wood_Bamboo_Cork,1,0.138515,1,-7.017378
material_0700600_position_2_sensor_1,Wood_Bamboo_Cork,-1,-0.030793,-1,-90.718384
material_0700600_position_2_sensor_2,Wood_Bamboo_Cork,1,0.116551,1,-9.5226
material_0700600_position_2_sensor_3,Wood_Bamboo_Cork,1,0.127313,1,-10.26489
material_0700600_position_3_sensor_1,Wood_Bamboo_Cork,1,0.117949,1,-11.985691
material_0700600_position_3_sensor_2,Wood_Bamboo_Cork,1,0.127956,1,-8.68029
material_0700600_position_3_sensor_3,Wood_Bamboo_Cork,1,0.127676,1,-10.226998
material_0700600_position_4_sensor_1,Wood_Bamboo_Cork,1,0.11331,1,-11.996563
material_0700600_position_4_sensor_2,Wood_Bamboo_Cork,1,0.135106,1,-7.32268
material_0700600_position_4_sensor_3,Wood_Bamboo_Cork,1,0.127093,1,-9.068194
material_0700600_position_5_sensor_1,Wood_Bamboo_Cork,1,0.098991,1,-13.538828
material_0700600_position_5_sensor_2,Wood_Bamboo_Cork,1,0.115024,1,-18.048031
material_0700600_position_5_sensor_3,Wood_Bamboo_Cork,1,0.122142,1,-9.753919
material_0700610_position_1_sensor_1,Wood_Bamboo_Cork,1,0.116404,1,-14.563139
material_0700610_position_1_sensor_2,Wood_Bamboo_Cork,1,0.12741,1,-7.723942
material_0700610_position_1_sensor_3,Wood_Bamboo_Cork,1,0.112017,1,-9.708868
material_0700610_position_2_sensor_1,Wood_Bamboo_Cork,1,0.136274,1,-5.264748
material_0700610_position_2_sensor_2,Wood_Bamboo_Cork,1,0.130082,1,-8.777439
material_0700610_position_2_sensor_3,Wood_Bamboo_Cork,1,0.120913,1,-10.959402
material_0700610_position_3_sensor_1,Wood_Bamboo_Cork,1,0.123714,1,-8.971552
material_0700610_position_3_sensor_2,Wood_Bamboo_Cork,1,0.019022,-1,-61.75609
material_0700610_position_3_sensor_3,Wood_Bamboo_Cork,1,0.131943,1,-8.33175
material_0700610_position_4_sensor_1,Wood_Bamboo_Cork,1,0.112172,1,-12.636331
material_0700610_position_4_sensor_2,Wood_Bamboo_Cork,1,0.124755,1,-9.590236
material_0700610_position_4_sensor_3,Wood_Bamboo_Cork,1,0.129712,1,-10.301965
material_0700610_position_5_sensor_1,Wood_Bamboo_Cork,1,0.108402,1,-13.934201
material_0700610_position_5_sensor_2,Wood_Bamboo_Cork,1,0.142938,1,-6.765964
material_0700610_position_5_sensor_3,Wood_Bamboo_Cork,1,0.110951,1,-18.181756
material_0700640_position_1_sensor_1,Wood_Bamboo_Cork,1,0.066591,1,-19.427423
material_0700640_position_1_sensor_2,Wood_Bamboo_Cork,1,0.130297,1,-10.681648
material_0700640_position_1_sensor_3,Wood_Bamboo_Cork,1,0.135423,1,-8.573847
material_0700640_position_2_sensor_1,Wood_Bamboo_Cork,1,0.044902,1,-31.087819
material_0700640_position_2_sensor_2,Wood_Bamboo_Cork,1,0.138454,1,-8.622669
material_0700640_position_2_sensor_3,Wood_Bamboo_Cork,1,0.120779,1,-9.946804
material_0700640_position_3_sensor_1,Wood_Bamboo_Cork,1,0.135836,1,-9.186203
material_0700640_position_3_sensor_2,Wood_Bamboo_Cork,1,0.127044,1,-10.237899
material_0700640_position_3_sensor_3,Wood_Bamboo_Cork,1,0.060301,1,-17.212807
material_0700640_position_4_sensor_1,Wood_Bamboo_Cork,1,0.098744,1,-16.568785
material_0700640_position_4_sensor_2,Wood_Bamboo_Cork,1,0.026869,-1,-134.278825
material_0700640_position_4_sensor_3,Wood_Bamboo_Cork,1,0.135911,1,-7.960233
material_0700640_position_5_sensor_1,Wood_Bamboo_Cork,1,0.135361,1,-9.008952
material_0700640_position_5_sensor_2,Wood_Bamboo_Cork,1,0.119696,1,-13.560749
material_0700640_position_5_sensor_3,Wood_Bamboo_Cork,1,0.121452,1,-8.825809
material_0700650_position_1_sensor_1,Wood_Bamboo_Cork,1,0.073156,1,-20.588672
material_0700650_position_1_sensor_2,Wood_Bamboo_Cork,1,0.128144,1,-7.410847
material_0700650_position_1_sensor_3,Wood_Bamboo_Cork,1,0.095724,1,-14.635168
material_0700650_position_2_sensor_1,Wood_Bamboo_Cork,1,0.131092,1,-9.8344
material_0700650_position_2_sensor_2,Wood_Bamboo_Cork,1,0.138791,1,-6.045873
material_0700650_position_2_sensor_3,Wood_Bamboo_Cork,1,0.118689,1,-10.288704
material_0700650_position_3_sensor_1,Wood_Bamboo_Cork,1,0.104961,1,-19.002827
material_0700650_position_3_sensor_2,Wood_Bamboo_Cork,1,0.129622,1,-7.541774
material_0700650_position_3_sensor_3,Wood_Bamboo_Cork,1,0.120501,1,-10.976702
material_0700650_position_4_sensor_1,Wood_Bamboo_Cork,1,0.114117,1,-9.744347
material_0700650_position_4_sensor_2,Wood_Bamboo_Cork,1,0.135123,1,-8.190949
material_0700650_position_4_sensor_3,Wood_Bamboo_Cork,1,0.12486,1,-10.661316
material_0700660_position_1_sensor_1,Wood_Bamboo_Cork,1,0.082433,1,-14.87642
material_0700660_position_1_sensor_2,Wood_Bamboo_Cork,1,0.135536,1,-7.566294
material_0700660_position_1_sensor_3,Wood_Bamboo_Cork,1,0.12071,1,-15.046745
material_0700660_position_2_sensor_1,Wood_Bamboo_Cork,1,0.095986,1,-16.142742
material_0700660_position_2_sensor_2,Wood_Bamboo_Cork,1,0.133635,1,-11.661958
material_0700660_position_2_sensor_3,Wood_Bamboo_Cork,1,0.016586,-1,-64.278739
material_0700660_position_3_sensor_1,Wood_Bamboo_Cork,1,0.091301,1,-24.408002
material_0700660_position_3_sensor_2,Wood_Bamboo_Cork,1,0.117599,1,-14.85155
material_0700660_position_3_sensor_3,Wood_Bamboo_Cork,1,0.117686,1,-16.694437
material_0700660_position_4_sensor_1,Wood_Bamboo_Cork,1,0.095374,1,-24.405993
material_0700660_position_4_sensor_2,Wood_Bamboo_Cork,1,0.120142,1,-14.244038
material_0700660_position_4_sensor_3,Wood_Bamboo_Cork,1,0.129681,1,-16.20301
material_0700660_position_5_sensor_1,Wood_Bamboo_Cork,1,0.10088,1,-14.112666
material_0700660_position_5_sensor_2,Wood_Bamboo_Cork,1,0.125485,1,-10.585578
material_0700660_position_5_sensor_3,Wood_Bamboo_Cork,1,0.101609,1,-14.233322
material_0700680_position_1_sensor_1,Wood_Bamboo_Cork,1,0.068941,1,-17.262444
material_0700680_position_1_sensor_2,Wood_Bamboo_Cork,1,0.136975,1,-5.891329
material_0700680_position_1_sensor_3,Wood_Bamboo_Cork,1,0.100739,1,-13.265712
material_0700680_position_2_sensor_1,Wood_Bamboo_Cork,1,0.106095,1,-15.471806
material_0700680_position_2_sensor_2,Wood_Bamboo_Cork,1,0.132041,1,-6.611674
material_0700680_position_2_sensor_3,Wood_Bamboo_Cork,1,0.125901,1,-10.290812
material_0700680_position_3_sensor_1,Wood_Bamboo_Cork,1,0.086705,1,-24.382715
material_0700680_position_3_sensor_2,Wood_Bamboo_Cork,1,0.097602,1,-15.054633
material_0700680_position_3_sensor_3,Wood_Bamboo_Cork,1,0.104266,1,-16.700731
material_0700680_position_4_sensor_1,Wood_Bamboo_Cork,1,0.085028,1,-28.76228
material_0700680_position_4_sensor_2,Wood_Bamboo_Cork,1,0.116178,1,-19.938117
material_0700680_position_4_sensor_3,Wood_Bamboo_Cork,1,0.114408,1,-14.078611
material_0700680_position_5_sensor_1,Wood_Bamboo_Cork,1,0.106284,1,-14.629209
material_0700680_position_5_sensor_2,Wood_Bamboo_Cork,1,0.130022,1,-10.622676
material_0700680_position_5_sensor_3,Wood_Bamboo_Cork,1,0.118582,1,-11.78737
material_0700680_position_6_sensor_1,Wood_Bamboo_Cork,1,0.068768,1,-17.652232
material_0700680_position_6_sensor_2,Wood_Bamboo_Cork,-1,-0.101961,-1,-239.329351
material_0700680_position_6_sensor_3,Wood_Bamboo_Cork,1,0.106197,1,-13.253159
material_0700690_position_1_sensor_1,Paper_Cardboard,1,0.118981,1,-10.492956
material_0700690_position_1_sensor_2,Paper_Cardboard,1,0.12476,1,-8.399609
material_0700690_position_1_sensor_3,Paper_Cardboard,1,0.087443,1,-26.146992
material_0700690_position_2_sensor_1,Paper_Cardboard,1,0.111843,1,-13.909913
material_0700690_position_2_sensor_2,Paper_Cardboard,1,0.118122,1,-13.582279
material_0700690_position_2_sensor_3,Paper_Cardboard,1,0.122879,1,-11.855168
material_0700690_position_3_sensor_1,Paper_Cardboard,1,0.121727,1,-10.780038
material_0700690_position_3_sensor_2,Paper_Cardboard,-1,-0.059325,-1,-115.946875
material_0700690_position_3_sensor_3,Paper_Cardboard,1,0.138852,1,-9.039488
material_0700690_position_4_sensor_1,Paper_Cardboard,1,0.119517,1,-10.288791
material_0700690_position_4_sensor_2,Paper_Cardboard,1,0.119392,1,-18.152726
material_0700690_position_4_sensor_3,Paper_Cardboard,1,0.131862,1,-8.386394
material_0700700_position_1_sensor_1,Paper_Cardboard,-1,-0.042834,-1,-123.541213
material_0700700_position_1_sensor_2,Paper_Cardboard,1,0.010551,-1,-77.206824
material_0700700_position_1_sensor_3,Paper_Cardboard,1,0.083948,1,-19.410649
material_0700700_position_2_sensor_1,Paper_Cardboard,1,0.065394,1,-19.69908
material_0700700_position_2_sensor_2,Paper_Cardboard,1,0.121445,1,-11.372276
material_0700700_position_2_sensor_3,Paper_Cardboard,1,0.070921,1,-18.0668
material_0700700_position_3_sensor_1,Paper_Cardboard,1,0.093391,1,-17.802157
material_0700700_position_3_sensor_2,Paper_Cardboard,1,0.077703,1,-32.347865
material_0700700_position_3_sensor_3,Paper_Cardboard,1,0.077486,1,-20.109256
material_0700700_position_4_sensor_1,Paper_Cardboard,1,0.119062,1,-11.128973
material_0700700_position_4_sensor_2,Paper_Cardboard,-1,-0.057202,-1,-114.110166
material_0700700_position_4_sensor_3,Paper_Cardboard,1,0.106574,1,-15.57685
material_0700700_position_5_sensor_1,Paper_Cardboard,1,0.108336,1,-16.028675
material_0700700_position_5_sensor_2,Paper_Cardboard,1,0.10811,1,-14.233054
material_0700700_position_5_sensor_3,Paper_Cardboard,1,0.097514,1,-18.190345
material_0700700_position_6_sensor_1,Paper_Cardboard,1,0.107386,1,-20.474163
material_0700700_position_6_sensor_2,Paper_Cardboard,1,0.0787,1,-22.552411
material_0700700_position_6_sensor_3,Paper_Cardboard,1,0.112292,1,-14.041047
material_0700720_position_1_sensor_1,Paper_Cardboard,1,0.120541,1,-8.937032
material_0700720_position_1_sensor_2,Paper_Cardboard,1,0.136046,1,-8.925286
material_0700720_position_1_sensor_3,Paper_Cardboard,1,0.11668,1,-10.571106
material_0700720_position_2_sensor_1,Paper_Cardboard,1,0.134542,1,-9.075154
material_0700720_position_2_sensor_2,Paper_Cardboard,1,0.121279,1,-8.213907
material_0700720_position_2_sensor_3,Paper_Cardboard,1,0.093587,1,-14.121492
material_0700720_position_3_sensor_1,Paper_Cardboard,-1,-0.053184,-1,-104.168525
material_0700720_position_3_sensor_2,Paper_Cardboard,1,0.068698,1,-15.757738
material_0700720_position_3_sensor_3,Paper_Cardboard,1,0.139031,1,-8.200876
material_0700720_position_4_sensor_1,Paper_Cardboard,1,0.05744,1,-21.762151
material_0700720_position_4_sensor_2,Paper_Cardboard,1,0.124471,1,-9.63512
material_0700720_position_4_sensor_3,Paper_Cardboard,1,0.12355,1,-9.193841
material_0700730_position_1_sensor_1,Paper_Cardboard,1,0.089682,1,-25.469533
material_0700730_position_1_sensor_2,Paper_Cardboard,1,0.127179,1,-8.604736
material_0700730_position_1_sensor_3,Paper_Cardboard,1,0.127315,1,-9.464412
material_0700730_position_2_sensor_1,Paper_Cardboard,1,0.099667,1,-18.530035
material_0700730_position_2_sensor_2,Paper_Cardboard,1,0.119018,1,-9.819552
material_0700730_position_2_sensor_3,Paper_Cardboard,1,0.117796,1,-12.646108
material_0700730_position_3_sensor_1,Paper_Cardboard,1,0.081388,1,-26.912122
material_0700730_position_3_sensor_2,Paper_Cardboard,1,0.126722,1,-9.968563
material_0700730_position_3_sensor_3,Paper_Cardboard,1,0.116403,1,-12.516508
material_0700730_position_4_sensor_1,Paper_Cardboard,1,0.092983,1,-18.421423
material_0700730_position_4_sensor_2,Paper_Cardboard,1,0.116452,1,-11.498691
material_0700730_position_4_sensor_3,Paper_Cardboard,1,0.088021,1,-18.133925
material_0700750_position_1_sensor_1,Paper_Cardboard,1,0.062973,1,-19.820268
material_0700750_position_1_sensor_2,Paper_Cardboard,1,0.114268,1,-8.093285
material_0700750_position_1_sensor_3,Paper_Cardboard,1,0.121063,1,-10.388331
material_0700750_position_2_sensor_1,Paper_Cardboard,1,0.107867,1,-11.045023
material_0700750_position_2_sensor_2,Paper_Cardboard,1,0.088775,1,-18.979032
material_0700750_position_2_sensor_3,Paper_Cardboard,1,0.098816,1,-14.974477
material_0700750_position_3_sensor_1,Paper_Cardboard,1,0.103048,1,-12.665134
material_0700750_position_3_sensor_2,Paper_Cardboard,1,0.118533,1,-9.248986
material_0700750_position_3_sensor_3,Paper_Cardboard,1,0.128142,1,-7.197466
material_0700750_position_4_sensor_1,Paper_Cardboard,1,0.121209,1,-11.354687
material_0700750_position_4_sensor_2,Paper_Cardboard,-1,-0.127038,-1,-431.869934
material_0700750_position_4_sensor_3,Paper_Cardboard,1,0.118177,1,-10.932761
material_0700770_position_1_sensor_1,Paper_Cardboard,1,0.11895,1,-11.858108
material_0700770_position_1_sensor_2,Paper_Cardboard,1,0.135282,1,-6.911042
material_0700770_position_1_sensor_3,Paper_Cardboard,1,0.109752,1,-10.82918
material_0700770_position_2_sensor_1,Paper_Cardboard,1,0.116886,1,-12.047417
material_0700770_position_2_sensor_2,Paper_Cardboard,1,0.115986,1,-13.645697
material_0700770_position_2_sensor_3,Paper_Cardboard,1,0.104464,1,-14.874558
material_0700770_position_3_sensor_1,Paper_Cardboard,1,0.125077,1,-7.066656
material_0700770_position_3_sensor_2,Paper_Cardboard,1,0.122204,1,-23.104236
material_0700770_position_3_sensor_3,Paper_Cardboard,-1,-0.030783,-1,-104.000229
material_0700770_position_4_sensor_1,Paper_Cardboard,1,0.115082,1,-9.461572
material_0700770_position_4_sensor_2,Paper_Cardboard,1,0.124516,1,-9.929771
material_0700770_position_4_sensor_3,Paper_Cardboard,-1,-0.06618,-1,-76.857302
material_0700780_position_1_sensor_1,Paper_Cardboard,1,0.046835,1,-22.218347
material_0700780_position_1_sensor_2,Paper_Cardboard,1,0.10463,1,-14.719737
material_0700780_position_1_sensor_3,Paper_Cardboard,1,0.08719,1,-17.640337
material_0700780_position_2_sensor_1,Paper_Cardboard,1,0.101416,1,-17.46823
material_0700780_position_2_sensor_2,Paper_Cardboard,1,0.106553,1,-15.503655
material_0700780_position_2_sensor_3,Paper_Cardboard,1,0.107801,1,-17.356085
material_0700780_position_3_sensor_1,Paper_Cardboard,1,0.097395,1,-18.640914
material_0700780_position_3_sensor_2,Paper_Cardboard,1,0.10275,1,-16.2991
material_0700780_position_3_sensor_3,Paper_Cardboard,1,0.067547,1,-22.210663
material_0700780_position_4_sensor_1,Paper_Cardboard,1,0.079848,1,-20.748351
material_0700780_position_4_sensor_2,Paper_Cardboard,1,0.122188,1,-14.150536
material_0700780_position_4_sensor_3,Paper_Cardboard,1,0.064065,1,-26.267496
material_0700790_position_1_sensor_1,Paper_Cardboard,1,0.115191,1,-13.798112
material_0700790_position_1_sensor_2,Paper_Cardboard,1,0.066123,1,-31.628195
material_0700790_position_1_sensor_3,Paper_Cardboard,1,0.072722,1,-22.701489
material_0700790_position_2_sensor_1,Paper_Cardboard,1,0.082754,1,-21.650697
material_0700790_position_2_sensor_2,Paper_Cardboard,-1,-0.128074,-1,-234.093102
material_0700790_position_2_sensor_3,Paper_Cardboard,1,0.087006,1,-14.531826
material_0700790_position_3_sensor_1,Paper_Cardboard,1,0.116903,1,-13.120195
material_0700790_position_3_sensor_2,Paper_Cardboard,-1,-0.010094,-1,-92.12089
material_0700790_position_3_sensor_3,Paper_Cardboard,1,0.090307,1,-13.7796
material_0700790_position_4_sensor_1,Paper_Cardboard,1,0.092225,1,-16.850816
material_0700790_position_4_sensor_2,Paper_Cardboard,1,0.108758,1,-16.684032
material_0700790_position_4_sensor_3,Paper_Cardboard,1,0.103744,1,-11.583096
material_0700800_position_1_sensor_1,Paper_Cardboard,1,0.10256,1,-15.91604
material_0700800_position_1_sensor_2,Paper_Cardboard,1,0.11927,1,-12.522979
material_0700800_position_1_sensor_3,Paper_Cardboard,1,0.132179,1,-8.218756
material_0700800_position_2_sensor_1,Paper_Cardboard,1,0.115164,1,-14.194099
material_0700800_position_2_sensor_2,Paper_Cardboard,1,0.122502,1,-8.32215
material_0700800_position_2_sensor_3,Paper_Cardboard,1,0.038866,-1,-43.486786
material_0700800_position_3_sensor_1,Paper_Cardboard,1,0.008665,-1,-44.681654
material_0700800_position_3_sensor_2,Paper_Cardboard,1,0.055692,1,-29.113121
material_0700800_position_3_sensor_3,Paper_Cardboard,1,0.119558,1,-9.667393
material_0700800_position_4_sensor_1,Paper_Cardboard,1,0.004997,-1,-49.949658
material_0700800_position_4_sensor_2,Paper_Cardboard,1,0.111111,1,-21.408082
material_0700800_position_4_sensor_3,Paper_Cardboard,1,0.024288,-1,-58.131846
material_0700800_position_5_sensor_1,Paper_Cardboard,1,0.132166,1,-8.70304
material_0700800_position_5_sensor_2,Paper_Cardboard,1,0.064746,-1,-43.703909
material_0700800_position_5_sensor_3,Paper_Cardboard,1,0.131048,1,-8.309476
material_0700810_position_1_sensor_1,Paper_Cardboard,1,0.074561,1,-16.628594
material_0700810_position_1_sensor_2,Paper_Cardboard,1,0.125423,1,-12.782601
material_0700810_position_1_sensor_3,Paper_Cardboard,1,0.096578,1,-18.109117
material_0700810_position_2_sensor_1,Paper_Cardboard,-1,-0.100236,-1,-167.290129
material_0700810_position_2_sensor_2,Paper_Cardboard,1,0.112699,1,-17.716544
material_0700810_position_2_sensor_3,Paper_Cardboard,1,0.069581,1,-17.435266
material_0700810_position_3_sensor_1,Paper_Cardboard,1,0.092912,1,-18.723282
material_0700810_position_3_sensor_2,Paper_Cardboard,-1,-0.085093,-1,-168.758455
material_0700810_position_3_sensor_3,Paper_Cardboard,1,0.097984,1,-19.907453
material_0700810_position_4_sensor_1,Paper_Cardboard,-1,-0.030787,-1,-103.662586
material_0700810_position_4_sensor_2,Paper_Cardboard,1,0.107859,1,-12.778996
material_0700810_position_4_sensor_3,Paper_Cardboard,-1,-0.094175,-1,-131.982264
material_0700810_position_5_sensor_1,Paper_Cardboard,1,0.061038,1,-25.398999
material_0700810_position_5_sensor_2,Paper_Cardboard,1,0.107126,1,-15.128836
material_0700810_position_5_sensor_3,Paper_Cardboard,-1,-0.129644,-1,-118.744827
material_0700830_position_1_sensor_1,Paper_Cardboard,1,0.077981,1,-16.659987
material_0700830_position_1_sensor_2,Paper_Cardboard,1,0.129449,1,-9.392607
material_0700830_position_1_sensor_3,Paper_Cardboard,1,0.123443,1,-9.88125
material_0700830_position_2_sensor_1,Paper_Cardboard,1,0.11891,1,-13.060233
material_0700830_position_2_sensor_2,Paper_Cardboard,1,0.106903,1,-19.625274
material_0700830_position_2_sensor_3,Paper_Cardboard,1,0.117797,1,-11.480364
material_0700830_position_3_sensor_1,Paper_Cardboard,-1,-0.018103,-1,-77.257454
material_0700830_position_3_sensor_2,Paper_Cardboard,1,0.121511,1,-19.837778
material_0700830_position_3_sensor_3,Paper_Cardboard,1,0.047814,1,-31.338253
material_0700830_position_4_sensor_1,Paper_Cardboard,1,0.101065,1,-17.291616
material_0700830_position_4_sensor_2,Paper_Cardboard,1,0.119138,1,-11.77518
material_0700830_position_4_sensor_3,Paper_Cardboard,1,0.126201,1,-8.757925
material_0700840_position_1_sensor_1,Paper_Cardboard,-1,-0.02999,-1,-59.386544
material_0700840_position_1_sensor_2,Paper_Cardboard,1,0.125924,1,-10.498973
material_0700840_position_1_sensor_3,Paper_Cardboard,1,0.116934,1,-12.255057
material_0700840_position_2_sensor_1,Paper_Cardboard,1,0.105082,1,-13.914736
material_0700840_position_2_sensor_2,Paper_Cardboard,1,0.103199,1,-15.235389
material_0700840_position_2_sensor_3,Paper_Cardboard,1,0.027664,-1,-106.172242
material_0700840_position_3_sensor_1,Paper_Cardboard,1,0.083713,1,-19.963209
material_0700840_position_3_sensor_2,Paper_Cardboard,1,0.106464,1,-22.670174
material_0700840_position_3_sensor_3,Paper_Cardboard,1,0.112145,1,-18.876938
material_0700840_position_4_sensor_1,Paper_Cardboard,1,0.021232,-1,-172.402773
material_0700840_position_4_sensor_2,Paper_Cardboard,1,0.11401,1,-10.302384
material_0700840_position_4_sensor_3,Paper_Cardboard,1,0.133428,1,-7.643635
material_0700840_position_5_sensor_2,Paper_Cardboard,1,0.130053,1,-11.307014
material_0700840_position_5_sensor_3,Paper_Cardboard,1,0.13324,1,-9.736793
material_0700940_position_1_sensor_1,Paper_Cardboard,1,0.049515,1,-17.80534
material_0700940_position_1_sensor_2,Paper_Cardboard,1,0.124268,1,-7.08665
material_0700940_position_1_sensor_3,Paper_Cardboard,1,0.10462,1,-21.214601
material_0700940_position_2_sensor_1,Paper_Cardboard,1,0.104409,1,-12.764171
material_0700940_position_2_sensor_2,Paper_Cardboard,1,0.011079,-1,-77.482903
material_0700940_position_2_sensor_3,Paper_Cardboard,1,0.094543,1,-14.797804
material_0700940_position_3_sensor_1,Paper_Cardboard,1,0.11239,1,-14.312826
material_0700940_position_3_sensor_2,Paper_Cardboard,1,0.13623,1,-8.175578
material_0700940_position_3_sensor_3,Paper_Cardboard,1,0.129504,1,-9.310851
material_0700940_position_4_sensor_1,Paper_Cardboard,1,0.073865,1,-31.31133
material_0700940_position_4_sensor_2,Paper_Cardboard,1,0.127554,1,-8.806477
material_0700940_position_4_sensor_3,Paper_Cardboard,1,0.112871,1,-13.996202
material_0700950_position_1_sensor_1,Paper_Cardboard,1,0.102636,1,-8.295906
material_0700950_position_1_sensor_2,Paper_Cardboard,1,0.113843,1,-12.580124
material_0700950_position_1_sensor_3,Paper_Cardboard,1,0.119948,1,-11.976516
material_0700950_position_2_sensor_1,Paper_Cardboard,1,0.111229,1,-14.609254
material_0700950_position_2_sensor_2,Paper_Cardboard,1,0.088787,1,-21.43627
material_0700950_position_2_sensor_3,Paper_Cardboard,1,0.025454,-1,-49.341305
material_0700950_position_3_sensor_1,Paper_Cardboard,1,0.120127,1,-8.156994
material_0700950_position_3_sensor_2,Paper_Cardboard,1,0.125002,1,-11.314839
material_0700950_position_3_sensor_3,Paper_Cardboard,1,0.112415,1,-10.865024
material_0700950_position_4_sensor_1,Paper_Cardboard,1,0.123359,1,-10.927533
material_0700950_position_4_sensor_2,Paper_Cardboard,1,0.111211,1,-11.148255
material_0700950_position_4_sensor_3,Paper_Cardboard,1,0.121845,1,-12.098069
material_0700950_position_5_sensor_1,Paper_Cardboard,1,0.132614,1,-8.104724
material_0700950_position_5_sensor_2,Paper_Cardboard,1,0.11668,1,-9.677468
material_0700960_position_1_sensor_1,Paper_Cardboard,1,0.064748,1,-18.023593
material_0700960_position_1_sensor_2,Paper_Cardboard,1,0.13057,1,-7.685519
material_0700960_position_1_sensor_3,Paper_Cardboard,1,0.133769,1,-8.972543
material_0700960_position_2_sensor_1,Paper_Cardboard,1,0.103562,1,-16.037375
material_0700960_position_2_sensor_2,Paper_Cardboard,1,0.109599,1,-14.397906
material_0700960_position_2_sensor_3,Paper_Cardboard,1,0.119269,1,-14.204035
material_0700960_position_3_sensor_1,Paper_Cardboard,1,0.099609,1,-24.520813
material_0700960_position_3_sensor_2,Paper_Cardboard,1,0.121278,1,-9.437625
material_0700960_position_3_sensor_3,Paper_Cardboard,1,0.11408,1,-18.492213
material_0700960_position_4_sensor_1,Paper_Cardboard,1,0.124013,1,-14.144723
material_0700960_position_4_sensor_2,Paper_Cardboard,1,0.137225,1,-5.904455
material_0700960_position_4_sensor_3,Paper_Cardboard,1,0.086751,1,-22.642171
material_0700970_position_1_sensor_1,Paper_Cardboard,1,0.137462,1,-7.276835
material_0700970_position_1_sensor_2,Paper_Cardboard,1,0.122459,1,-8.042614
material_0700970_position_1_sensor_3,Paper_Cardboard,1,0.128763,1,-7.298175
material_0700970_position_2_sensor_1,Paper_Cardboard,1,0.083021,1,-29.469966
material_0700970_position_2_sensor_2,Paper_Cardboard,1,0.136506,1,-7.848172
material_0700970_position_2_sensor_3,Paper_Cardboard,1,0.123609,1,-7.931362
material_0700970_position_3_sensor_1,Paper_Cardboard,-1,-0.024884,-1,-162.381857
material_0700970_position_3_sensor_2,Paper_Cardboard,1,0.11913,1,-10.332483
material_0700970_position_3_sensor_3,Paper_Cardboard,1,0.102284,1,-20.890444
material_0700970_position_4_sensor_1,Paper_Cardboard,-1,-0.055093,-1,-124.561641
material_0700970_position_4_sensor_2,Paper_Cardboard,1,0.035296,-1,-60.149095
material_0700970_position_4_sensor_3,Paper_Cardboard,1,0.125708,1,-7.309565
material_0700970_position_5_sensor_1,Paper_Cardboard,1,0.120153,1,-9.963524
material_0700970_position_5_sensor_2,Paper_Cardboard,1,0.112789,1,-10.520508
material_0700970_position_5_sensor_3,Paper_Cardboard,1,0.118396,1,-10.935106
material_0701010_position_1_sensor_1,Paper_Cardboard,1,0.069936,1,-17.388646
material_0701010_position_1_sensor_2,Paper_Cardboard,1,0.118015,1,-12.148961
material_0701010_position_1_sensor_3,Paper_Cardboard,1,0.138023,1,-9.591149
material_0701010_position_2_sensor_1,Paper_Cardboard,1,0.10711,1,-14.786706
material_0701010_position_2_sensor_2,Paper_Cardboard,1,0.092785,1,-15.541842
material_0701010_position_2_sensor_3,Paper_Cardboard,1,0.099124,1,-13.395261
material_0701010_position_3_sensor_1,Paper_Cardboard,1,0.079379,1,-20.227173
material_0701010_position_3_sensor_2,Paper_Cardboard,1,0.091261,1,-16.038823
material_0701010_position_3_sensor_3,Paper_Cardboard,1,0.094639,1,-17.17215
material_0701010_position_4_sensor_1,Paper_Cardboard,1,0.125191,1,-10.902671
material_0701010_position_4_sensor_2,Paper_Cardboard,1,0.126419,1,-9.892639
material_0701010_position_4_sensor_3,Paper_Cardboard,1,0.139298,1,-8.682191
material_0701060_position_1_sensor_1,Paper_Cardboard,1,0.122994,1,-16.195773
material_0701060_position_1_sensor_2,Paper_Cardboard,1,0.106854,1,-15.635277
material_0701060_position_1_sensor_3,Paper_Cardboard,1,0.105458,1,-13.826048
material_0701060_position_2_sensor_1,Paper_Cardboard,1,0.076502,1,-23.449856
material_0701060_position_2_sensor_2,Paper_Cardboard,1,0.086562,1,-19.603979
material_0701060_position_2_sensor_3,Paper_Cardboard,1,0.04484,1,-22.986246
material_0701060_position_3_sensor_1,Paper_Cardboard,1,0.094528,1,-21.569621
material_0701060_position_3_sensor_2,Paper_Cardboard,1,0.027891,-1,-86.108137
material_0701060_position_3_sensor_3,Paper_Cardboard,1,0.082997,1,-25.626541
material_0701060_position_4_sensor_1,Paper_Cardboard,1,0.095055,1,-20.185188
material_0701060_position_4_sensor_2,Paper_Cardboard,1,0.119092,1,-12.22514
material_0701060_position_4_sensor_3,Paper_Cardboard,1,0.083524,1,-25.189465
material_0701110_position_1_sensor_1,Paper_Cardboard,1,0.075913,1,-15.440018
material_0701110_position_1_sensor_2,Paper_Cardboard,1,0.104641,1,-18.93872
material_0701110_position_1_sensor_3,Paper_Cardboard,1,0.122506,1,-10.085782
material_0701110_position_2_sensor_1,Paper_Cardboard,1,0.113393,1,-10.947894
material_0701110_position_2_sensor_2,Paper_Cardboard,1,0.02372,-1,-100.776975
material_0701110_position_2_sensor_3,Paper_Cardboard,1,0.126277,1,-11.059462
material_0701110_position_3_sensor_1,Paper_Cardboard,1,0.138346,1,-7.24581
material_0701110_position_3_sensor_2,Paper_Cardboard,1,0.132556,1,-8.833822
material_0701110_position_3_sensor_3,Paper_Cardboard,1,0.033738,-1,-46.259558
material_0701110_position_4_sensor_1,Paper_Cardboard,1,0.110177,1,-18.797911
material_0701110_position_4_sensor_2,Paper_Cardboard,1,0.116845,1,-11.256098
material_0701110_position_4_sensor_3,Paper_Cardboard,1,0.135716,1,-7.1809
material_0701150_position_1_sensor_1,Paper_Cardboard,1,0.101243,1,-21.109581
material_0701150_position_1_sensor_2,Paper_Cardboard,1,0.110396,1,-16.084374
material_0701150_position_1_sensor_3,Paper_Cardboard,1,0.103566,1,-19.099166
material_0701150_position_2_sensor_1,Paper_Cardboard,1,0.079557,1,-19.93541
material_0701150_position_2_sensor_2,Paper_Cardboard,1,0.093873,1,-27.081295
material_0701150_position_2_sensor_3,Paper_Cardboard,1,0.056015,1,-32.319002
material_0701150_position_3_sensor_1,Paper_Cardboard,1,0.112416,1,-9.444334
material_0701150_position_3_sensor_2,Paper_Cardboard,1,0.130961,1,-9.28992
material_0701150_position_3_sensor_3,Paper_Cardboard,1,0.056098,1,-21.654978
material_0701150_position_4_sensor_1,Paper_Cardboard,1,0.108651,1,-12.067022
material_0701150_position_4_sensor_2,Paper_Cardboard,1,0.126714,1,-13.235459
material_0701150_position_4_sensor_3,Paper_Cardboard,1,0.061486,1,-19.23379
material_0701150_position_5_sensor_1,Paper_Cardboard,1,0.13035,1,-10.711317
material_0701150_position_5_sensor_2,Paper_Cardboard,1,0.104606,1,-16.022484
material_0701150_position_5_sensor_3,Paper_Cardboard,1,0.110189,1,-16.872341
material_0701150_position_6_sensor_1,Paper_Cardboard,1,0.111468,1,-14.189637
material_0701150_position_6_sensor_2,Paper_Cardboard,1,0.105625,1,-13.809076
material_0701150_position_6_sensor_3,Paper_Cardboard,1,0.060058,1,-28.076664
material_0701180_position_1_sensor_1,Paper_Cardboard,1,0.073879,1,-16.150657
material_0701180_position_1_sensor_2,Paper_Cardboard,1,0.105677,1,-12.364341
material_0701180_position_1_sensor_3,Paper_Cardboard,1,0.124534,1,-10.601574
material_0701180_position_2_sensor_1,Paper_Cardboard,1,0.083687,1,-27.956257
material_0701180_position_2_sensor_2,Paper_Cardboard,1,0.067843,1,-26.964328
material_0701180_position_2_sensor_3,Paper_Cardboard,1,0.107224,1,-16.74171
material_0701180_position_3_sensor_1,Paper_Cardboard,1,0.05592,1,-26.016685
material_0701180_position_3_sensor_2,Paper_Cardboard,1,0.074641,1,-26.912305
material_0701180_position_3_sensor_3,Paper_Cardboard,1,0.081534,1,-20.885362
material_0701180_position_4_sensor_1,Paper_Cardboard,1,0.099658,1,-15.412595
material_0701180_position_4_sensor_2,Paper_Cardboard,1,0.097714,1,-14.596527
material_0701180_position_4_sensor_3,Paper_Cardboard,1,0.10895,1,-13.287071
material_0701180_position_5_sensor_1,Paper_Cardboard,1,0.081833,1,-27.58191
material_0701180_position_5_sensor_2,Paper_Cardboard,1,0.090858,1,-15.426346
material_0701180_position_5_sensor_3,Paper_Cardboard,1,0.100307,1,-12.925231
material_0701200_position_1_sensor_1,Paper_Cardboard,1,0.108088,1,-19.495764
material_0701200_position_1_sensor_2,Paper_Cardboard,1,0.110984,1,-13.842151
material_0701200_position_1_sensor_3,Paper_Cardboard,1,0.117719,1,-14.1987
material_0701200_position_2_sensor_1,Paper_Cardboard,1,0.100919,1,-14.728423
material_0701200_position_2_sensor_2,Paper_Cardboard,1,0.084824,1,-26.763907
material_0701200_position_2_sensor_3,Paper_Cardboard,1,0.102385,1,-31.18671
material_0701200_position_3_sensor_1,Paper_Cardboard,1,0.112957,1,-16.843967
material_0701200_position_3_sensor_2,Paper_Cardboard,1,0.110637,1,-14.408023
material_0701200_position_3_sensor_3,Paper_Cardboard,1,0.113488,1,-12.417123
material_0701200_position_4_sensor_1,Paper_Cardboard,1,0.11633,1,-15.14373
material_0701200_position_4_sensor_2,Paper_Cardboard,1,0.120175,1,-10.629847
material_0701200_position_4_sensor_3,Paper_Cardboard,1,0.12865,1,-10.159223
material_0701210_position_1_sensor_1,Paper_Cardboard,1,0.071161,1,-20.421297
material_0701210_position_1_sensor_2,Paper_Cardboard,1,0.05619,-1,-44.491348
material_0701210_position_1_sensor_3,Paper_Cardboard,1,0.140353,1,-8.722362
material_0701210_position_2_sensor_1,Paper_Cardboard,1,0.135466,1,-11.214359
material_0701210_position_2_sensor_2,Paper_Cardboard,1,0.119759,1,-10.034802
material_0701210_position_2_sensor_3,Paper_Cardboard,1,0.142046,1,-9.108442
material_0701210_position_3_sensor_1,Paper_Cardboard,-1,-0.017065,-1,-72.445849
material_0701210_position_3_sensor_2,Paper_Cardboard,1,0.138916,1,-6.532797
material_0701210_position_3_sensor_3,Paper_Cardboard,1,0.132686,1,-9.361881
material_0701210_position_4_sensor_1,Paper_Cardboard,1,0.108209,1,-13.316115
material_0701210_position_4_sensor_2,Paper_Cardboard,1,0.133716,1,-7.012378
material_0701210_position_4_sensor_3,Paper_Cardboard,1,0.119557,1,-8.774583
material_0701210_position_5_sensor_1,Paper_Cardboard,1,0.118994,1,-20.322219
material_0701210_position_5_sensor_2,Paper_Cardboard,1,0.124499,1,-8.59238
material_0701210_position_5_sensor_3,Paper_Cardboard,1,0.114368,1,-20.965438
material_0701220_position_1_sensor_1,Paper_Cardboard,1,0.07297,1,-15.120116
material_0701220_position_1_sensor_2,Paper_Cardboard,1,0.140093,1,-6.074865
material_0701220_position_1_sensor_3,Paper_Cardboard,1,0.09359,1,-17.372539
material_0701220_position_2_sensor_1,Paper_Cardboard,1,0.088802,1,-17.378951
material_0701220_position_2_sensor_2,Paper_Cardboard,1,0.113483,1,-13.747743
material_0701220_position_2_sensor_3,Paper_Cardboard,1,0.082247,1,-21.121037
material_0701220_position_3_sensor_1,Paper_Cardboard,1,0.097122,1,-12.567368
material_0701220_position_3_sensor_2,Paper_Cardboard,1,0.039934,-1,-50.44146
material_0701220_position_3_sensor_3,Paper_Cardboard,1,0.126408,1,-12.664507
material_0701220_position_4_sensor_1,Paper_Cardboard,1,0.121506,1,-15.728336
material_0701220_position_4_sensor_2,Paper_Cardboard,1,0.103206,1,-12.47146
material_0701220_position_4_sensor_3,Paper_Cardboard,1,0.106904,1,-14.344517
material_0701220_position_5_sensor_1,Paper_Cardboard,1,0.13181,1,-8.365975
material_0701220_position_5_sensor_2,Paper_Cardboard,1,0.137195,1,-7.713219
material_0701220_position_5_sensor_3,Paper_Cardboard,1,0.119286,1,-12.654674
material_0701240_position_1_sensor_1,Paper_Cardboard,1,0.132672,1,-6.584727
material_0701240_position_1_sensor_2,Paper_Cardboard,1,0.136185,1,-7.208231
material_0701240_position_1_sensor_3,Paper_Cardboard,1,0.116449,1,-12.005683
material_0701240_position_2_sensor_1,Paper_Cardboard,1,0.108087,1,-12.974295
material_0701240_position_2_sensor_2,Paper_Cardboard,1,0.132382,1,-6.409443
material_0701240_position_2_sensor_3,Paper_Cardboard,1,0.113759,1,-12.521634
material_0701240_position_3_sensor_1,Paper_Cardboard,-1,-0.105811,-1,-242.592045
material_0701240_position_3_sensor_2,Paper_Cardboard,1,0.126641,1,-9.000088
material_0701240_position_3_sensor_3,Paper_Cardboard,1,0.112291,1,-20.074748
material_0701240_position_4_sensor_1,Paper_Cardboard,1,0.129775,1,-9.46675
material_0701240_position_4_sensor_2,Paper_Cardboard,1,0.121849,1,-8.774498
material_0701240_position_4_sensor_3,Paper_Cardboard,-1,-0.059599,-1,-93.85819
material_0701250_position_1_sensor_1,Paper_Cardboard,1,0.117428,1,-15.564926
material_0701250_position_1_sensor_2,Paper_Cardboard,1,0.130553,1,-10.691983
material_0701250_position_1_sensor_3,Paper_Cardboard,1,0.124101,1,-11.942218
material_0701250_position_2_sensor_1,Paper_Cardboard,1,0.113765,1,-11.1709
material_0701250_position_2_sensor_2,Paper_Cardboard,1,0.113344,1,-10.467468
material_0701250_position_2_sensor_3,Paper_Cardboard,1,0.122136,1,-12.539931
material_0701250_position_3_sensor_1,Paper_Cardboard,-1,-0.029024,-1,-79.82413
material_0701250_position_3_sensor_2,Paper_Cardboard,1,0.116396,1,-11.303229
material_0701250_position_3_sensor_3,Paper_Cardboard,1,0.127884,1,-13.821644
material_0701250_position_4_sensor_1,Paper_Cardboard,1,0.125191,1,-11.202627
material_0701250_position_4_sensor_2,Paper_Cardboard,1,0.111283,1,-11.064959
material_0701250_position_4_sensor_3,Paper_Cardboard,1,0.122288,1,-12.407194
material_0701250_position_5_sensor_1,Paper_Cardboard,1,0.130986,1,-9.380765
material_0701250_position_5_sensor_2,Paper_Cardboard,1,0.12494,1,-10.808481
material_0701250_position_5_sensor_3,Paper_Cardboard,1,0.138998,1,-9.257967
material_0701260_position_1_sensor_1,Paper_Cardboard,1,0.077751,1,-20.058847
material_0701260_position_1_sensor_2,Paper_Cardboard,1,0.11815,1,-8.704025
material_0701260_position_1_sensor_3,Paper_Cardboard,1,0.097839,1,-15.132754
material_0701260_position_2_sensor_1,Paper_Cardboard,1,0.116233,1,-9.116902
material_0701260_position_2_sensor_2,Paper_Cardboard,1,0.136284,1,-8.343656
material_0701260_position_2_sensor_3,Paper_Cardboard,1,0.046175,-1,-39.533629
material_0701260_position_3_sensor_1,Paper_Cardboard,1,0.108948,1,-19.991945
material_0701260_position_3_sensor_2,Paper_Cardboard,1,0.111535,1,-11.499544
material_0701260_position_3_sensor_3,Paper_Cardboard,1,0.077974,1,-26.807969
material_0701260_position_4_sensor_1,Paper_Cardboard,1,0.136976,1,-6.738624
material_0701260_position_4_sensor_2,Paper_Cardboard,1,0.124654,1,-9.043043
material_0701260_position_4_sensor_3,Paper_Cardboard,1,0.03955,-1,-53.108858
material_0701260_position_5_sensor_1,Paper_Cardboard,1,0.097504,1,-17.039565
material_0701260_position_5_sensor_2,Paper_Cardboard,1,0.142097,1,-5.712863
material_0701260_position_5_sensor_3,Paper_Cardboard,1,0.109783,1,-13.022032
material_0701280_position_1_sensor_1,Metal,1,0.099637,1,-9.223367
material_0701280_position_1_sensor_2,Metal,1,0.12412,1,-10.53384
material_0701280_position_1_sensor_3,Metal,1,0.119418,1,-9.772516
material_0701280_position_2_sensor_1,Metal,1,0.091044,1,-18.967157
material_0701280_position_2_sensor_2,Metal,1,0.086382,1,-19.85821
material_0701280_position_2_sensor_3,Metal,1,0.100762,1,-16.696673
material_0701280_position_3_sensor_1,Metal,1,0.130444,1,-11.135074
material_0701280_position_3_sensor_2,Metal,1,0.121591,1,-10.20083
material_0701280_position_3_sensor_3,Metal,1,0.121746,1,-9.878126
material_0701280_position_4_sensor_1,Metal,1,0.080946,1,-24.781884
material_0701280_position_4_sensor_2,Metal,1,0.098488,1,-15.240245
material_0701280_position_4_sensor_3,Metal,1,0.098826,1,-15.454102
material_0701290_position_1_sensor_1,Metal,1,0.115997,1,-14.738854
material_0701290_position_1_sensor_2,Metal,1,0.115457,1,-12.373268
material_0701290_position_1_sensor_3,Metal,1,0.140139,1,-10.627778
material_0701290_position_2_sensor_1,Metal,-1,-0.066477,-1,-136.845859
material_0701290_position_2_sensor_2,Metal,1,0.107609,1,-10.233772
material_0701290_position_2_sensor_3,Metal,1,0.111644,1,-13.155711
material_0701290_position_3_sensor_1,Metal,1,0.10909,1,-12.533913
material_0701290_position_3_sensor_2,Metal,1,0.11486,1,-12.310743
material_0701290_position_3_sensor_3,Metal,1,0.091169,1,-23.492547
material_0701290_position_4_sensor_1,Metal,1,0.09584,1,-21.374264
material_0701290_position_4_sensor_2,Metal,1,0.133972,1,-8.708029
material_0701290_position_4_sensor_3,Metal,1,0.112493,1,-17.037047
material_0701300_position_1_sensor_1,Metal,1,0.094906,1,-11.118977
material_0701300_position_1_sensor_2,Metal,1,0.126447,1,-8.111607
material_0701300_position_1_sensor_3,Metal,1,0.121684,1,-8.351581
material_0701300_position_2_sensor_1,Metal,1,0.101023,1,-10.763767
material_0701300_position_2_sensor_2,Metal,1,0.095972,1,-10.689513
material_0701300_position_2_sensor_3,Metal,1,0.126169,1,-7.900553
material_0701300_position_3_sensor_1,Metal,1,0.13555,1,-8.729235
material_0701300_position_3_sensor_2,Metal,1,0.074756,1,-18.634714
material_0701300_position_3_sensor_3,Metal,1,0.091037,1,-22.574541
material_0701300_position_4_sensor_1,Metal,1,0.099566,1,-13.009423
material_0701300_position_4_sensor_2,Metal,1,0.099046,1,-15.482696
material_0701300_position_4_sensor_3,Metal,1,0.071355,1,-25.939637
material_0701300_position_5_sensor_1,Metal,1,0.02541,-1,-54.583549
material_0701300_position_5_sensor_2,Metal,-1,-0.012996,-1,-98.579247
material_0701300_position_5_sensor_3,Metal,1,0.112009,1,-16.130968
material_0701300_position_6_sensor_1,Metal,1,0.13406,1,-8.032127
material_0701300_position_6_sensor_2,Metal,1,0.126856,1,-9.114506
material_0701300_position_6_sensor_3,Metal,1,0.134768,1,-8.588702
material_0701320_position_1_sensor_1,Metal,1,0.019293,-1,-44.794877
material_0701320_position_1_sensor_2,Metal,1,0.063988,-1,-56.32609
material_0701320_position_1_sensor_3,Metal,-1,-0.21265,-1,-1712.572821
material_0701320_position_2_sensor_1,Metal,1,0.076515,1,-18.264263
material_0701320_position_2_sensor_2,Metal,-1,-0.012029,-1,-72.274133
material_0701320_position_2_sensor_3,Metal,1,0.008403,-1,-75.988235
material_0701320_position_3_sensor_1,Metal,1,0.030577,-1,-50.715521
material_0701320_position_3_sensor_2,Metal,1,0.047722,-1,-72.040647
material_0701320_position_3_sensor_3,Metal,1,0.032465,-1,-78.785934
material_0701320_position_4_sensor_1,Metal,1,0.110098,1,-16.044737
material_0701320_position_4_sensor_2,Metal,1,0.033776,1,-35.556428
material_0701320_position_4_sensor_3,Metal,1,0.074407,1,-24.629399
material_0701320_position_5_sensor_1,Metal,1,0.068523,1,-36.256599
material_0701320_position_5_sensor_2,Metal,1,0.047204,-1,-62.688998
material_0701320_position_5_sensor_3,Metal,1,0.019459,-1,-74.40852
material_0701320_position_6_sensor_1,Metal,1,0.070749,-1,-39.316794
material_0701320_position_6_sensor_2,Metal,1,0.067324,-1,-43.406569
material_0701320_position_6_sensor_3,Metal,1,0.065121,-1,-47.903421
material_0701320_position_7_sensor_1,Metal,1,0.102368,1,-14.676202
material_0701320_position_7_sensor_2,Metal,1,0.091915,-1,-54.545596
material_0701320_position_7_sensor_3,Metal,1,0.079065,-1,-41.325026
material_0701330_position_1_sensor_1,Metal,1,0.100314,1,-24.62397
material_0701330_position_1_sensor_2,Metal,1,0.098383,1,-11.380033
material_0701330_position_1_sensor_3,Metal,1,0.098314,1,-19.601044
material_0701330_position_2_sensor_1,Metal,1,0.111418,1,-10.05163
material_0701330_position_2_sensor_2,Metal,1,0.118748,1,-9.611436
material_0701330_position_2_sensor_3,Metal,1,0.10995,1,-20.873993
material_0701330_position_3_sensor_1,Metal,1,0.045661,1,-30.39301
material_0701330_position_3_sensor_2,Metal,1,0.097766,1,-17.333844
material_0701330_position_3_sensor_3,Metal,1,0.104986,1,-26.333138
material_0701330_position_4_sensor_1,Metal,1,0.087958,1,-16.685549
material_0701330_position_4_sensor_2,Metal,1,0.080289,1,-23.343496
material_0701330_position_4_sensor_3,Metal,1,0.099296,1,-25.310196
material_0701340_position_1_sensor_1,Metal,1,0.034422,-1,-46.316133
material_0701340_position_1_sensor_2,Metal,1,0.110449,1,-11.507031
material_0701340_position_1_sensor_3,Metal,1,0.111926,1,-18.827455
material_0701340_position_2_sensor_1,Metal,-1,-0.046822,-1,-116.822369
material_0701340_position_2_sensor_2,Metal,1,0.111802,1,-11.656382
material_0701340_position_2_sensor_3,Metal,1,0.100922,1,-18.853431
material_0701340_position_3_sensor_1,Metal,-1,-0.023688,-1,-71.186005
material_0701340_position_3_sensor_2,Metal,1,0.118812,1,-13.772985
material_0701340_position_3_sensor_3,Metal,1,0.099316,1,-21.291791
material_0701340_position_4_sensor_1,Metal,1,0.125572,1,-10.08225
material_0701340_position_4_sensor_2,Metal,1,0.120791,1,-11.06718
material_0701340_position_4_sensor_3,Metal,1,0.074499,1,-30.359861
material_0701340_position_5_sensor_1,Metal,1,0.110667,1,-12.858995
material_0701340_position_5_sensor_2,Metal,1,0.109783,1,-12.408819
material_0701340_position_5_sensor_3,Metal,1,0.089225,1,-21.598711
material_0701350_position_1_sensor_1,Metal,1,0.104088,1,-6.127634
material_0701350_position_1_sensor_2,Metal,1,0.135438,1,-10.164564
material_0701350_position_1_sensor_3,Metal,1,0.113757,1,-18.190579
material_0701350_position_2_sensor_1,Metal,1,0.114679,1,-15.716218
material_0701350_position_2_sensor_2,Metal,1,0.117379,1,-19.001733
material_0701350_position_2_sensor_3,Metal,1,0.109918,1,-11.479105
material_0701350_position_3_sensor_1,Metal,1,0.079524,1,-21.990619
material_0701350_position_3_sensor_2,Metal,1,0.109433,1,-13.641855
material_0701350_position_3_sensor_3,Metal,1,0.098153,1,-18.913974
material_0701350_position_4_sensor_1,Metal,1,0.112307,1,-14.054847
material_0701350_position_4_sensor_2,Metal,1,0.069399,1,-31.995296
material_0701350_position_4_sensor_3,Metal,1,0.090306,1,-16.615658
material_0701360_position_1_sensor_1,Metal,1,0.058306,1,-16.621763
material_0701360_position_1_sensor_2,Metal,1,0.126746,1,-9.507267
material_0701360_position_1_sensor_3,Metal,1,0.132494,1,-9.30491
material_0701360_position_2_sensor_1,Metal,1,0.110083,1,-13.040415
material_0701360_position_2_sensor_2,Metal,1,0.117814,1,-14.301546
material_0701360_position_2_sensor_3,Metal,1,0.107457,1,-15.045938
material_0701360_position_3_sensor_1,Metal,1,0.113822,1,-11.608852
material_0701360_position_3_sensor_2,Metal,1,0.051205,-1,-91.528433
material_0701360_position_3_sensor_3,Metal,1,0.107594,1,-21.34575
material_0701360_position_4_sensor_1,Metal,1,0.033917,-1,-167.501434
material_0701360_position_4_sensor_2,Metal,1,0.122796,1,-10.989286
material_0701360_position_4_sensor_3,Metal,1,0.119099,1,-10.85709
material_0701370_position_1_sensor_1,Metal,1,0.061687,1,-21.89908
material_0701370_position_1_sensor_2,Metal,1,0.11656,1,-8.626245
material_0701370_position_1_sensor_3,Metal,1,0.10304,1,-13.731662
material_0701370_position_2_sensor_1,Metal,1,0.135443,1,-9.611581
material_0701370_position_2_sensor_2,Metal,1,0.138141,1,-9.948866
material_0701370_position_2_sensor_3,Metal,1,0.115453,1,-12.917614
material_0701370_position_3_sensor_1,Metal,1,0.121842,1,-10.517382
material_0701370_position_3_sensor_2,Metal,1,0.122002,1,-9.685022
material_0701370_position_3_sensor_3,Metal,1,0.101114,1,-14.746872
material_0701370_position_4_sensor_1,Metal,1,0.112733,1,-9.824377
material_0701370_position_4_sensor_2,Metal,1,0.134144,1,-7.616647
material_0701370_position_4_sensor_3,Metal,1,0.104213,1,-19.426099
material_0701380_position_1_sensor_1,Metal,1,0.106942,1,-20.870716
material_0701380_position_1_sensor_2,Metal,1,0.139314,1,-10.051623
material_0701380_position_1_sensor_3,Metal,1,0.085073,1,-19.503153
material_0701380_position_2_sensor_1,Metal,1,0.112286,1,-11.797896
material_0701380_position_2_sensor_2,Metal,1,0.120945,1,-12.163734
material_0701380_position_2_sensor_3,Metal,1,0.097437,1,-20.401842
material_0701380_position_3_sensor_1,Metal,1,0.007255,-1,-68.89023
material_0701380_position_3_sensor_2,Metal,1,0.058163,1,-32.572587
material_0701380_position_3_sensor_3,Metal,1,0.074012,1,-18.593085
material_0701380_position_4_sensor_1,Metal,1,0.117449,1,-12.034411
material_0701380_position_4_sensor_2,Metal,1,0.110057,1,-12.426417
material_0701380_position_4_sensor_3,Metal,1,0.082591,1,-28.464629
material_0701400_position_1_sensor_1,Metal,1,0.101214,1,-9.595261
material_0701400_position_1_sensor_2,Metal,-1,-0.03272,-1,-91.199504
material_0701400_position_1_sensor_3,Metal,1,0.106767,1,-15.143428
material_0701400_position_2_sensor_1,Metal,1,0.077228,1,-23.744728
material_0701400_position_2_sensor_2,Metal,1,0.122717,1,-9.121635
material_0701400_position_2_sensor_3,Metal,1,0.12262,1,-12.430873
material_0701400_position_3_sensor_1,Metal,1,0.112615,1,-13.847999
material_0701400_position_3_sensor_2,Metal,1,0.127447,1,-8.920118
material_0701400_position_3_sensor_3,Metal,1,0.124949,1,-11.486953
material_0701400_position_4_sensor_1,Metal,1,0.137772,1,-6.626108
material_0701400_position_4_sensor_2,Metal,1,0.10214,1,-15.137456
material_0701400_position_4_sensor_3,Metal,1,0.052545,1,-20.06924
material_0701400_position_5_sensor_1,Metal,1,0.10926,1,-13.64521
material_0701400_position_5_sensor_2,Metal,1,0.103916,1,-12.435799
material_0701400_position_5_sensor_3,Metal,1,0.053996,-1,-42.573161
material_0701420_position_1_sensor_1,Metal,1,0.127836,1,-12.639214
material_0701420_position_1_sensor_2,Metal,1,0.119719,1,-12.32717
material_0701420_position_1_sensor_3,Metal,1,0.109789,1,-16.931972
material_0701420_position_2_sensor_1,Metal,1,0.055617,1,-23.57061
material_0701420_position_2_sensor_2,Metal,1,0.133479,1,-10.737412
material_0701420_position_2_sensor_3,Metal,1,0.118183,1,-12.714715
material_0701420_position_3_sensor_1,Metal,1,0.062214,1,-36.373669
material_0701420_position_3_sensor_2,Metal,1,0.043497,-1,-43.243627
material_0701420_position_3_sensor_3,Metal,1,0.005636,-1,-39.144893
material_0701420_position_4_sensor_1,Metal,1,0.031272,-1,-50.58132
material_0701420_position_4_sensor_2,Metal,1,0.024703,-1,-49.564091
material_0701420_position_4_sensor_3,Metal,-1,-0.009525,-1,-89.904554
material_0701420_position_5_sensor_1,Metal,1,0.098415,1,-21.151857
material_0701420_position_5_sensor_2,Metal,1,0.069515,-1,-43.715912
material_0701420_position_5_sensor_3,Metal,1,0.084022,1,-21.289141
material_0701420_position_6_sensor_1,Metal,-1,-0.014333,-1,-80.246682
material_0701420_position_6_sensor_2,Metal,1,0.12068,1,-12.200679
material_0701420_position_6_sensor_3,Metal,1,0.102192,1,-23.68159
material_0701430_position_1_sensor_1,Metal,1,0.00037,-1,-78.793622
material_0701430_position_1_sensor_2,Metal,1,0.074985,1,-37.284343
material_0701430_position_1_sensor_3,Metal,1,0.042724,-1,-45.956915
material_0701430_position_2_sensor_1,Metal,-1,-0.020443,-1,-102.342705
material_0701430_position_2_sensor_2,Metal,1,0.088721,1,-30.699276
material_0701430_position_2_sensor_3,Metal,1,0.048736,-1,-64.913962
material_0701430_position_3_sensor_1,Metal,1,0.064085,-1,-42.148791
material_0701430_position_3_sensor_2,Metal,1,0.050547,-1,-47.04169
material_0701430_position_3_sensor_3,Metal,1,0.049944,-1,-52.460731
material_0701430_position_4_sensor_1,Metal,1,0.068889,1,-24.737884
material_0701430_position_4_sensor_2,Metal,1,0.085778,1,-34.563298
material_0701430_position_4_sensor_3,Metal,1,0.038289,-1,-63.649485
material_0701430_position_5_sensor_1,Metal,1,0.119281,1,-18.301037
material_0701430_position_5_sensor_2,Metal,1,0.111359,1,-19.332152
material_0701430_position_5_sensor_3,Metal,1,0.088083,1,-20.392038
material_0701430_position_6_sensor_1,Metal,1,0.078055,1,-24.494092
material_0701430_position_6_sensor_2,Metal,1,0.112629,1,-28.098208
material_0701430_position_6_sensor_3,Metal,1,0.046596,-1,-61.649652
material_0701460_position_1_sensor_1,Metal,1,0.113123,1,-15.135779
material_0701460_position_1_sensor_2,Metal,1,0.107772,1,-9.821772
material_0701460_position_1_sensor_3,Metal,1,0.117401,1,-12.421481
material_0701460_position_2_sensor_1,Metal,1,0.102161,1,-15.572602
material_0701460_position_2_sensor_2,Metal,1,0.122713,1,-8.708458
material_0701460_position_2_sensor_3,Metal,1,0.118029,1,-13.388573
material_0701460_position_3_sensor_1,Metal,1,0.061366,1,-30.346078
material_0701460_position_3_sensor_2,Metal,1,0.070874,1,-27.718976
material_0701460_position_3_sensor_3,Metal,1,0.091481,1,-21.541874
material_0701460_position_4_sensor_1,Metal,1,0.115253,1,-13.011793
material_0701460_position_4_sensor_2,Metal,1,0.13131,1,-8.139765
material_0701460_position_4_sensor_3,Metal,1,0.119125,1,-13.21034
material_0701460_position_5_sensor_1,Metal,1,0.111616,1,-12.605551
material_0701460_position_5_sensor_2,Metal,1,0.118385,1,-12.898728
material_0701460_position_5_sensor_3,Metal,1,0.121934,1,-16.021205
material_0701490_position_1_sensor_1,Metal,1,0.104657,1,-7.827528
material_0701490_position_1_sensor_2,Metal,1,0.128634,1,-8.567354
material_0701490_position_1_sensor_3,Metal,1,0.135055,1,-7.250173
material_0701490_position_10_sensor_1,Metal,1,0.12827,1,-6.944979
material_0701490_position_10_sensor_2,Metal,1,0.133097,1,-8.062731
material_0701490_position_10_sensor_3,Metal,1,0.131145,1,-8.206167
material_0701490_position_11_sensor_1,Metal,1,0.129317,1,-8.942331
material_0701490_position_11_sensor_2,Metal,1,0.116186,1,-14.077545
material_0701490_position_11_sensor_3,Metal,1,0.126373,1,-10.138804
material_0701490_position_12_sensor_1,Metal,1,0.115158,1,-9.253638
material_0701490_position_12_sensor_2,Metal,1,0.108549,1,-13.481377
material_0701490_position_12_sensor_3,Metal,1,0.134642,1,-9.044798
material_0701490_position_13_sensor_1,Metal,1,0.132083,1,-9.789216
material_0701490_position_13_sensor_2,Metal,1,0.132372,1,-7.942988
material_0701490_position_13_sensor_3,Metal,1,0.149767,1,-7.389643
material_0701490_position_14_sensor_1,Metal,1,0.123236,1,-9.462481
material_0701490_position_14_sensor_2,Metal,1,0.120746,1,-13.494861
material_0701490_position_14_sensor_3,Metal,1,0.134083,1,-7.919213
material_0701490_position_2_sensor_1,Metal,1,0.138476,1,-7.071477
material_0701490_position_2_sensor_2,Metal,1,0.129668,1,-8.270353
material_0701490_position_2_sensor_3,Metal,1,0.141267,1,-6.72659
material_0701490_position_3_sensor_1,Metal,1,0.12709,1,-9.533903
material_0701490_position_3_sensor_2,Metal,1,0.127297,1,-10.757383
material_0701490_position_3_sensor_3,Metal,1,0.140822,1,-9.330156
material_0701490_position_4_sensor_1,Metal,1,0.128035,1,-10.690028
material_0701490_position_4_sensor_2,Metal,1,0.131729,1,-10.243344
material_0701490_position_4_sensor_3,Metal,1,0.054551,-1,-244.347335
material_0701490_position_5_sensor_1,Metal,1,0.089635,1,-13.06295
material_0701490_position_5_sensor_2,Metal,1,0.11749,1,-17.083685
material_0701490_position_5_sensor_3,Metal,1,0.117621,1,-12.117092
material_0701490_position_6_sensor_1,Metal,1,0.118147,1,-11.44806
material_0701490_position_6_sensor_2,Metal,1,0.120934,1,-15.026342
material_0701490_position_6_sensor_3,Metal,1,0.115142,1,-12.509176
material_0701490_position_7_sensor_1,Metal,1,0.112555,1,-13.449066
material_0701490_position_7_sensor_2,Metal,1,0.121159,1,-12.912822
material_0701490_position_7_sensor_3,Metal,1,0.122054,1,-11.371105
material_0701490_position_8_sensor_1,Metal,-1,-0.008265,-1,-94.043453
material_0701490_position_8_sensor_2,Metal,1,0.100725,-1,-142.696127
material_0701490_position_8_sensor_3,Metal,-1,-0.08261,-1,-329.337319
material_0701490_position_9_sensor_1,Metal,1,0.13075,1,-7.901988
material_0701490_position_9_sensor_2,Metal,1,0.12024,1,-9.048315
material_0701490_position_9_sensor_3,Metal,1,0.127931,1,-8.568584
material_0701500_position_1_sensor_1,Metal,-1,-0.170092,-1,-1465.885175
material_0701500_position_1_sensor_2,Metal,1,0.105358,1,-21.787492
material_0701500_position_1_sensor_3,Metal,1,0.11033,1,-15.615198
material_0701500_position_2_sensor_1,Metal,-1,-0.144398,-1,-811.962808
material_0701500_position_2_sensor_2,Metal,1,0.139468,1,-6.998681
material_0701500_position_2_sensor_3,Metal,1,0.140781,1,-8.653094
material_0701500_position_3_sensor_1,Metal,1,0.097183,1,-8.851183
material_0701500_position_3_sensor_2,Metal,1,0.133912,1,-7.461717
material_0701500_position_3_sensor_3,Metal,1,0.129961,1,-7.865377
material_0701500_position_4_sensor_1,Metal,1,0.138942,1,-6.836
material_0701500_position_4_sensor_2,Metal,1,0.129634,1,-8.175511
material_0701500_position_4_sensor_3,Metal,1,0.140212,1,-9.622956
material_0701500_position_5_sensor_1,Metal,1,0.138544,1,-7.151774
material_0701500_position_5_sensor_2,Metal,1,0.130244,1,-7.763503
material_0701500_position_5_sensor_3,Metal,1,0.146077,1,-8.01808
material_0701500_position_6_sensor_1,Metal,1,0.051794,1,-25.636002
material_0701500_position_6_sensor_2,Metal,1,0.110786,1,-14.250063
material_0701500_position_6_sensor_3,Metal,-1,-0.00044,-1,-91.208557
material_0701500_position_7_sensor_1,Metal,1,0.122183,1,-9.265579
material_0701500_position_7_sensor_2,Metal,1,0.133458,1,-7.926327
material_0701500_position_7_sensor_3,Metal,1,0.138371,1,-9.187068
material_0701610_position_1_sensor_1,Textiles_Leather,1,0.100994,1,-15.158485
material_0701610_position_1_sensor_2,Textiles_Leather,1,0.133446,1,-9.471591
material_0701610_position_1_sensor_3,Textiles_Leather,1,0.013474,-1,-87.676861
material_0701610_position_2_sensor_1,Textiles_Leather,-1,-0.052655,-1,-91.511001
material_0701610_position_2_sensor_2,Textiles_Leather,1,0.108771,1,-15.897577
material_0701610_position_2_sensor_3,Textiles_Leather,1,0.111032,1,-16.811829
material_0701610_position_3_sensor_1,Textiles_Leather,1,0.112511,1,-12.548642
material_0701610_position_3_sensor_2,Textiles_Leather,1,0.124003,1,-11.358238
material_0701610_position_3_sensor_3,Textiles_Leather,1,0.102601,1,-15.183967
material_0701610_position_4_sensor_1,Textiles_Leather,1,0.09475,1,-13.523239
material_0701610_position_4_sensor_2,Textiles_Leather,1,0.118929,1,-9.363473
material_0701610_position_4_sensor_3,Textiles_Leather,1,0.116549,1,-14.535796
material_0701650_position_1_sensor_1,Textiles_Leather,1,0.066234,1,-16.241151
material_0701650_position_1_sensor_2,Textiles_Leather,1,0.110186,1,-11.068516
material_0701650_position_1_sensor_3,Textiles_Leather,1,0.081979,1,-21.162678
material_0701650_position_2_sensor_1,Textiles_Leather,1,0.125465,1,-8.407531
material_0701650_position_2_sensor_2,Textiles_Leather,1,0.128413,1,-8.672765
material_0701650_position_2_sensor_3,Textiles_Leather,1,0.126466,1,-9.093066
material_0701650_position_3_sensor_1,Textiles_Leather,1,0.125204,1,-9.288419
material_0701650_position_3_sensor_2,Textiles_Leather,1,0.133263,1,-6.330672
material_0701650_position_3_sensor_3,Textiles_Leather,1,0.130093,1,-7.750138
material_0701650_position_4_sensor_1,Textiles_Leather,1,0.112949,1,-9.229802
material_0701650_position_4_sensor_2,Textiles_Leather,1,0.132161,1,-6.13221
material_0701650_position_4_sensor_3,Textiles_Leather,1,0.123649,1,-7.845673
material_0701710_position_1_sensor_1,Crafts,1,0.125785,1,-6.490352
material_0701710_position_1_sensor_2,Crafts,1,0.128829,1,-8.192106
material_0701710_position_1_sensor_3,Crafts,1,0.105087,1,-12.256877
material_0701710_position_2_sensor_1,Crafts,1,0.127024,1,-8.002203
material_0701710_position_2_sensor_2,Crafts,1,0.139015,1,-7.823935
material_0701710_position_2_sensor_3,Crafts,1,0.124007,1,-10.553179
material_0701710_position_3_sensor_1,Crafts,1,0.144652,1,-6.664358
material_0701710_position_3_sensor_2,Crafts,1,0.116573,1,-9.258875
material_0701710_position_3_sensor_3,Crafts,1,0.116403,1,-12.195368
material_0701710_position_4_sensor_1,Crafts,1,0.135538,1,-7.349696
material_0701710_position_4_sensor_2,Crafts,1,0.116546,1,-9.281354
material_0701710_position_4_sensor_3,Crafts,1,0.129495,1,-8.48161
material_0701710_position_5_sensor_1,Crafts,1,0.130122,1,-8.100434
material_0701710_position_5_sensor_2,Crafts,1,0.137316,1,-7.380862
material_0701710_position_5_sensor_3,Crafts,1,0.132108,1,-8.231083
material_0701720_position_1_sensor_1,Crafts,1,0.095569,1,-24.114823
material_0701720_position_1_sensor_2,Crafts,1,0.110008,1,-16.058528
material_0701720_position_1_sensor_3,Crafts,1,0.127427,1,-14.338795
material_0701720_position_2_sensor_1,Crafts,1,0.087919,1,-9.769733
material_0701720_position_2_sensor_2,Crafts,-1,-0.038935,-1,-130.81859
material_0701720_position_2_sensor_3,Crafts,1,0.126114,1,-10.49064
material_0701720_position_3_sensor_1,Crafts,1,0.134172,1,-9.584865
material_0701720_position_3_sensor_2,Crafts,1,0.120764,1,-13.062886
material_0701720_position_3_sensor_3,Crafts,1,0.122689,1,-11.769529
material_0701720_position_4_sensor_1,Crafts,1,0.119508,1,-12.763641
material_0701720_position_4_sensor_2,Crafts,1,0.097711,1,-14.13627
material_0701720_position_4_sensor_3,Crafts,1,0.098126,1,-15.523499
material_0701720_position_5_sensor_1,Crafts,1,0.141977,1,-8.643549
material_0701720_position_5_sensor_2,Crafts,1,0.136781,1,-12.922512
material_0701720_position_5_sensor_3,Crafts,1,0.128692,1,-10.742413
material_0701720_position_6_sensor_1,Crafts,1,0.126979,1,-9.666334
material_0701720_position_6_sensor_2,Crafts,1,0.135582,1,-6.217339
material_0701720_position_6_sensor_3,Crafts,1,0.106171,1,-15.467322
material_0701720_position_7_sensor_1,Crafts,1,0.096558,1,-9.078632
material_0701720_position_7_sensor_2,Crafts,1,0.120773,1,-11.312639
material_0701720_position_7_sensor_3,Crafts,1,0.123179,1,-11.594778
material_0701840_position_1_sensor_1,Plastic_Rubber,1,0.090846,1,-11.12182
material_0701840_position_1_sensor_2,Plastic_Rubber,1,0.141139,1,-6.291852
material_0701840_position_1_sensor_3,Plastic_Rubber,1,0.127207,1,-8.358645
material_0701840_position_2_sensor_1,Plastic_Rubber,1,0.132594,1,-9.559264
material_0701840_position_2_sensor_2,Plastic_Rubber,1,0.125089,1,-7.895151
material_0701840_position_2_sensor_3,Plastic_Rubber,1,0.127879,1,-9.784904
material_0701840_position_3_sensor_1,Plastic_Rubber,1,0.087883,1,-19.179098
material_0701840_position_3_sensor_2,Plastic_Rubber,1,0.123439,1,-9.955497
material_0701840_position_3_sensor_3,Plastic_Rubber,1,0.102402,1,-13.987948
material_0701840_position_4_sensor_1,Plastic_Rubber,1,0.121353,1,-10.103841
material_0701840_position_4_sensor_2,Plastic_Rubber,1,0.109516,1,-12.284213
material_0701840_position_4_sensor_3,Plastic_Rubber,1,0.11282,1,-17.005164
material_0701850_position_1_sensor_1,Plastic_Rubber,1,0.086088,1,-11.518998
material_0701850_position_1_sensor_2,Plastic_Rubber,1,0.111499,1,-13.008056
material_0701850_position_1_sensor_3,Plastic_Rubber,1,0.104021,1,-20.934696
material_0701850_position_2_sensor_1,Plastic_Rubber,1,0.086377,1,-20.411079
material_0701850_position_2_sensor_2,Plastic_Rubber,1,0.080445,1,-24.08728
material_0701850_position_2_sensor_3,Plastic_Rubber,1,0.096579,1,-16.451517
material_0701850_position_3_sensor_1,Plastic_Rubber,1,0.096195,1,-19.963373
material_0701850_position_3_sensor_2,Plastic_Rubber,1,0.004434,-1,-72.614362
material_0701850_position_3_sensor_3,Plastic_Rubber,1,0.091141,1,-17.945616
material_0701850_position_4_sensor_1,Plastic_Rubber,1,0.103018,1,-9.999166
material_0701850_position_4_sensor_2,Plastic_Rubber,1,0.091378,1,-21.387008
material_0701850_position_4_sensor_3,Plastic_Rubber,1,0.127293,1,-9.826149
material_0701890_position_1_sensor_1,Paper_Cardboard,1,0.1372,1,-8.013851
material_0701890_position_1_sensor_2,Paper_Cardboard,1,0.136934,1,-9.398132
material_0701890_position_1_sensor_3,Paper_Cardboard,1,0.117237,1,-12.162507
material_0701890_position_2_sensor_1,Paper_Cardboard,1,0.141863,1,-5.73605
material_0701890_position_2_sensor_2,Paper_Cardboard,1,0.131225,1,-7.6034
material_0701890_position_2_sensor_3,Paper_Cardboard,1,0.12994,1,-7.918638
material_0701890_position_3_sensor_1,Paper_Cardboard,1,0.102929,1,-14.522528
material_0701890_position_3_sensor_2,Paper_Cardboard,1,0.112657,1,-12.744969
material_0701890_position_3_sensor_3,Paper_Cardboard,1,0.130733,1,-10.400941
material_0701890_position_4_sensor_1,Paper_Cardboard,1,0.112036,1,-12.73705
material_0701890_position_4_sensor_2,Paper_Cardboard,1,0.14002,1,-8.892133
material_0701890_position_4_sensor_3,Paper_Cardboard,1,0.12736,1,-11.699191
material_0701890_position_5_sensor_1,Paper_Cardboard,1,0.10454,1,-13.872613
material_0701890_position_5_sensor_2,Paper_Cardboard,1,0.110769,1,-13.324262
material_0701890_position_5_sensor_3,Paper_Cardboard,1,0.113176,1,-15.581572
material_0701990_position_1_sensor_1,Textiles_Leather,1,0.113386,1,-8.531358
material_0701990_position_1_sensor_2,Textiles_Leather,1,0.12863,1,-15.07031
material_0701990_position_1_sensor_3,Textiles_Leather,1,0.130494,1,-8.253554
material_0701990_position_2_sensor_1,Textiles_Leather,1,0.12685,1,-8.184524
material_0701990_position_2_sensor_2,Textiles_Leather,1,0.136009,1,-5.688707
material_0701990_position_2_sensor_3,Textiles_Leather,1,0.116724,1,-9.21747
material_0701990_position_3_sensor_1,Textiles_Leather,1,0.129882,1,-8.58522
material_0701990_position_3_sensor_2,Textiles_Leather,1,0.145772,1,-5.876059
material_0701990_position_3_sensor_3,Textiles_Leather,1,0.096783,1,-20.649282
material_0701990_position_4_sensor_1,Textiles_Leather,1,0.129043,1,-8.780545
material_0701990_position_4_sensor_2,Textiles_Leather,-1,-0.065126,-1,-154.208652
material_0701990_position_4_sensor_3,Textiles_Leather,1,0.096825,1,-25.94046
material_0701990_position_5_sensor_1,Textiles_Leather,1,0.119422,1,-9.307878
material_0701990_position_5_sensor_2,Textiles_Leather,1,0.125387,1,-7.390886
material_0701990_position_5_sensor_3,Textiles_Leather,1,0.12582,1,-8.91362
material_0702130_position_1_sensor_1,Paper_Cardboard,1,0.133573,1,-6.512948
material_0702130_position_1_sensor_2,Paper_Cardboard,1,0.136076,1,-11.084491
material_0702130_position_1_sensor_3,Paper_Cardboard,1,0.132085,1,-9.231693
material_0702130_position_2_sensor_1,Paper_Cardboard,1,0.112681,1,-12.754597
material_0702130_position_2_sensor_2,Paper_Cardboard,1,0.11045,1,-19.510237
material_0702130_position_2_sensor_3,Paper_Cardboard,1,0.141665,1,-8.956914
material_0702130_position_3_sensor_1,Paper_Cardboard,1,0.087816,1,-18.560406
material_0702130_position_3_sensor_2,Paper_Cardboard,1,0.112975,1,-11.216859
material_0702130_position_3_sensor_3,Paper_Cardboard,1,0.095815,1,-13.651035
material_0702130_position_4_sensor_1,Paper_Cardboard,1,0.137444,1,-5.426064
material_0702130_position_4_sensor_2,Paper_Cardboard,1,0.136324,1,-9.383875
material_0702130_position_4_sensor_3,Paper_Cardboard,1,0.114151,1,-12.018028
material_0710010_position_1_sensor_1,Plastic_Rubber,1,0.119501,1,-14.994259
material_0710010_position_1_sensor_2,Plastic_Rubber,1,0.127957,1,-7.256639
material_0710010_position_1_sensor_3,Plastic_Rubber,1,0.133718,1,-6.939496
material_0710010_position_2_sensor_1,Plastic_Rubber,1,0.113929,1,-12.459456
material_0710010_position_2_sensor_2,Plastic_Rubber,1,0.119239,1,-8.210172
material_0710010_position_2_sensor_3,Plastic_Rubber,1,0.118488,1,-10.276036
material_0710010_position_3_sensor_1,Plastic_Rubber,1,0.11068,1,-14.176729
material_0710010_position_3_sensor_2,Plastic_Rubber,1,0.128222,1,-9.563179
material_0710010_position_3_sensor_3,Plastic_Rubber,1,0.124518,1,-9.120254
material_0710010_position_4_sensor_1,Plastic_Rubber,1,0.124495,1,-12.260652
material_0710010_position_4_sensor_2,Plastic_Rubber,1,0.123818,1,-10.725835
material_0710010_position_4_sensor_3,Plastic_Rubber,1,0.120318,1,-8.847773
material_0710020_position_1_sensor_1,Plastic_Rubber,1,0.077393,1,-11.154139
material_0710020_position_1_sensor_2,Plastic_Rubber,1,0.09772,1,-13.157342
material_0710020_position_1_sensor_3,Plastic_Rubber,1,0.107094,1,-10.803428
material_0710020_position_2_sensor_1,Plastic_Rubber,1,0.107624,1,-10.750093
material_0710020_position_2_sensor_2,Plastic_Rubber,1,0.05196,-1,-44.363031
material_0710020_position_2_sensor_3,Plastic_Rubber,1,0.083791,1,-27.850844
material_0710020_position_3_sensor_1,Plastic_Rubber,1,0.101378,1,-15.828171
material_0710020_position_3_sensor_2,Plastic_Rubber,1,0.10514,1,-10.991833
material_0710020_position_3_sensor_3,Plastic_Rubber,1,0.013193,1,-33.911572
material_0710020_position_4_sensor_1,Plastic_Rubber,1,0.024658,-1,-54.735899
material_0710020_position_4_sensor_2,Plastic_Rubber,-1,-0.009124,-1,-88.040434
material_0710020_position_4_sensor_3,Plastic_Rubber,1,0.089752,1,-21.130059
material_0710050_position_1_sensor_1,Plastic_Rubber,1,0.074809,1,-18.75748
material_0710050_position_1_sensor_2,Plastic_Rubber,1,0.093581,1,-16.660507
material_0710050_position_1_sensor_3,Plastic_Rubber,1,0.097695,1,-15.107815
material_0710050_position_2_sensor_1,Plastic_Rubber,1,0.114426,1,-13.887707
material_0710050_position_2_sensor_2,Plastic_Rubber,1,0.091124,1,-16.304735
material_0710050_position_2_sensor_3,Plastic_Rubber,1,0.002048,-1,-157.465837
material_0710050_position_3_sensor_1,Plastic_Rubber,1,0.0803,1,-21.501824
material_0710050_position_3_sensor_2,Plastic_Rubber,1,0.111705,1,-16.820288
material_0710050_position_3_sensor_3,Plastic_Rubber,1,0.092637,1,-24.748762
material_0710050_position_4_sensor_1,Plastic_Rubber,1,0.089752,1,-21.871669
material_0710050_position_4_sensor_2,Plastic_Rubber,1,0.107927,1,-14.673576
material_0710050_position_4_sensor_3,Plastic_Rubber,1,0.080971,1,-27.607068
material_0710050_position_5_sensor_1,Plastic_Rubber,-1,-0.029332,-1,-80.005716
material_0710050_position_5_sensor_2,Plastic_Rubber,1,0.059079,1,-38.315452
material_0710050_position_5_sensor_3,Plastic_Rubber,1,0.040394,1,-29.757453
material_0710070_position_1_sensor_1,Wood_Bamboo_Cork,1,0.090939,1,-13.701898
material_0710070_position_1_sensor_2,Wood_Bamboo_Cork,1,0.139722,1,-7.016952
material_0710070_position_1_sensor_3,Wood_Bamboo_Cork,1,0.127583,1,-8.179805
material_0710070_position_2_sensor_1,Wood_Bamboo_Cork,1,0.135357,1,-12.122697
material_0710070_position_2_sensor_2,Wood_Bamboo_Cork,1,0.134304,1,-8.032927
material_0710070_position_2_sensor_3,Wood_Bamboo_Cork,1,0.130115,1,-6.920459
material_0710070_position_3_sensor_1,Wood_Bamboo_Cork,1,0.118253,1,-12.049668
material_0710070_position_3_sensor_2,Wood_Bamboo_Cork,1,0.141517,1,-6.013898
material_0710070_position_3_sensor_3,Wood_Bamboo_Cork,1,0.098267,1,-13.194049
material_0710070_position_4_sensor_1,Wood_Bamboo_Cork,1,0.116035,1,-13.645513
material_0710070_position_4_sensor_2,Wood_Bamboo_Cork,1,0.119248,1,-11.037153
material_0710070_position_4_sensor_3,Wood_Bamboo_Cork,1,0.127225,1,-10.634712
material_0710070_position_6_sensor_1,Wood_Bamboo_Cork,1,0.011923,-1,-52.680484
material_0710070_position_6_sensor_2,Wood_Bamboo_Cork,1,0.124543,1,-8.936242
material_0710070_position_6_sensor_3,Wood_Bamboo_Cork,1,0.128242,1,-7.891897
material_0710080_position_1_sensor_1,Paper_Cardboard,-1,-0.043635,-1,-92.722128
material_0710080_position_1_sensor_2,Paper_Cardboard,-1,-0.192148,-1,-697.490131
material_0710080_position_1_sensor_3,Paper_Cardboard,1,0.123213,1,-10.703422
material_0710080_position_2_sensor_1,Paper_Cardboard,1,0.105197,1,-16.167802
material_0710080_position_2_sensor_2,Paper_Cardboard,1,0.106287,1,-13.558539
material_0710080_position_2_sensor_3,Paper_Cardboard,1,0.092487,1,-15.03111
material_0710080_position_3_sensor_1,Paper_Cardboard,1,0.058843,1,-20.383231
material_0710080_position_3_sensor_2,Paper_Cardboard,1,0.108052,1,-15.575732
material_0710080_position_3_sensor_3,Paper_Cardboard,1,0.096067,1,-15.774892
material_0710080_position_4_sensor_1,Paper_Cardboard,1,0.122544,1,-14.114441
material_0710080_position_4_sensor_2,Paper_Cardboard,1,0.104039,1,-13.125593
material_0710080_position_4_sensor_3,Paper_Cardboard,1,0.099344,1,-14.162338
material_0710100_position_1_sensor_1,Paper_Cardboard,1,0.058186,1,-20.398823
material_0710100_position_1_sensor_2,Paper_Cardboard,1,0.132611,1,-6.794717
material_0710100_position_1_sensor_3,Paper_Cardboard,1,0.133673,1,-9.332698
material_0710100_position_2_sensor_1,Paper_Cardboard,1,0.139711,1,-5.121974
material_0710100_position_2_sensor_2,Paper_Cardboard,1,0.114035,1,-17.176836
material_0710100_position_2_sensor_3,Paper_Cardboard,1,0.132283,1,-8.464808
material_0710100_position_3_sensor_1,Paper_Cardboard,1,0.083717,1,-19.090012
material_0710100_position_3_sensor_2,Paper_Cardboard,1,0.116251,1,-8.747585
material_0710100_position_3_sensor_3,Paper_Cardboard,1,0.120148,1,-11.349711
material_0710100_position_4_sensor_1,Paper_Cardboard,1,0.121135,1,-8.737368
material_0710100_position_4_sensor_2,Paper_Cardboard,1,0.12661,1,-7.88306
material_0710100_position_4_sensor_3,Paper_Cardboard,1,0.128495,1,-8.889328
material_0710100_position_5_sensor_1,Paper_Cardboard,1,0.131807,1,-7.363116
material_0710100_position_5_sensor_2,Paper_Cardboard,1,0.12258,1,-7.590517
material_0710100_position_5_sensor_3,Paper_Cardboard,1,0.087373,1,-11.230091
material_0710140_position_1_sensor_1,Paper_Cardboard,1,0.106473,1,-16.932929
material_0710140_position_1_sensor_2,Paper_Cardboard,1,0.100917,1,-18.289392
material_0710140_position_1_sensor_3,Paper_Cardboard,1,0.103684,1,-14.202137
material_0710140_position_2_sensor_1,Paper_Cardboard,1,0.092315,1,-17.535247
material_0710140_position_2_sensor_2,Paper_Cardboard,1,0.107794,1,-11.8478
material_0710140_position_2_sensor_3,Paper_Cardboard,1,0.109669,1,-13.75922
material_0710140_position_3_sensor_1,Paper_Cardboard,1,0.091314,1,-22.784112
material_0710140_position_3_sensor_2,Paper_Cardboard,1,0.12031,1,-10.718534
material_0710140_position_3_sensor_3,Paper_Cardboard,1,0.12391,1,-10.867085
material_0710140_position_4_sensor_1,Paper_Cardboard,1,0.08904,1,-21.437401
material_0710140_position_4_sensor_2,Paper_Cardboard,1,0.12196,1,-9.686808
material_0710140_position_4_sensor_3,Paper_Cardboard,1,0.100436,1,-15.378366
material_0710150_position_1_sensor_1,Paper_Cardboard,1,0.105809,1,-10.540847
material_0710150_position_1_sensor_2,Paper_Cardboard,1,0.098769,1,-12.367077
material_0710150_position_1_sensor_3,Paper_Cardboard,1,0.087528,1,-11.168078
material_0710150_position_2_sensor_1,Paper_Cardboard,1,0.101608,1,-14.236199
material_0710150_position_2_sensor_2,Paper_Cardboard,1,0.103649,1,-11.009628
material_0710150_position_2_sensor_3,Paper_Cardboard,-1,-0.162999,-1,-347.590959
material_0710150_position_3_sensor_1,Paper_Cardboard,1,0.113574,1,-11.31651
material_0710150_position_3_sensor_2,Paper_Cardboard,1,0.096879,1,-12.815317
material_0710150_position_3_sensor_3,Paper_Cardboard,1,0.123597,1,-8.588405
material_0710150_position_4_sensor_1,Paper_Cardboard,-1,-0.114999,-1,-299.460693
material_0710150_position_4_sensor_2,Paper_Cardboard,1,0.107539,1,-13.032352
material_0710150_position_4_sensor_3,Paper_Cardboard,1,0.136129,1,-8.825076
material_0710180_position_1_sensor_1,Paper_Cardboard,1,0.098222,1,-11.008102
material_0710180_position_1_sensor_2,Paper_Cardboard,1,0.10866,1,-16.717835
material_0710180_position_1_sensor_3,Paper_Cardboard,1,0.123394,1,-11.583478
material_0710180_position_2_sensor_1,Paper_Cardboard,1,0.126279,1,-11.777709
material_0710180_position_2_sensor_2,Paper_Cardboard,1,0.091927,1,-14.333624
material_0710180_position_2_sensor_3,Paper_Cardboard,1,0.120177,1,-12.266673
material_0710180_position_3_sensor_1,Paper_Cardboard,1,0.126452,1,-10.686969
material_0710180_position_3_sensor_2,Paper_Cardboard,1,0.108499,1,-13.566211
material_0710180_position_3_sensor_3,Paper_Cardboard,1,0.081806,1,-23.346092
material_0710180_position_4_sensor_1,Paper_Cardboard,-1,-0.026392,-1,-85.104524
material_0710180_position_4_sensor_2,Paper_Cardboard,1,0.104345,1,-14.177976
material_0710180_position_4_sensor_3,Paper_Cardboard,1,0.072294,1,-23.813888
material_0710180_position_5_sensor_1,Paper_Cardboard,1,0.099522,1,-12.226543
material_0710180_position_5_sensor_2,Paper_Cardboard,1,0.08783,1,-15.526404
material_0710180_position_5_sensor_3,Paper_Cardboard,1,0.079304,1,-23.875698
material_0710190_position_1_sensor_1,Paper_Cardboard,1,0.081306,1,-12.660305
material_0710190_position_1_sensor_2,Paper_Cardboard,1,0.115768,1,-9.904693
material_0710190_position_1_sensor_3,Paper_Cardboard,1,0.121647,1,-8.623692
material_0710190_position_2_sensor_1,Paper_Cardboard,1,0.120777,1,-9.745951
material_0710190_position_2_sensor_2,Paper_Cardboard,1,0.128004,1,-9.316641
material_0710190_position_2_sensor_3,Paper_Cardboard,1,0.130543,1,-8.741171
material_0710190_position_3_sensor_1,Paper_Cardboard,1,0.121256,1,-9.454571
material_0710190_position_3_sensor_2,Paper_Cardboard,1,0.123039,1,-10.104349
material_0710190_position_3_sensor_3,Paper_Cardboard,1,0.138658,1,-8.010008
material_0710190_position_4_sensor_1,Paper_Cardboard,1,0.129112,1,-7.337986
material_0710190_position_4_sensor_2,Paper_Cardboard,1,0.117839,1,-12.725354
material_0710190_position_4_sensor_3,Paper_Cardboard,1,0.123393,1,-8.679014
material_0710200_position_1_sensor_1,Paper_Cardboard,1,0.025825,-1,-52.047244
material_0710200_position_1_sensor_2,Paper_Cardboard,1,0.084768,1,-13.303433
material_0710200_position_1_sensor_3,Paper_Cardboard,1,0.079939,1,-21.21315
material_0710200_position_2_sensor_1,Paper_Cardboard,1,0.086877,1,-26.704388
material_0710200_position_2_sensor_2,Paper_Cardboard,-1,-0.033143,-1,-78.641754
material_0710200_position_2_sensor_3,Paper_Cardboard,-1,-0.030521,-1,-84.625159
material_0710200_position_3_sensor_1,Paper_Cardboard,1,0.008024,-1,-93.032377
material_0710200_position_3_sensor_2,Paper_Cardboard,1,0.114207,1,-14.19951
material_0710200_position_3_sensor_3,Paper_Cardboard,1,0.067503,1,-29.96363
material_0710200_position_4_sensor_1,Paper_Cardboard,1,0.100976,1,-19.667537
material_0710200_position_4_sensor_2,Paper_Cardboard,1,0.097843,1,-12.571958
material_0710200_position_4_sensor_3,Paper_Cardboard,1,0.055297,1,-24.508157
material_0710200_position_5_sensor_1,Paper_Cardboard,1,0.084448,1,-25.145742
material_0710200_position_5_sensor_2,Paper_Cardboard,1,0.095682,1,-12.087967
material_0710200_position_5_sensor_3,Paper_Cardboard,1,0.052206,1,-27.393038
material_0710210_position_1_sensor_1,Paper_Cardboard,1,0.097251,1,-10.488508
material_0710210_position_1_sensor_2,Paper_Cardboard,1,0.128084,1,-9.36944
material_0710210_position_1_sensor_3,Paper_Cardboard,1,0.151892,1,-5.653809
material_0710210_position_2_sensor_1,Paper_Cardboard,1,0.114764,1,-14.57658
material_0710210_position_2_sensor_2,Paper_Cardboard,1,0.097886,1,-14.785455
material_0710210_position_2_sensor_3,Paper_Cardboard,1,0.113494,1,-14.114549
material_0710210_position_3_sensor_1,Paper_Cardboard,1,0.135284,1,-7.558949
material_0710210_position_3_sensor_2,Paper_Cardboard,1,0.122804,1,-9.893485
material_0710210_position_3_sensor_3,Paper_Cardboard,1,0.126058,1,-8.676439
material_0710210_position_4_sensor_1,Paper_Cardboard,1,0.117595,1,-12.724526
material_0710210_position_4_sensor_2,Paper_Cardboard,1,0.108695,1,-12.97106
material_0710210_position_4_sensor_3,Paper_Cardboard,1,0.112012,1,-13.730111
material_0710220_position_1_sensor_1,Paper_Cardboard,1,0.081897,1,-15.456145
material_0710220_position_1_sensor_2,Paper_Cardboard,1,0.109618,1,-17.860195
material_0710220_position_1_sensor_3,Paper_Cardboard,1,0.144278,1,-7.341508
material_0710220_position_2_sensor_1,Paper_Cardboard,1,0.074178,1,-26.866962
material_0710220_position_2_sensor_2,Paper_Cardboard,1,0.125011,1,-9.528745
material_0710220_position_2_sensor_3,Paper_Cardboard,1,0.122296,1,-11.087025
material_0710220_position_3_sensor_1,Paper_Cardboard,1,0.102254,1,-17.180287
material_0710220_position_3_sensor_2,Paper_Cardboard,1,0.110538,1,-12.686979
material_0710220_position_3_sensor_3,Paper_Cardboard,1,0.110283,1,-15.188736
material_0710220_position_4_sensor_1,Paper_Cardboard,1,0.072825,1,-21.594094
material_0710220_position_4_sensor_2,Paper_Cardboard,1,0.124252,1,-9.873363
material_0710220_position_4_sensor_3,Paper_Cardboard,1,0.110487,1,-13.430289
material_0710240_position_1_sensor_1,Paper_Cardboard,1,0.057707,1,-17.860625
material_0710240_position_1_sensor_2,Paper_Cardboard,1,0.087761,1,-19.100856
material_0710240_position_1_sensor_3,Paper_Cardboard,1,0.018831,-1,-60.340143
material_0710240_position_2_sensor_1,Paper_Cardboard,1,0.07982,1,-30.049577
material_0710240_position_2_sensor_2,Paper_Cardboard,1,0.072941,1,-26.449627
material_0710240_position_2_sensor_3,Paper_Cardboard,1,0.055659,1,-31.167482
material_0710240_position_3_sensor_1,Paper_Cardboard,1,0.081125,1,-18.341881
material_0710240_position_3_sensor_2,Paper_Cardboard,1,0.009044,-1,-64.454985
material_0710240_position_3_sensor_3,Paper_Cardboard,1,0.095165,1,-15.900089
material_0710240_position_4_sensor_1,Paper_Cardboard,1,0.058229,-1,-41.106382
material_0710240_position_4_sensor_2,Paper_Cardboard,1,0.073207,1,-27.059358
material_0710240_position_4_sensor_3,Paper_Cardboard,1,0.051289,1,-31.79256
material_0710240_position_5_sensor_1,Paper_Cardboard,-1,-0.041187,-1,-81.613479
material_0710240_position_5_sensor_2,Paper_Cardboard,1,0.040728,1,-37.357452
material_0710240_position_5_sensor_3,Paper_Cardboard,1,0.081006,1,-22.535494
material_0710280_position_1_sensor_1,Paper_Cardboard,1,0.093975,1,-15.575197
material_0710280_position_1_sensor_2,Paper_Cardboard,1,0.102748,1,-14.968254
material_0710280_position_1_sensor_3,Paper_Cardboard,1,0.102315,1,-15.914859
material_0710280_position_2_sensor_1,Paper_Cardboard,1,0.029294,-1,-42.039165
material_0710280_position_2_sensor_2,Paper_Cardboard,1,0.097063,1,-19.12915
material_0710280_position_2_sensor_3,Paper_Cardboard,1,0.05685,1,-38.307056
material_0710280_position_3_sensor_1,Paper_Cardboard,1,0.049897,1,-30.695014
material_0710280_position_3_sensor_2,Paper_Cardboard,1,0.091317,1,-21.816717
material_0710280_position_3_sensor_3,Paper_Cardboard,1,0.024875,1,-35.315215
material_0710280_position_4_sensor_1,Paper_Cardboard,1,0.105843,1,-16.842203
material_0710280_position_4_sensor_2,Paper_Cardboard,1,0.090731,1,-21.431789
material_0710280_position_4_sensor_3,Paper_Cardboard,1,0.106032,1,-16.279181
material_0710280_position_5_sensor_1,Paper_Cardboard,1,0.089489,1,-32.063253
material_0710280_position_5_sensor_2,Paper_Cardboard,1,0.09741,1,-18.126993
material_0710280_position_5_sensor_3,Paper_Cardboard,1,0.056016,1,-29.311426
material_0710300_position_1_sensor_1,Paper_Cardboard,1,0.083285,1,-14.651264
material_0710300_position_1_sensor_2,Paper_Cardboard,1,0.131879,1,-11.261377
material_0710300_position_1_sensor_3,Paper_Cardboard,1,0.138745,1,-7.462579
material_0710300_position_2_sensor_1,Paper_Cardboard,1,0.072368,1,-22.524146
material_0710300_position_2_sensor_2,Paper_Cardboard,1,0.107899,1,-16.805538
material_0710300_position_2_sensor_3,Paper_Cardboard,1,0.119582,1,-12.425675
material_0710300_position_3_sensor_1,Paper_Cardboard,1,0.089167,1,-19.532256
material_0710300_position_3_sensor_2,Paper_Cardboard,-1,-0.056191,-1,-135.227904
material_0710300_position_3_sensor_3,Paper_Cardboard,1,0.108395,1,-10.94672
material_0710300_position_4_sensor_1,Paper_Cardboard,1,0.100389,1,-21.739814
material_0710300_position_4_sensor_2,Paper_Cardboard,1,0.118707,1,-12.687117
material_0710300_position_4_sensor_3,Paper_Cardboard,1,0.090791,1,-13.9014
material_0710300_position_5_sensor_1,Paper_Cardboard,1,0.111876,1,-15.10477
material_0710300_position_5_sensor_2,Paper_Cardboard,1,0.097767,1,-12.072353
material_0710300_position_5_sensor_3,Paper_Cardboard,1,0.125143,1,-10.331643
material_0710310_position_1_sensor_1,Metal,1,0.113887,1,-21.476046
material_0710310_position_1_sensor_2,Metal,1,0.120218,1,-13.44574
material_0710310_position_1_sensor_3,Metal,1,0.101376,1,-17.332514
material_0710310_position_2_sensor_1,Metal,1,0.053703,-1,-53.478261
material_0710310_position_2_sensor_2,Metal,1,0.014473,-1,-66.526097
material_0710310_position_2_sensor_3,Metal,1,0.029358,-1,-68.796627
material_0710310_position_3_sensor_1,Metal,1,0.107164,1,-17.746931
material_0710310_position_3_sensor_2,Metal,1,0.10721,1,-34.935915
material_0710310_position_3_sensor_3,Metal,1,0.10884,1,-21.029951
material_0710310_position_4_sensor_1,Metal,1,0.058697,-1,-39.083128
material_0710310_position_4_sensor_2,Metal,1,0.061151,-1,-42.558543
material_0710310_position_4_sensor_3,Metal,1,0.033043,-1,-64.401579
material_0710310_position_5_sensor_1,Metal,1,0.08112,-1,-39.760563
material_0710310_position_5_sensor_2,Metal,1,0.055138,-1,-75.467681
material_0710310_position_5_sensor_3,Metal,1,0.013782,-1,-105.363785
material_0710330_position_1_sensor_1,Textiles_Leather,1,0.109425,1,-13.677631
material_0710330_position_1_sensor_2,Textiles_Leather,1,0.10786,1,-19.505066
material_0710330_position_1_sensor_3,Textiles_Leather,1,0.113272,1,-18.857002
material_0710330_position_2_sensor_1,Textiles_Leather,1,0.105506,1,-13.68547
material_0710330_position_2_sensor_2,Textiles_Leather,1,0.144967,1,-6.204488
material_0710330_position_2_sensor_3,Textiles_Leather,1,0.126902,1,-8.179513
material_0710330_position_3_sensor_1,Textiles_Leather,1,0.07444,1,-24.467709
material_0710330_position_3_sensor_2,Textiles_Leather,1,0.146218,1,-7.250027
material_0710330_position_3_sensor_3,Textiles_Leather,1,0.11948,1,-8.984655
material_0710330_position_4_sensor_1,Textiles_Leather,1,0.11758,1,-10.070395
material_0710330_position_4_sensor_2,Textiles_Leather,1,0.116255,1,-10.815662
material_0710330_position_4_sensor_3,Textiles_Leather,1,0.126948,1,-8.46984
material_0710330_position_5_sensor_1,Textiles_Leather,1,0.10395,1,-14.620795
material_0710330_position_5_sensor_2,Textiles_Leather,1,0.129831,1,-6.947619
material_0710330_position_5_sensor_3,Textiles_Leather,1,0.138714,1,-7.867038
material_0710340_position_1_sensor_1,Textiles_Leather,1,0.121229,1,-15.322614
material_0710340_position_1_sensor_2,Textiles_Leather,1,0.107124,1,-12.234405
material_0710340_position_1_sensor_3,Textiles_Leather,1,0.122019,1,-10.634662
material_0710340_position_2_sensor_1,Textiles_Leather,1,0.112169,1,-13.650996
material_0710340_position_2_sensor_2,Textiles_Leather,1,0.122637,1,-8.795609
material_0710340_position_2_sensor_3,Textiles_Leather,1,0.126265,1,-8.901871
material_0710340_position_3_sensor_1,Textiles_Leather,1,0.127123,1,-10.03536
material_0710340_position_3_sensor_2,Textiles_Leather,1,0.116388,1,-10.686526
material_0710340_position_3_sensor_3,Textiles_Leather,1,0.125494,1,-9.679297
material_0710340_position_5_sensor_1,Textiles_Leather,1,0.080525,1,-12.219466
material_0710340_position_5_sensor_2,Textiles_Leather,1,0.131335,1,-5.679115
material_0710340_position_5_sensor_3,Textiles_Leather,1,0.121452,1,-9.013033
material_0710340_position_6_sensor_1,Textiles_Leather,1,0.096225,1,-18.437583
material_0710340_position_6_sensor_2,Textiles_Leather,1,0.086791,1,-16.576233
material_0710340_position_6_sensor_3,Textiles_Leather,1,0.101039,1,-14.751615
material_0710340_position_7_sensor_1,Textiles_Leather,1,0.11404,1,-10.307983
material_0710340_position_7_sensor_2,Textiles_Leather,1,0.140343,1,-5.563267
material_0710340_position_7_sensor_3,Textiles_Leather,1,0.075123,1,-17.694375
material_0710340_position_8_sensor_1,Textiles_Leather,1,0.108519,1,-14.347258
material_0710340_position_8_sensor_2,Textiles_Leather,1,0.087007,1,-16.319308
material_0710340_position_8_sensor_3,Textiles_Leather,1,0.052131,1,-38.55227
material_0710340_position_9_sensor_1,Textiles_Leather,1,0.067577,1,-22.149673
material_0710340_position_9_sensor_2,Textiles_Leather,1,0.109287,1,-13.036079
material_0710340_position_9_sensor_3,Textiles_Leather,1,0.082854,1,-18.997914
material_0710360_position_1_sensor_1,Textiles_Leather,1,0.120415,1,-12.452562
material_0710360_position_1_sensor_2,Textiles_Leather,1,0.131892,1,-7.186091
material_0710360_position_1_sensor_3,Textiles_Leather,1,0.090446,1,-19.636148
material_0710360_position_2_sensor_1,Textiles_Leather,1,0.122947,1,-10.129159
material_0710360_position_2_sensor_2,Textiles_Leather,1,0.125408,1,-7.839165
material_0710360_position_2_sensor_3,Textiles_Leather,1,0.0956,1,-17.912388
material_0710360_position_3_sensor_1,Textiles_Leather,1,0.108085,1,-14.925027
material_0710360_position_3_sensor_2,Textiles_Leather,1,0.118392,1,-10.468842
material_0710360_position_3_sensor_3,Textiles_Leather,1,0.092165,1,-16.511599
material_0710360_position_4_sensor_1,Textiles_Leather,1,0.124746,1,-10.030996
material_0710360_position_4_sensor_2,Textiles_Leather,1,0.121699,1,-9.24641
material_0710360_position_4_sensor_3,Textiles_Leather,1,0.100584,1,-16.680796
material_0710360_position_5_sensor_1,Textiles_Leather,1,0.121672,1,-10.543016
material_0710360_position_5_sensor_2,Textiles_Leather,1,0.112103,1,-10.763243
material_0710360_position_5_sensor_3,Textiles_Leather,1,0.085133,1,-16.807813
material_0710380_position_1_sensor_1,Textiles_Leather,-1,-0.144968,-1,-282.176406
material_0710380_position_1_sensor_2,Textiles_Leather,1,0.130419,1,-7.847874
material_0710380_position_1_sensor_3,Textiles_Leather,1,0.127143,1,-9.987536
material_0710380_position_2_sensor_1,Textiles_Leather,1,0.126071,1,-10.336651
material_0710380_position_2_sensor_2,Textiles_Leather,1,0.12244,1,-16.452899
material_0710380_position_2_sensor_3,Textiles_Leather,1,0.121693,1,-12.674292
material_0710380_position_3_sensor_1,Textiles_Leather,1,0.114706,1,-12.765504
material_0710380_position_3_sensor_2,Textiles_Leather,1,0.130046,1,-8.315633
material_0710380_position_3_sensor_3,Textiles_Leather,1,0.130411,1,-10.631818
material_0710380_position_4_sensor_1,Textiles_Leather,1,0.102888,1,-23.386225
material_0710380_position_4_sensor_2,Textiles_Leather,1,0.119203,1,-12.032263
material_0710380_position_4_sensor_3,Textiles_Leather,1,0.120689,1,-16.015402
material_0710390_position_1_sensor_1,Textiles_Leather,1,0.085466,1,-13.318753
material_0710390_position_1_sensor_2,Textiles_Leather,1,0.102582,1,-10.737394
material_0710390_position_1_sensor_3,Textiles_Leather,1,0.024377,-1,-56.67145
material_0710390_position_2_sensor_1,Textiles_Leather,1,0.1234,1,-11.017813
material_0710390_position_2_sensor_2,Textiles_Leather,1,0.119543,1,-7.084891
material_0710390_position_2_sensor_3,Textiles_Leather,1,0.10671,1,-15.597838
material_0710390_position_3_sensor_1,Textiles_Leather,1,0.123575,1,-10.479378
material_0710390_position_3_sensor_2,Textiles_Leather,1,0.115445,1,-8.856376
material_0710390_position_3_sensor_3,Textiles_Leather,1,0.09965,1,-16.392181
material_0710390_position_4_sensor_1,Textiles_Leather,1,0.126348,1,-10.873655
material_0710390_position_4_sensor_2,Textiles_Leather,1,0.108774,1,-9.151629
material_0710390_position_4_sensor_3,Textiles_Leather,1,0.092923,1,-15.491963
material_0710390_position_5_sensor_1,Textiles_Leather,1,0.132104,1,-5.541816
material_0710390_position_5_sensor_2,Textiles_Leather,1,0.113604,1,-8.867016
material_0710390_position_5_sensor_3,Textiles_Leather,1,0.066509,1,-20.306045
material_0710510_position_1_sensor_1,Small_Items,1,0.0513,1,-36.407512
material_0710510_position_1_sensor_2,Small_Items,1,0.11683,1,-11.15814
material_0710510_position_1_sensor_3,Small_Items,1,0.144351,1,-5.910036
material_0710510_position_2_sensor_1,Small_Items,1,0.094228,1,-15.425402
material_0710510_position_2_sensor_2,Small_Items,1,0.099692,1,-15.407019
material_0710510_position_2_sensor_3,Small_Items,1,0.125484,1,-10.653231
material_0710510_position_3_sensor_1,Small_Items,1,0.120098,1,-10.217662
material_0710510_position_3_sensor_2,Small_Items,-1,-0.089582,-1,-152.502681
material_0710510_position_3_sensor_3,Small_Items,1,0.130218,1,-9.687849
material_0710510_position_4_sensor_1,Small_Items,1,0.116637,1,-9.678418
material_0710510_position_4_sensor_2,Small_Items,1,0.118127,1,-9.462321
material_0710510_position_4_sensor_3,Small_Items,1,0.132349,1,-8.008942
material_0710520_position_1_sensor_1,Small_Items,1,0.124879,1,-8.583991
material_0710520_position_1_sensor_2,Small_Items,1,0.135885,1,-6.564298
material_0710520_position_1_sensor_3,Small_Items,1,0.071531,1,-19.211499
material_0710520_position_2_sensor_1,Small_Items,1,0.12179,1,-8.928444
material_0710520_position_2_sensor_2,Small_Items,1,0.140002,1,-6.773525
material_0710520_position_2_sensor_3,Small_Items,1,0.080724,1,-16.654399
material_0710520_position_3_sensor_1,Small_Items,1,0.114962,1,-13.399008
material_0710520_position_3_sensor_2,Small_Items,-1,-0.07137,-1,-208.284061
material_0710520_position_3_sensor_3,Small_Items,1,0.087035,1,-17.106669
material_0710520_position_4_sensor_1,Small_Items,1,0.124607,1,-10.849504
material_0710520_position_4_sensor_2,Small_Items,1,0.140956,1,-6.91584
material_0710520_position_4_sensor_3,Small_Items,1,0.097405,1,-13.764884
material_0710520_position_5_sensor_1,Small_Items,1,0.109974,1,-14.220873
material_0710520_position_5_sensor_2,Small_Items,1,0.129208,1,-9.618984
material_0710520_position_5_sensor_3,Small_Items,1,0.088354,1,-16.674903
material_0710530_position_1_sensor_1,Small_Items,1,0.09019,1,-25.139937
material_0710530_position_1_sensor_2,Small_Items,1,0.042941,1,-26.058399
material_0710530_position_1_sensor_3,Small_Items,1,0.051165,1,-31.066557
material_0710530_position_2_sensor_1,Small_Items,1,0.074784,1,-30.053818
material_0710530_position_2_sensor_2,Small_Items,1,0.05892,1,-36.423704
material_0710530_position_2_sensor_3,Small_Items,1,0.091425,1,-24.825512
material_0710530_position_3_sensor_1,Small_Items,1,0.059288,1,-25.788718
material_0710530_position_3_sensor_2,Small_Items,1,0.009096,-1,-64.19967
material_0710530_position_3_sensor_3,Small_Items,1,0.095881,1,-16.640758
material_0710530_position_4_sensor_1,Small_Items,1,0.092145,1,-19.443335
material_0710530_position_4_sensor_2,Small_Items,1,0.076644,1,-33.89197
material_0710530_position_4_sensor_3,Small_Items,1,0.13111,1,-12.133763
material_0710530_position_5_sensor_1,Small_Items,1,0.107829,1,-19.867559
material_0710530_position_5_sensor_2,Small_Items,1,0.085237,1,-27.073364
material_0710530_position_5_sensor_3,Small_Items,1,0.105341,1,-21.877986
material_0710550_position_1_sensor_1,Crafts,1,0.079847,1,-20.800198
material_0710550_position_1_sensor_2,Crafts,1,0.128897,1,-9.231063
material_0710550_position_1_sensor_3,Crafts,1,0.112237,1,-11.021965
material_0710550_position_2_sensor_1,Crafts,1,0.088108,1,-12.229647
material_0710550_position_2_sensor_2,Crafts,1,0.128608,1,-8.590662
material_0710550_position_2_sensor_3,Crafts,1,0.106773,1,-9.897786
material_0710550_position_3_sensor_1,Crafts,1,0.105162,1,-11.618209
material_0710550_position_3_sensor_2,Crafts,1,0.119634,1,-8.377284
material_0710550_position_3_sensor_3,Crafts,1,0.112186,1,-10.855788
material_0710550_position_4_sensor_1,Crafts,1,0.117828,1,-12.877287
material_0710550_position_4_sensor_2,Crafts,1,0.12446,1,-9.552225
material_0710550_position_4_sensor_3,Crafts,1,0.117275,1,-10.841504
material_0710550_position_5_sensor_1,Crafts,1,0.090252,1,-14.804675
material_0710550_position_5_sensor_2,Crafts,1,0.113412,1,-14.04206
material_0710550_position_5_sensor_3,Crafts,1,0.100871,1,-14.821756
material_0710570_position_1_sensor_1,Metal,1,0.102275,1,-15.585211
material_0710570_position_1_sensor_2,Metal,1,0.115554,1,-26.692572
material_0710570_position_1_sensor_3,Metal,1,0.102224,1,-24.773707
material_0710570_position_2_sensor_1,Metal,1,0.09927,1,-17.622709
material_0710570_position_2_sensor_2,Metal,1,0.100777,1,-14.73296
material_0710570_position_2_sensor_3,Metal,1,0.078874,1,-20.288481
material_0710570_position_3_sensor_1,Metal,1,0.10873,1,-9.971518
material_0710570_position_3_sensor_2,Metal,1,0.120882,1,-11.621738
material_0710570_position_3_sensor_3,Metal,1,0.105987,1,-15.07399
material_0710570_position_4_sensor_1,Metal,1,0.081842,1,-16.646151
material_0710570_position_4_sensor_2,Metal,1,0.082143,-1,-39.802891
material_0710570_position_4_sensor_3,Metal,1,0.097889,1,-25.35157
material_0710570_position_5_sensor_1,Metal,1,0.11753,1,-11.487249
material_0710570_position_5_sensor_2,Metal,1,0.121969,1,-13.6109
material_0710570_position_5_sensor_3,Metal,1,0.101495,1,-16.06319
material_0710580_position_1_sensor_1,Textiles_Leather,1,0.0199,-1,-43.401719
material_0710580_position_1_sensor_2,Textiles_Leather,1,0.130293,1,-9.425588
material_0710580_position_1_sensor_3,Textiles_Leather,1,0.054841,1,-27.67853
material_0710580_position_2_sensor_1,Textiles_Leather,1,0.094028,1,-21.061785
material_0710580_position_2_sensor_2,Textiles_Leather,1,0.08106,1,-24.48698
material_0710580_position_2_sensor_3,Textiles_Leather,1,0.064977,1,-28.604049
material_0710580_position_3_sensor_1,Textiles_Leather,1,0.067021,1,-23.492279
material_0710580_position_3_sensor_2,Textiles_Leather,1,0.095361,1,-20.185463
material_0710580_position_3_sensor_3,Textiles_Leather,1,0.089825,1,-22.567923
material_0710580_position_4_sensor_1,Textiles_Leather,1,0.084521,1,-19.751756
material_0710580_position_4_sensor_2,Textiles_Leather,1,0.12066,1,-9.416148
material_0710580_position_4_sensor_3,Textiles_Leather,1,0.089799,1,-17.528866
material_0710590_position_1_sensor_1,Paper_Cardboard,1,0.126693,1,-14.999705
material_0710590_position_1_sensor_2,Paper_Cardboard,1,0.127241,1,-13.759036
material_0710590_position_1_sensor_3,Paper_Cardboard,1,0.103248,1,-19.583253
material_0710590_position_2_sensor_1,Paper_Cardboard,1,0.11409,1,-14.98407
material_0710590_position_2_sensor_2,Paper_Cardboard,1,0.129787,1,-9.216959
material_0710590_position_2_sensor_3,Paper_Cardboard,1,0.130904,1,-11.20365
material_0710590_position_3_sensor_1,Paper_Cardboard,1,0.124403,1,-8.793228
material_0710590_position_3_sensor_2,Paper_Cardboard,1,0.122053,1,-13.999721
material_0710590_position_3_sensor_3,Paper_Cardboard,1,0.059911,1,-37.804284
material_0710590_position_4_sensor_1,Paper_Cardboard,-1,-0.055473,-1,-141.494904
material_0710590_position_4_sensor_2,Paper_Cardboard,1,0.119268,1,-10.949925
material_0710590_position_4_sensor_3,Paper_Cardboard,1,0.119551,1,-12.315696
material_0710590_position_5_sensor_1,Paper_Cardboard,1,0.127274,1,-7.183982
material_0710590_position_5_sensor_2,Paper_Cardboard,1,0.131711,1,-8.016182
material_0710590_position_5_sensor_3,Paper_Cardboard,1,0.129735,1,-10.350285
material_700860_position_1_sensor_1,Paper_Cardboard,1,0.087502,1,-18.191729
material_700860_position_1_sensor_2,Paper_Cardboard,1,0.097483,1,-12.885189
material_700860_position_1_sensor_3,Paper_Cardboard,1,0.111911,1,-10.887006
material_700860_position_2_sensor_1,Paper_Cardboard,1,0.094102,1,-18.67904
material_700860_position_2_sensor_2,Paper_Cardboard,1,0.116334,1,-10.997669
material_700860_position_2_sensor_3,Paper_Cardboard,1,0.116527,1,-11.377249
material_700860_position_3_sensor_1,Paper_Cardboard,1,0.108561,1,-13.35706
material_700860_position_3_sensor_2,Paper_Cardboard,1,0.116909,1,-12.854087
material_700860_position_3_sensor_3,Paper_Cardboard,-1,-0.044787,-1,-105.333698
material_700860_position_4_sensor_1,Paper_Cardboard,1,0.106234,1,-16.525634
material_700860_position_4_sensor_2,Paper_Cardboard,1,0.122302,1,-10.511139
material_700860_position_4_sensor_3,Paper_Cardboard,1,0.111745,1,-11.385137
material_700860_position_5_sensor_1,Paper_Cardboard,1,0.116926,1,-13.587422
material_700860_position_5_sensor_2,Paper_Cardboard,1,0.105484,1,-11.288635
material_700860_position_5_sensor_3,Paper_Cardboard,1,0.110174,1,-9.151796
material_700870_position_1_sensor_1,Paper_Cardboard,1,0.073638,1,-17.599865
material_700870_position_1_sensor_2,Paper_Cardboard,1,0.116247,1,-11.326267
material_700870_position_1_sensor_3,Paper_Cardboard,1,0.137391,1,-10.048525
material_700870_position_2_sensor_1,Paper_Cardboard,-1,-0.040553,-1,-100.188037
material_700870_position_2_sensor_2,Paper_Cardboard,1,0.120794,1,-15.031619
material_700870_position_2_sensor_3,Paper_Cardboard,1,0.133047,1,-10.195296
material_700870_position_3_sensor_1,Paper_Cardboard,1,0.103264,1,-14.784501
material_700870_position_3_sensor_2,Paper_Cardboard,1,0.132655,1,-9.698297
material_700870_position_3_sensor_3,Paper_Cardboard,1,0.118679,1,-9.007509
material_700870_position_4_sensor_1,Paper_Cardboard,1,0.112706,1,-12.393714
material_700870_position_4_sensor_2,Paper_Cardboard,1,0.111875,1,-18.332154
material_700870_position_4_sensor_3,Paper_Cardboard,-1,-0.00586,-1,-55.006142
material_700870_position_5_sensor_1,Paper_Cardboard,1,0.102137,1,-15.769677
material_700870_position_5_sensor_2,Paper_Cardboard,1,0.109303,1,-14.191444
material_700870_position_5_sensor_3,Paper_Cardboard,1,0.117641,1,-10.493592
material_700920_position_1_sensor_1,Crafts,1,0.112478,1,-9.097041
material_700920_position_1_sensor_2,Crafts,1,0.13951,1,-6.14993
material_700920_position_1_sensor_3,Crafts,1,0.117567,1,-14.817151
material_700920_position_2_sensor_1,Crafts,1,0.133781,1,-7.343615
material_700920_position_2_sensor_2,Crafts,1,0.133054,1,-7.801906
material_700920_position_2_sensor_3,Crafts,1,0.136288,1,-8.633487
material_700920_position_3_sensor_1,Crafts,1,0.103374,1,-20.331306
material_700920_position_3_sensor_2,Crafts,1,0.129959,1,-8.931644
material_700920_position_3_sensor_3,Crafts,1,0.122166,1,-9.103607
material_700920_position_4_sensor_1,Crafts,1,0.120497,1,-14.193999
material_700920_position_4_sensor_2,Crafts,1,0.086442,1,-20.497159
material_700920_position_4_sensor_3,Crafts,1,0.113898,1,-12.552127
material_701440_position_1_sensor_1,Metal,1,0.022989,-1,-274.280726
material_701440_position_1_sensor_2,Metal,1,0.139041,1,-6.710869
material_701440_position_1_sensor_3,Metal,1,0.141223,1,-7.987987
material_701440_position_10_sensor_1,Metal,1,0.121054,1,-8.504644
material_701440_position_10_sensor_2,Metal,1,0.050238,-1,-250.202525
material_701440_position_10_sensor_3,Metal,1,0.061178,-1,-246.197835
material_701440_position_11_sensor_1,Metal,1,0.097401,1,-12.4048
material_701440_position_11_sensor_2,Metal,1,0.125963,1,-12.237661
material_701440_position_11_sensor_3,Metal,1,0.122866,1,-15.806412
material_701440_position_12_sensor_1,Metal,1,0.103113,1,-14.389534
material_701440_position_12_sensor_2,Metal,1,0.123962,1,-13.7035
material_701440_position_12_sensor_3,Metal,1,0.103732,1,-15.057873
material_701440_position_14_sensor_1,Metal,1,0.135987,1,-6.037203
material_701440_position_14_sensor_2,Metal,1,0.127595,1,-10.783036
material_701440_position_14_sensor_3,Metal,1,0.098519,1,-19.239803
material_701440_position_15_sensor_1,Metal,1,0.102946,1,-18.431027
material_701440_position_15_sensor_2,Metal,1,0.095258,1,-15.813132
material_701440_position_15_sensor_3,Metal,1,0.122715,1,-12.545848
material_701440_position_16_sensor_1,Metal,1,0.111834,1,-13.348883
material_701440_position_16_sensor_2,Metal,1,0.127272,1,-9.259506
material_701440_position_16_sensor_3,Metal,1,0.130293,1,-9.678555
material_701440_position_17_sensor_1,Metal,1,0.097511,1,-19.47506
material_701440_position_17_sensor_2,Metal,1,0.077594,1,-17.870968
material_701440_position_17_sensor_3,Metal,1,0.107556,1,-15.130569
material_701440_position_18_sensor_1,Metal,1,0.120748,1,-10.897489
material_701440_position_18_sensor_2,Metal,1,0.13578,1,-7.074
material_701440_position_18_sensor_3,Metal,1,0.099274,1,-18.815419
material_701440_position_2_sensor_1,Metal,1,0.109045,1,-15.796495
material_701440_position_2_sensor_2,Metal,1,0.116867,1,-12.068202
material_701440_position_2_sensor_3,Metal,1,0.10735,1,-15.617894
material_701440_position_3_sensor_1,Metal,1,0.119525,1,-13.077557
material_701440_position_3_sensor_2,Metal,1,0.121451,1,-10.655348
material_701440_position_3_sensor_3,Metal,1,0.111029,1,-13.407601
material_701440_position_5_sensor_1,Metal,1,0.058964,1,-26.489325
material_701440_position_5_sensor_2,Metal,1,0.086017,1,-18.353965
material_701440_position_5_sensor_3,Metal,1,0.106463,1,-17.809532
material_701440_position_6_sensor_1,Metal,1,0.055286,1,-21.982648
material_701440_position_6_sensor_2,Metal,1,0.111468,1,-13.004108
material_701440_position_6_sensor_3,Metal,1,0.110862,1,-13.248792
material_701440_position_7_sensor_1,Metal,1,0.112042,1,-12.893812
material_701440_position_7_sensor_2,Metal,1,0.144202,1,-6.732752
material_701440_position_7_sensor_3,Metal,1,0.120316,1,-11.367624
material_701440_position_8_sensor_1,Metal,-1,-0.062978,-1,-123.529234
material_701440_position_8_sensor_2,Metal,1,0.123104,1,-12.1525
material_701440_position_8_sensor_3,Metal,1,0.120834,1,-9.60896
material_701440_position_9_sensor_1,Metal,1,0.122772,1,-10.344246
material_701440_position_9_sensor_2,Metal,1,0.113579,1,-11.168546
material_701440_position_9_sensor_3,Metal,1,0.11295,1,-11.367152
material_701450_position_1_sensor_1,Metal,1,0.11969,1,-9.704927
material_701450_position_1_sensor_2,Metal,1,0.135906,1,-6.634158
material_701450_position_1_sensor_3,Metal,1,0.111845,1,-12.936674
material_701450_position_10_sensor_1,Metal,1,0.121511,1,-10.703725
material_701450_position_10_sensor_2,Metal,1,0.126767,1,-7.558806
material_701450_position_10_sensor_3,Metal,1,0.11769,1,-12.897157
material_701450_position_11_sensor_1,Metal,1,0.117243,1,-12.665636
material_701450_position_11_sensor_2,Metal,1,0.136305,1,-6.825592
material_701450_position_11_sensor_3,Metal,1,0.118688,1,-15.410972
material_701450_position_12_sensor_1,Metal,1,0.135522,1,-8.915296
material_701450_position_12_sensor_2,Metal,1,0.112682,1,-6.357209
material_701450_position_12_sensor_3,Metal,1,0.109973,1,-14.581973
material_701450_position_2_sensor_1,Metal,1,0.12832,1,-11.365748
material_701450_position_2_sensor_2,Metal,1,0.106842,1,-12.485382
material_701450_position_2_sensor_3,Metal,1,0.099322,1,-19.388665
material_701450_position_3_sensor_1,Metal,1,0.119832,1,-12.709698
material_701450_position_3_sensor_2,Metal,1,0.10772,1,-13.559057
material_701450_position_3_sensor_3,Metal,1,0.071606,1,-20.576344
material_701450_position_4_sensor_1,Metal,1,0.111564,1,-12.728401
material_701450_position_4_sensor_2,Metal,1,0.144596,1,-5.621874
material_701450_position_4_sensor_3,Metal,1,0.105567,1,-15.053727
material_701450_position_5_sensor_1,Metal,1,0.132336,1,-10.756045
material_701450_position_5_sensor_2,Metal,1,0.117922,1,-9.994073
material_701450_position_5_sensor_3,Metal,1,0.107811,1,-14.396542
material_701450_position_6_sensor_1,Metal,-1,-0.024816,-1,-268.531855
material_701450_position_8_sensor_1,Metal,1,0.131119,1,-6.789209
material_701450_position_8_sensor_2,Metal,1,0.129221,1,-8.896741
material_701450_position_8_sensor_3,Metal,1,0.117344,1,-12.764405
material_701450_position_9_sensor_1,Metal,1,0.123935,1,-11.006644
material_701450_position_9_sensor_2,Metal,1,0.134314,1,-6.14522
material_701450_position_9_sensor_3,Metal,1,0.110441,1,-10.825681
material_701880_position_1_sensor_1,Paper_Cardboard,1,0.040512,1,-18.961608
material_701880_position_1_sensor_2,Paper_Cardboard,1,0.136159,1,-11.021345
material_701880_position_1_sensor_3,Paper_Cardboard,1,0.100166,1,-14.242275
material_701880_position_2_sensor_1,Paper_Cardboard,1,0.099566,1,-19.824428
material_701880_position_2_sensor_2,Paper_Cardboard,1,0.129908,1,-13.066655
material_701880_position_2_sensor_3,Paper_Cardboard,1,0.10475,1,-13.868984
material_701880_position_3_sensor_1,Paper_Cardboard,1,0.043743,1,-35.349665
material_701880_position_3_sensor_2,Paper_Cardboard,1,0.116117,1,-13.349626
material_701880_position_3_sensor_3,Paper_Cardboard,1,0.092513,1,-18.448233
material_701880_position_4_sensor_1,Paper_Cardboard,-1,-0.04181,-1,-88.333875
material_701880_position_4_sensor_2,Paper_Cardboard,1,0.073895,-1,-39.129984
material_701880_position_4_sensor_3,Paper_Cardboard,1,0.116908,1,-13.576296
material_701880_position_5_sensor_1,Paper_Cardboard,1,0.079718,1,-20.08871
material_701880_position_5_sensor_2,Paper_Cardboard,-1,-0.005262,-1,-90.73813
material_701880_position_5_sensor_3,Paper_Cardboard,1,0.077805,1,-21.485247
material_710320_position_1_sensor_1,Textiles_Leather,1,0.081039,1,-28.120197
material_710320_position_1_sensor_2,Textiles_Leather,1,0.102924,1,-11.275447
material_710320_position_1_sensor_3,Textiles_Leather,1,0.081725,1,-17.144878
material_710320_position_2_sensor_1,Textiles_Leather,1,0.112804,1,-18.337409
material_710320_position_2_sensor_2,Textiles_Leather,-1,-0.031697,-1,-181.018765
material_710320_position_2_sensor_3,Textiles_Leather,1,0.091375,1,-14.150762
material_710320_position_3_sensor_1,Textiles_Leather,1,0.07368,1,-16.848602
material_710320_position_3_sensor_2,Textiles_Leather,1,0.090147,1,-22.452105
material_710320_position_3_sensor_3,Textiles_Leather,-1,-0.003923,-1,-81.119293
material_710320_position_4_sensor_1,Textiles_Leather,1,0.093371,1,-16.730445
material_710320_position_4_sensor_2,Textiles_Leather,1,0.097965,1,-12.535895
material_710320_position_4_sensor_3,Textiles_Leather,1,0.105041,1,-15.04893
material_710320_position_5_sensor_1,Textiles_Leather,1,0.092016,1,-23.482741
material_710320_position_5_sensor_2,Textiles_Leather,1,0.117931,1,-11.746416
material_710320_position_5_sensor_3,Textiles_Leather,1,0.117119,1,-9.649958
