sequence_id,material,quality_score,snr,drift_slope,saturation_ratio,force_anomaly_ratio,spc_out_of_control_ratio,iso_label,iso_score,mahal_label,mahal_score
material_0700000_position_1_sensor_1,Plastic_Rubber,58.5168,16.870066136696373,0.104812705844053,0.0,0.0588235294117647,0.0588235294117647,1,0.079975,1,-9.858295
material_0700000_position_1_sensor_2,Plastic_Rubber,81.0993,21.91377479358121,-0.0227438406352127,0.0,0.0,0.0,1,0.108333,1,-18.901982
material_0700000_position_1_sensor_3,Plastic_Rubber,63.9382,17.520224329767352,-0.0241543958078051,0.0,0.0,0.0625,1,0.131546,1,-7.762463
material_0700000_position_2_sensor_1,Plastic_Rubber,58.9597,18.071267998745714,-0.0396831357868666,0.0,0.0625,0.0625,1,0.125634,1,-9.155738
material_0700000_position_2_sensor_2,Plastic_Rubber,64.8922,20.91059783205435,-0.067988638684644,0.0,0.0,0.0625,1,0.139038,1,-6.599484
material_0700000_position_2_sensor_3,Plastic_Rubber,78.6559,16.584438584222244,-0.013248562282988,0.0,0.0,0.0,-1,-0.010412,-1,-61.324217
material_0700000_position_3_sensor_1,Plastic_Rubber,54.742,18.864155953805543,-0.0147324936810672,0.0,0.125,0.0625,1,0.133183,1,-8.280239
material_0700000_position_3_sensor_2,Plastic_Rubber,75.6656,22.08075370651149,-0.0551576366549259,0.0,0.0625,0.0,1,0.127038,1,-9.370399
material_0700000_position_3_sensor_3,Plastic_Rubber,54.3294,17.72190095235186,-0.0057085040722019,0.0,0.125,0.0625,1,0.135014,1,-6.142677
material_0700000_position_4_sensor_1,Plastic_Rubber,54.6881,18.687917131263426,0.0127303522646039,0.0,0.125,0.0625,1,0.117986,1,-9.572145
material_0700000_position_4_sensor_2,Plastic_Rubber,70.7116,21.781585387762647,-0.0430974823197522,0.0,0.125,0.0,1,0.123462,1,-8.665362
material_0700000_position_4_sensor_3,Plastic_Rubber,54.0306,17.339165900175757,0.0127875465941568,0.0,0.125,0.0625,1,0.140587,1,-7.342153
material_0700010_position_1_sensor_1,Plastic_Rubber,78.9733,17.960728480179586,0.0354425248289436,0.0,0.0,0.0,1,0.098995,1,-10.864603
material_0700010_position_1_sensor_2,Plastic_Rubber,59.8849,20.437894153905365,0.0539628475413608,0.0,0.0625,0.0625,1,0.134051,1,-6.85816
material_0700010_position_1_sensor_3,Plastic_Rubber,61.0843,15.646882240251577,0.1463971306295931,0.0,0.0,0.0625,1,0.123006,1,-10.65886
material_0700010_position_2_sensor_1,Plastic_Rubber,79.5849,18.78218103009344,-0.0221123812806411,0.0,0.0,0.0,1,0.085964,1,-23.23554
material_0700010_position_2_sensor_2,Plastic_Rubber,60.1927,21.69846329608434,-0.0732151421440988,0.0,0.0625,0.0625,1,0.105912,1,-12.002055
material_0700010_position_2_sensor_3,Plastic_Rubber,75.1294,16.74382292888218,-0.240122296900531,0.0,0.0,0.0,1,0.109616,1,-14.988795
material_0700010_position_3_sensor_1,Plastic_Rubber,57.4621,18.028102462266016,0.1326328396267349,0.0,0.0625,0.0625,1,0.120132,1,-14.453593
material_0700010_position_3_sensor_2,Plastic_Rubber,79.8709,20.242872206833542,0.0488661391314328,0.0,0.0,0.0,1,0.098777,1,-21.583227
material_0700010_position_3_sensor_3,Plastic_Rubber,61.33,15.585492813789694,0.1290505131740179,0.0,0.0,0.0625,1,0.138167,1,-10.501131
material_0700010_position_4_sensor_1,Plastic_Rubber,57.5348,17.947244227624548,0.1255779542611308,0.0,0.0625,0.0625,1,0.121699,1,-15.421041
material_0700010_position_4_sensor_2,Plastic_Rubber,59.8862,20.0057438376176,0.0406358730341087,0.0,0.0625,0.0625,1,0.11882,1,-11.124912
material_0700010_position_4_sensor_3,Plastic_Rubber,55.4193,15.406672260070998,0.1809001081878043,0.0,0.0625,0.0625,1,0.133775,1,-10.385853
material_0700030_position_1_sensor_1,Plastic_Rubber,75.3761,18.33241078788789,0.2732687302134386,0.0,0.0,0.0,1,0.068754,1,-29.724235
material_0700030_position_1_sensor_2,Plastic_Rubber,57.2586,15.723430134917209,0.3895694635927272,0.0,0.0,0.0625,-1,-0.002939,-1,-100.636859
material_0700030_position_1_sensor_3,Plastic_Rubber,57.3852,14.67669894247129,0.0347830595128669,0.0,0.0625,0.0625,1,0.110292,1,-14.760236
material_0700030_position_2_sensor_1,Plastic_Rubber,56.4551,22.187989898349567,-0.0087490856694263,0.0,0.125,0.0625,1,0.095698,1,-16.588736
material_0700030_position_2_sensor_2,Plastic_Rubber,60.7562,22.21233879150835,0.0534842473447702,0.0,0.0625,0.0625,1,0.098036,1,-19.709769
material_0700030_position_2_sensor_3,Plastic_Rubber,80.534,20.53669482521921,0.0161288535922166,0.0,0.0,0.0,1,0.097899,1,-24.072673
material_0700030_position_3_sensor_1,Plastic_Rubber,64.6333,21.201817293623183,0.0932081641901523,0.0,0.0,0.0625,1,0.10277,1,-16.195611
material_0700030_position_3_sensor_2,Plastic_Rubber,64.268,21.74817367165428,0.1329456523820476,0.0,0.0,0.0625,1,0.118759,1,-15.935637
material_0700030_position_3_sensor_3,Plastic_Rubber,59.4686,19.743075355634712,0.0588757579529202,0.0,0.0625,0.0625,1,0.11058,1,-15.681845
material_0700030_position_4_sensor_1,Plastic_Rubber,80.5369,21.716419939736333,0.0520962648080034,0.0,0.0,0.0,1,0.095854,1,-17.429322
material_0700030_position_4_sensor_2,Plastic_Rubber,61.0794,22.56108356955973,0.0438294207005724,0.0,0.0625,0.0625,1,0.097747,1,-19.271802
material_0700030_position_4_sensor_3,Plastic_Rubber,65.641,20.66944180804251,-0.0134612997217135,0.0,0.0,0.0625,1,0.116165,1,-13.677768
material_0700050_position_1_sensor_1,Plastic_Rubber,60.1351,17.653733796506916,0.0269572019888701,0.0,0.0588235294117647,0.0588235294117647,1,0.052122,1,-16.959591
material_0700050_position_1_sensor_2,Plastic_Rubber,80.3092,19.84048134379081,0.00894421147365,0.0,0.0,0.0,1,0.086423,1,-16.843152
material_0700050_position_1_sensor_3,Plastic_Rubber,76.6481,17.36561746013826,0.1635715778824524,0.0,0.0,0.0,1,0.041268,1,-31.81585
material_0700050_position_2_sensor_1,Plastic_Rubber,63.1135,15.573833028938791,0.0164237690844533,0.0,0.0,0.0625,1,0.033687,-1,-54.397939
material_0700050_position_2_sensor_2,Plastic_Rubber,49.0117,12.712546996446395,0.5016975033828608,0.0,0.0625,0.0625,1,0.046565,1,-38.468247
material_0700050_position_2_sensor_3,Plastic_Rubber,60.0978,20.131358128505447,0.0311665725209345,0.0,0.0625,0.0625,1,0.061936,1,-25.319623
material_0700050_position_3_sensor_1,Plastic_Rubber,61.0723,21.93759176076524,0.0251730302798221,0.0,0.0625,0.0625,1,0.05996,1,-25.936216
material_0700050_position_3_sensor_2,Plastic_Rubber,61.3398,22.08626525664649,-0.0128886670879326,0.0,0.0625,0.0625,1,0.064154,1,-36.446248
material_0700050_position_3_sensor_3,Plastic_Rubber,74.9588,20.233914863321942,0.0430580208971614,0.0,0.0625,0.0,1,0.084804,1,-21.446294
material_0700050_position_4_sensor_1,Plastic_Rubber,45.1062,13.250999838357396,0.7640389476102922,0.0,0.0625,0.0625,1,0.079777,1,-15.609847
material_0700050_position_4_sensor_2,Plastic_Rubber,65.362,19.91444842394693,0.0078911164726292,0.0,0.0,0.0625,-1,-0.039649,-1,-248.217609
material_0700050_position_4_sensor_3,Plastic_Rubber,61.5971,17.446231557401507,0.16925191801981,0.0,0.0,0.0625,-1,-0.035706,-1,-155.982597
material_0700050_position_5_sensor_1,Plastic_Rubber,80.9714,21.844526976148344,0.0286700048508973,0.0,0.0,0.0,1,0.063435,1,-34.828209
material_0700050_position_5_sensor_2,Plastic_Rubber,59.6864,18.00415549932496,0.3066243377884999,0.0,0.0,0.0625,1,0.072722,1,-38.880949
material_0700050_position_5_sensor_3,Plastic_Rubber,59.8027,19.94418038995804,0.0440101868872492,0.0,0.0625,0.0625,1,0.066575,1,-23.039606
material_0700060_position_1_sensor_1,Plastic_Rubber,64.6367,18.09347891328196,-0.0532908587154523,0.0,0.0,0.0588235294117647,1,0.089551,1,-15.675323
material_0700060_position_1_sensor_2,Plastic_Rubber,65.3336,21.38539944620865,-0.0547497287326404,0.0,0.0,0.0625,1,0.128523,1,-9.550239
material_0700060_position_1_sensor_3,Plastic_Rubber,77.1767,16.72976003368792,-0.1108175391901566,0.0,0.0,0.0,1,0.144935,1,-8.799227
material_0700060_position_2_sensor_1,Plastic_Rubber,78.9291,19.07813273869096,-0.0724653543709158,0.0,0.0,0.0,1,0.112198,1,-20.023042
material_0700060_position_2_sensor_2,Plastic_Rubber,77.4314,19.35333799482513,0.1751717377706285,0.0,0.0,0.0,1,0.116879,1,-17.557396
material_0700060_position_2_sensor_3,Plastic_Rubber,77.4048,16.97042248676904,-0.103828645195058,0.0,0.0,0.0,1,0.12744,1,-9.965199
material_0700060_position_3_sensor_1,Plastic_Rubber,76.5182,18.635007637029563,-0.2106471146726933,0.0,0.0,0.0,1,0.101002,1,-22.03869
material_0700060_position_3_sensor_2,Plastic_Rubber,77.5944,21.1930499751158,-0.221287425321691,0.0,0.0,0.0,1,0.090186,1,-22.270652
material_0700060_position_3_sensor_3,Plastic_Rubber,53.0953,16.232223849174904,-0.3524894844005304,0.0,0.0625,0.0625,1,0.102998,1,-17.970488
material_0700060_position_4_sensor_1,Plastic_Rubber,55.2399,18.38934978380204,-0.2835881028518185,0.0,0.0625,0.0625,1,0.087547,1,-18.824476
material_0700060_position_4_sensor_2,Plastic_Rubber,56.825,8.763147086870651,-0.2035835838567191,0.0,0.0,0.0625,1,0.007153,-1,-69.474757
material_0700060_position_4_sensor_3,Plastic_Rubber,51.2789,11.67098607981892,-0.327065969030844,0.0,0.0625,0.0625,-1,-0.029467,-1,-74.244815
material_0700070_position_1_sensor_1,Plastic_Rubber,65.3387,17.926519350786315,0.0039850824227238,0.0,0.0,0.0588235294117647,1,0.088873,1,-10.017645
material_0700070_position_1_sensor_2,Plastic_Rubber,63.6333,16.449998040934467,0.0105550449346411,0.0,0.0,0.0625,1,0.116116,1,-10.53238
material_0700070_position_1_sensor_3,Plastic_Rubber,100.0,60.0,0.0,0.0,,,1,0.033572,-1,-246.131174
material_0700070_position_2_sensor_1,Plastic_Rubber,61.8563,16.246007560997946,-0.1717021787556203,0.0,0.0,0.0588235294117647,1,0.104192,1,-11.306785
material_0700070_position_2_sensor_2,Plastic_Rubber,59.1261,18.690097722577264,0.3629158018024908,0.0,0.0,0.0625,1,0.00036,-1,-90.880106
material_0700070_position_2_sensor_3,Plastic_Rubber,62.8122,17.360765072797953,-0.0901487215328844,0.0,0.0,0.0625,1,0.117058,1,-15.330064
material_0700070_position_3_sensor_1,Plastic_Rubber,77.5567,17.852740349334052,0.121305418326184,0.0,0.0,0.0,1,0.102592,1,-9.367498
material_0700070_position_3_sensor_2,Plastic_Rubber,59.9731,20.869889069718276,0.0616485571767752,0.0,0.0625,0.0625,1,0.123285,1,-9.125075
material_0700070_position_3_sensor_3,Plastic_Rubber,52.5853,9.425287949299465,0.1760126905254289,0.0,0.0625,0.0625,1,0.043334,1,-38.437586
material_0700070_position_4_sensor_1,Plastic_Rubber,39.1803,11.185057816676611,0.759019891876021,0.0,0.125,0.0625,-1,-0.025191,-1,-72.058772
material_0700070_position_4_sensor_2,Plastic_Rubber,59.4334,20.42825727632668,0.0820913181678913,0.0,0.0625,0.0625,1,0.110969,1,-10.153863
material_0700070_position_4_sensor_3,Plastic_Rubber,76.7281,17.41091692156792,0.1599268168530427,0.0,0.0,0.0,1,0.123936,1,-10.314004
material_0700070_position_5_sensor_1,Plastic_Rubber,78.7177,19.313360315344767,0.0929797028186254,0.0,0.0,0.0,1,0.08108,1,-21.498857
material_0700070_position_5_sensor_2,Plastic_Rubber,66.2003,22.31773684797412,-0.0287591161790236,0.0,0.0,0.0625,1,0.078453,1,-27.872915
material_0700070_position_5_sensor_3,Plastic_Rubber,79.8053,20.549097741118057,0.0623801556755487,0.0,0.0,0.0,1,0.05815,1,-33.532306
material_0700070_position_6_sensor_1,Plastic_Rubber,70.3062,13.443310971882418,0.1278612244051249,0.0,0.0625,0.0,1,0.078721,1,-24.999705
material_0700070_position_6_sensor_2,Plastic_Rubber,60.6978,21.762569516610863,-0.0433800120634204,0.0,0.0625,0.0625,1,0.058274,1,-31.125597
material_0700070_position_6_sensor_3,Plastic_Rubber,60.1297,20.25839362549564,0.0330511913424223,0.0,0.0625,0.0625,1,0.109197,1,-20.383397
material_0700070_position_7_sensor_1,Plastic_Rubber,59.6742,19.231527766053592,0.0302611235574925,0.0,0.0625,0.0625,1,0.090645,1,-18.978401
material_0700070_position_7_sensor_2,Plastic_Rubber,80.8207,21.81975240876367,-0.0373966503267983,0.0,0.0,0.0,1,0.047786,1,-28.685348
material_0700070_position_7_sensor_3,Plastic_Rubber,58.922,19.844800266479982,0.0963994778901139,0.0,0.0625,0.0625,1,0.100649,1,-18.730177
material_0700080_position_1_sensor_1,Plastic_Rubber,57.1332,15.1598808321842,0.0654485581341894,0.0,0.0625,0.0625,1,0.107912,1,-14.353374
material_0700080_position_1_sensor_2,Plastic_Rubber,55.6543,20.65206963491997,0.0120946547564315,0.0,0.125,0.0625,1,0.09914,1,-18.809969
material_0700080_position_1_sensor_3,Plastic_Rubber,77.6614,16.48465630639976,0.0727941016901552,0.0,0.0,0.0,-1,-0.093379,-1,-114.043651
material_0700080_position_2_sensor_1,Plastic_Rubber,58.2586,18.27067663049435,0.0899303449244275,0.0,0.0625,0.0625,1,0.100042,1,-16.199291
material_0700080_position_2_sensor_2,Plastic_Rubber,60.4566,20.643830551151854,0.0242850636999562,0.0,0.0625,0.0625,1,0.093899,1,-20.773322
material_0700080_position_2_sensor_3,Plastic_Rubber,77.2157,16.214947433926685,0.0925861369612961,0.0,0.0,0.0,1,0.113682,1,-11.94256
material_0700080_position_3_sensor_1,Plastic_Rubber,57.9878,16.741377504043953,0.0601159636054936,0.0,0.0625,0.0625,-1,-0.038157,-1,-77.037739
material_0700080_position_3_sensor_2,Plastic_Rubber,66.0869,21.169647768526787,-0.0007211977890132,0.0,0.0,0.0625,1,0.059431,1,-25.47454
material_0700080_position_3_sensor_3,Plastic_Rubber,55.7101,11.3763825956588,0.0391017938750995,0.0,0.0625,0.0625,1,0.072649,1,-19.545997
material_0700080_position_4_sensor_1,Plastic_Rubber,57.8069,7.391924084104701,0.0997607421874996,0.0,0.0,0.0625,-1,-0.05876,-1,-109.425955
material_0700080_position_4_sensor_2,Plastic_Rubber,57.9375,15.81600787936644,0.0349279083052472,0.0,0.0625,0.0625,1,0.10048,1,-19.964321
material_0700080_position_4_sensor_3,Plastic_Rubber,62.7935,18.17614319226348,0.1163079778135187,0.0,0.0,0.0625,1,0.117129,1,-15.295952
material_0700080_position_5_sensor_1,Plastic_Rubber,60.1668,19.966192896426048,0.0217629282832896,0.0,0.0625,0.0625,1,0.044562,1,-32.995516
material_0700080_position_5_sensor_2,Plastic_Rubber,76.0215,22.46838516222712,-0.044632274752349,0.0,0.0625,0.0,1,0.049716,-1,-39.590021
material_0700080_position_5_sensor_3,Plastic_Rubber,81.2007,21.419740602364293,0.0012194201899505,0.0,0.0,0.0,1,0.05628,1,-32.893969
material_0700090_position_1_sensor_1,Plastic_Rubber,59.2313,18.037324849364545,0.0215487882327411,0.0,0.0625,0.0625,1,0.109417,1,-9.862297
material_0700090_position_1_sensor_2,Plastic_Rubber,80.5711,20.756792362965548,0.0205386715558595,0.0,0.0,0.0,1,0.111829,1,-16.629363
material_0700090_position_1_sensor_3,Plastic_Rubber,58.3597,18.420338223417613,0.0881469997829863,0.0,0.0625,0.0625,1,0.113265,1,-15.779345
material_0700090_position_2_sensor_1,Plastic_Rubber,58.6159,18.13863384309297,0.0633881804023702,0.0,0.0625,0.0625,1,0.10735,1,-14.159439
material_0700090_position_2_sensor_2,Plastic_Rubber,60.8957,21.003923376723424,0.0076773067299818,0.0,0.0625,0.0625,-1,-0.02894,-1,-243.89276
material_0700090_position_2_sensor_3,Plastic_Rubber,79.1713,19.06498384832216,0.0568131606158085,0.0,0.0,0.0,1,0.088731,1,-27.257029
material_0700090_position_3_sensor_1,Plastic_Rubber,64.4484,18.91265521553271,0.0347036180683205,0.0,0.0,0.0625,1,0.094685,1,-19.940621
material_0700090_position_3_sensor_2,Plastic_Rubber,80.9179,21.492855426351944,-0.021259331597223,0.0,0.0,0.0,1,0.075986,1,-26.408576
material_0700090_position_3_sensor_3,Plastic_Rubber,53.8183,17.45235605415094,0.0296184480953816,0.0,0.125,0.0625,-1,-0.091045,-1,-232.187741
material_0700090_position_4_sensor_1,Plastic_Rubber,79.9699,19.285272064719702,0.0132939421211164,0.0,0.0,0.0,1,0.066977,1,-34.059374
material_0700090_position_4_sensor_2,Plastic_Rubber,59.2462,18.352888461803506,-0.0302807872497968,0.0,0.0625,0.0625,1,0.026322,-1,-45.43994
material_0700090_position_4_sensor_3,Plastic_Rubber,54.4059,17.848309718537966,0.0047650601256111,0.0,0.125,0.0625,1,0.090075,1,-24.734381
material_0700090_position_5_sensor_1,Plastic_Rubber,80.4505,19.92326124549091,0.0025886629391309,0.0,0.0,0.0,1,0.046405,1,-38.03147
material_0700090_position_5_sensor_2,Plastic_Rubber,57.2982,15.565960489188974,-0.0675083103553946,0.0,0.0625,0.0625,1,0.009918,-1,-66.014897
material_0700090_position_5_sensor_3,Plastic_Rubber,64.4811,18.531203459711183,0.0209569945491212,0.0,0.0,0.0625,1,0.07801,1,-25.453788
material_0700100_position_1_sensor_1,Plastic_Rubber,79.2808,18.28317469111361,-0.0259619667202848,0.0,0.0,0.0,1,0.102699,1,-20.043814
material_0700100_position_1_sensor_2,Plastic_Rubber,55.2907,9.709984584926802,-0.0144409466911777,0.0,0.0625,0.0625,-1,-0.038448,-1,-109.003767
material_0700100_position_1_sensor_3,Plastic_Rubber,57.9796,15.610130178371955,0.0259686430887448,0.0,0.0625,0.0625,1,0.122821,1,-8.789223
material_0700100_position_2_sensor_1,Plastic_Rubber,79.1933,18.476796391663143,-0.0374090025658702,0.0,0.0,0.0,1,0.127282,1,-9.354889
material_0700100_position_2_sensor_2,Plastic_Rubber,57.1395,14.05379920935587,-0.0311605487898287,0.0,0.0625,0.0625,1,0.050527,1,-37.297728
material_0700100_position_2_sensor_3,Plastic_Rubber,78.7308,16.666145429791698,-0.011035030190465,0.0,0.0,0.0,1,0.113761,1,-17.573163
material_0700100_position_3_sensor_1,Plastic_Rubber,59.7493,18.426291383643917,-0.0008572623059646,0.0,0.0625,0.0625,1,0.120601,1,-9.101349
material_0700100_position_3_sensor_2,Plastic_Rubber,55.6879,21.36960588274824,-0.0319643171721844,0.0,0.125,0.0625,1,0.133487,1,-6.992466
material_0700100_position_3_sensor_3,Plastic_Rubber,57.9584,16.556306191206325,0.056296396292892,0.0,0.0625,0.0625,1,0.13245,1,-8.058035
material_0700100_position_4_sensor_1,Plastic_Rubber,74.1317,18.02245943682169,0.0273636434717119,0.0,0.0625,0.0,1,0.110075,1,-13.681624
material_0700100_position_4_sensor_2,Plastic_Rubber,52.6611,14.276191521604424,0.0051400569342291,0.0,0.125,0.0625,1,0.107796,1,-16.97138
material_0700100_position_4_sensor_3,Plastic_Rubber,77.4665,13.749852928628226,-0.0012605858098468,0.0,0.0,0.0,1,0.133011,1,-9.126584
material_0700100_position_5_sensor_1,Plastic_Rubber,61.5649,12.447702239620655,-0.0181177699269823,0.0,0.0,0.0625,1,0.083815,1,-24.603341
material_0700100_position_5_sensor_2,Plastic_Rubber,65.6773,21.676693126091884,-0.0420436995761861,0.0,0.0,0.0625,1,0.119761,1,-9.759496
material_0700100_position_5_sensor_3,Plastic_Rubber,61.9619,17.057962682359822,-0.1343921792024133,0.0,0.0,0.0625,1,0.136712,1,-9.228939
material_0700120_position_1_sensor_1,Plastic_Rubber,62.5493,16.001472430693116,0.1205897192861517,0.0,0.0,0.0588235294117647,-1,-0.064808,-1,-118.888299
material_0700120_position_1_sensor_2,Plastic_Rubber,70.6418,21.024942806012067,0.024306225745505,0.0,0.125,0.0,1,0.118365,1,-11.752665
material_0700120_position_1_sensor_3,Plastic_Rubber,61.8539,18.49631109175365,0.18526772014144,0.0,0.0,0.0625,1,0.118142,1,-16.298673
material_0700120_position_2_sensor_1,Plastic_Rubber,63.8645,18.70102809051753,0.0649736503650907,0.0,0.0,0.0625,1,0.039293,-1,-56.403145
material_0700120_position_2_sensor_2,Plastic_Rubber,60.2186,21.593400498513603,0.0683610329222818,0.0,0.0625,0.0625,1,0.113664,1,-12.777051
material_0700120_position_2_sensor_3,Plastic_Rubber,80.091,19.747509601295285,-0.0198323456010016,0.0,0.0,0.0,1,0.089443,1,-19.572462
material_0700120_position_3_sensor_1,Plastic_Rubber,58.732,20.601853360257465,0.1315569725285936,0.0,0.0625,0.0625,1,0.090735,1,-18.167125
material_0700120_position_3_sensor_2,Plastic_Rubber,59.6743,20.9011381522776,0.0814138263378254,0.0,0.0625,0.0625,1,0.110554,1,-11.140833
material_0700120_position_3_sensor_3,Plastic_Rubber,62.5061,18.685410999337503,0.1500028738383354,0.0,0.0,0.0625,1,0.11544,1,-17.651093
material_0700120_position_4_sensor_1,Plastic_Rubber,63.6113,19.64179065585214,0.1097380466835172,0.0,0.0,0.0625,1,0.143649,1,-8.183147
material_0700120_position_4_sensor_2,Plastic_Rubber,63.9372,20.281445007142224,0.1088236538756123,0.0,0.0,0.0625,1,0.130972,1,-9.688372
material_0700120_position_4_sensor_3,Plastic_Rubber,56.0041,17.280424497463134,0.2014995484196284,0.0,0.0625,0.0625,1,0.109325,1,-15.118658
material_0700120_position_5_sensor_1,Plastic_Rubber,59.1486,21.017131352679947,0.1180600952946255,0.0,0.0625,0.0625,1,0.082723,1,-18.935694
material_0700120_position_5_sensor_2,Plastic_Rubber,60.8749,21.57309211407172,0.0264283407373365,0.0,0.0625,0.0625,1,0.121369,1,-8.837134
material_0700120_position_5_sensor_3,Plastic_Rubber,76.6484,18.27358821791183,0.1913791296466475,0.0,0.0,0.0,1,0.120968,1,-14.892106
material_0700140_position_1_sensor_1,Plastic_Rubber,73.2549,19.324807120908865,0.1409779374531923,0.0,0.0588235294117647,0.0,1,0.069425,1,-17.31882
material_0700140_position_1_sensor_2,Plastic_Rubber,77.0199,18.87316437647504,0.1863618754467918,0.0,0.0,0.0,1,0.130936,1,-8.469543
material_0700140_position_1_sensor_3,Plastic_Rubber,74.4685,15.319200650482468,0.2380714885237936,0.0,0.0,0.0,1,0.105079,1,-15.640221
material_0700140_position_2_sensor_1,Plastic_Rubber,77.5439,19.385755493935527,0.1690844726562498,0.0,0.0,0.0,1,0.104314,1,-14.784146
material_0700140_position_2_sensor_2,Plastic_Rubber,61.0473,19.372818262533777,0.26289554770476,0.0,0.0,0.0625,1,0.129998,1,-9.807221
material_0700140_position_2_sensor_3,Plastic_Rubber,73.4144,14.940369874724084,0.292818389693114,0.0,0.0,0.0,1,0.131302,1,-10.687623
material_0700140_position_3_sensor_1,Plastic_Rubber,79.8199,21.216969110588604,0.0819233749489351,0.0,0.0,0.0,1,0.099961,1,-20.108416
material_0700140_position_3_sensor_2,Plastic_Rubber,79.8985,21.79170982537861,0.0945874613842895,0.0,0.0,0.0,1,0.113595,1,-17.17107
material_0700140_position_3_sensor_3,Plastic_Rubber,78.8338,17.480927495978577,0.0295198025173576,0.0,0.0,0.0,1,0.107112,1,-18.14256
material_0700140_position_4_sensor_1,Plastic_Rubber,76.0817,19.164316643076976,0.2543410437091474,0.0,0.0,0.0,1,0.0966,1,-17.076383
material_0700140_position_4_sensor_2,Plastic_Rubber,75.9863,19.511191394545317,0.2709754582822692,0.0,0.0,0.0,1,0.12623,1,-12.970815
material_0700140_position_4_sensor_3,Plastic_Rubber,65.4606,11.969613197251851,0.3877277688419108,0.0,0.0625,0.0,1,0.118622,1,-14.070226
material_0700140_position_5_sensor_1,Plastic_Rubber,74.9617,17.035819551825615,0.2596255201950552,0.0,0.0,0.0,1,0.116034,1,-12.24679
material_0700140_position_5_sensor_2,Plastic_Rubber,75.7389,19.505303366874923,0.2863725569980586,0.0,0.0,0.0,1,0.124236,1,-13.052705
material_0700140_position_5_sensor_3,Plastic_Rubber,73.6119,15.242748131023207,0.2896474497676671,0.0,0.0,0.0,1,0.131855,1,-11.793853
material_0700140_position_6_sensor_1,Plastic_Rubber,54.0657,18.42282352929654,0.0437856078303703,0.0,0.125,0.0625,1,0.127199,1,-10.306986
material_0700140_position_6_sensor_2,Plastic_Rubber,81.4344,22.187536697571648,-0.0100328281377666,0.0,0.0,0.0,1,0.11281,1,-15.021715
material_0700140_position_6_sensor_3,Plastic_Rubber,78.0482,17.489637598684165,-0.0792419800602534,0.0,0.0,0.0,1,0.115876,1,-11.123866
material_0700160_position_1_sensor_1,Plastic_Rubber,76.8695,19.32957117604448,0.2098185833035483,0.0,0.0,0.0,1,0.057949,1,-27.97939
material_0700160_position_1_sensor_2,Plastic_Rubber,77.2751,20.086075310044947,0.207466938891441,0.0,0.0,0.0,1,0.113747,1,-12.391219
material_0700160_position_1_sensor_3,Plastic_Rubber,57.8028,16.034359367631502,0.3648375762739986,0.0,0.0,0.0625,1,0.129118,1,-11.144806
material_0700160_position_2_sensor_1,Plastic_Rubber,60.5155,19.092908955734654,0.2877955043019794,0.0,0.0,0.0625,1,0.095783,1,-18.130853
material_0700160_position_2_sensor_2,Plastic_Rubber,54.9589,19.14874248264951,0.3245428171594165,0.0,0.0625,0.0625,1,0.124737,1,-10.700995
material_0700160_position_2_sensor_3,Plastic_Rubber,53.1764,16.42587025527162,0.3533183482051645,0.0,0.0625,0.0625,1,0.119503,1,-11.449299
material_0700160_position_3_sensor_1,Plastic_Rubber,51.1787,19.3417392726724,0.2536756599775298,0.0,0.125,0.0625,1,0.101643,1,-17.139259
material_0700160_position_3_sensor_2,Plastic_Rubber,71.1124,19.51140450172263,0.2630454213260805,0.0,0.0625,0.0,1,0.135249,1,-10.791263
material_0700160_position_3_sensor_3,Plastic_Rubber,66.9444,15.63301139140516,0.4065743942759365,0.0,0.0625,0.0,1,0.13381,1,-9.0015
material_0700160_position_4_sensor_1,Plastic_Rubber,57.2102,20.120845722160688,0.2126188613791839,0.0,0.0625,0.0625,1,0.083512,1,-20.528967
material_0700160_position_4_sensor_2,Plastic_Rubber,62.52,20.168592358610184,0.1945789515676048,0.0,0.0,0.0625,1,0.107196,1,-10.275683
material_0700160_position_4_sensor_3,Plastic_Rubber,54.6231,17.23492462750639,0.2870429432189506,0.0,0.0625,0.0625,1,0.104591,1,-14.960357
material_0700170_position_1_sensor_1,Plastic_Rubber,78.592,18.050740035162192,-0.0622034999872351,0.0,0.0,0.0,1,0.125307,1,-7.05673
material_0700170_position_1_sensor_2,Plastic_Rubber,60.9156,21.05215571641901,0.0079028894761005,0.0,0.0625,0.0625,1,0.103089,1,-12.252804
material_0700170_position_1_sensor_3,Plastic_Rubber,57.2897,16.246864093085744,0.0889055223651947,0.0,0.0625,0.0625,1,0.117031,1,-13.780156
material_0700170_position_2_sensor_1,Plastic_Rubber,59.2924,18.503848059202944,0.0319950134676286,0.0,0.0625,0.0625,1,0.116386,1,-12.097701
material_0700170_position_2_sensor_2,Plastic_Rubber,81.1369,21.703558636941597,-0.0139340437346824,0.0,0.0,0.0,1,0.129449,1,-10.058352
material_0700170_position_2_sensor_3,Plastic_Rubber,58.7991,17.083758244962375,-0.0195347142437719,0.0,0.0625,0.0625,1,0.103374,1,-16.442287
material_0700170_position_3_sensor_1,Plastic_Rubber,78.4641,18.0279038354334,0.0695504270067396,0.0,0.0,0.0,1,0.141397,1,-9.314827
material_0700170_position_3_sensor_2,Plastic_Rubber,56.2227,11.249538059650426,-0.0029449263429355,0.0,0.0625,0.0625,-1,-0.060353,-1,-77.65747
material_0700170_position_3_sensor_3,Plastic_Rubber,77.2128,16.234832376098097,0.0933766722834965,0.0,0.0,0.0,1,0.088946,1,-24.139827
material_0700170_position_4_sensor_1,Plastic_Rubber,54.4047,18.795476439844432,-0.0338664949703873,0.0,0.125,0.0625,1,0.119164,1,-9.754376
material_0700170_position_4_sensor_2,Plastic_Rubber,76.2498,13.927336350568869,-0.0832905209609893,0.0,0.0,0.0,1,0.113148,1,-17.209118
material_0700170_position_4_sensor_3,Plastic_Rubber,61.3356,13.889963014829211,-0.0767425497217102,0.0,0.0,0.0625,1,0.124344,1,-13.235298
material_0700170_position_5_sensor_1,Plastic_Rubber,79.7055,18.98861139771142,-0.0208471823299653,0.0,0.0,0.0,-1,-0.070136,-1,-108.555123
material_0700170_position_5_sensor_2,Plastic_Rubber,76.0724,11.070354565221008,-0.0069178235421775,0.0,0.0,0.0,1,0.036363,-1,-40.65969
material_0700170_position_5_sensor_3,Plastic_Rubber,58.124,17.3384480278617,-0.0698355034722225,0.0,0.0625,0.0625,1,0.110568,1,-15.77359
material_0700180_position_1_sensor_1,Plastic_Rubber,79.7784,19.15070351864763,-0.0212215089486326,0.0,0.0,0.0,1,0.04931,1,-22.394814
material_0700180_position_1_sensor_2,Plastic_Rubber,53.9464,20.069721779370006,0.1017560476664609,0.0,0.125,0.0625,1,0.105749,1,-12.658928
material_0700180_position_1_sensor_3,Plastic_Rubber,55.2599,17.197261870636673,0.2457984004799842,0.0,0.0625,0.0625,1,0.113989,1,-13.940068
material_0700180_position_2_sensor_1,Plastic_Rubber,51.9338,17.560162978465563,0.1515489813112749,0.0,0.125,0.0625,1,0.086989,1,-16.371677
material_0700180_position_2_sensor_2,Plastic_Rubber,53.696,20.40231806953426,0.1277114082286543,0.0,0.125,0.0625,1,0.117754,1,-10.44435
material_0700180_position_2_sensor_3,Plastic_Rubber,55.22,17.495313171378715,0.2574446375229789,0.0,0.0625,0.0625,1,0.117189,1,-12.058397
material_0700180_position_3_sensor_1,Plastic_Rubber,55.6882,16.673967025011482,0.2028066007327408,0.0,0.0625,0.0625,1,0.096468,1,-12.051838
material_0700180_position_3_sensor_2,Plastic_Rubber,56.4296,19.11280244134845,0.2308656173406841,0.0,0.0625,0.0625,1,0.124074,1,-10.594017
material_0700180_position_3_sensor_3,Plastic_Rubber,55.0484,16.49560388269536,0.2376152997983053,0.0,0.0625,0.0625,1,0.10312,1,-12.878565
material_0700180_position_4_sensor_1,Plastic_Rubber,51.4078,17.356788366815422,0.178432625165948,0.0,0.125,0.0625,1,0.116363,1,-13.725819
material_0700180_position_4_sensor_2,Plastic_Rubber,57.575,19.895763780719072,0.1827541679432168,0.0,0.0625,0.0625,1,0.106269,1,-12.01548
material_0700180_position_4_sensor_3,Plastic_Rubber,69.8577,17.175857100904935,0.2704603263505898,0.0,0.0625,0.0,1,0.111911,1,-14.800438
material_070020_position_1_sensor_1,Unknown,53.777,18.27772531346757,-0.057510579427086,0.0,0.125,0.0625,1,0.134855,1,-8.526259
material_070020_position_1_sensor_2,Unknown,60.5658,21.40546691663859,-0.0407487697227342,0.0,0.0625,0.0625,1,0.112132,1,-9.285386
material_070020_position_1_sensor_3,Unknown,58.4654,16.60578465291312,-0.0258919797411166,0.0,0.0625,0.0625,1,0.105476,1,-15.286673
material_070020_position_2_sensor_1,Unknown,53.0968,18.658619894237887,-0.1120025084252459,0.0,0.125,0.0625,1,0.106493,1,-12.748487
material_070020_position_2_sensor_2,Unknown,80.0902,22.393093296028663,-0.1009500612745111,0.0,0.0,0.0,1,0.094673,1,-23.275335
material_070020_position_2_sensor_3,Unknown,76.4652,17.012639796978153,-0.1642711811938328,0.0,0.0,0.0,1,0.110576,1,-15.614052
material_070020_position_3_sensor_1,Unknown,64.4211,18.288274447525332,-0.0172925139782486,0.0,0.0,0.0625,1,0.133248,1,-7.648859
material_070020_position_3_sensor_2,Unknown,55.5239,21.21179424143262,-0.0374498330907906,0.0,0.125,0.0625,1,0.105327,1,-11.049678
material_070020_position_3_sensor_3,Unknown,58.8838,16.824330224101807,0.0062570066763659,0.0,0.0625,0.0625,1,0.117505,1,-16.298279
material_070020_position_4_sensor_1,Unknown,79.2006,18.49583421781499,0.0375287288092332,0.0,0.0,0.0,1,0.107023,1,-18.33949
material_070020_position_4_sensor_2,Unknown,60.7996,22.217969474671403,-0.0509307518254705,0.0,0.0625,0.0625,1,0.100078,1,-12.206856
material_070020_position_4_sensor_3,Unknown,58.9537,17.351335326013537,0.0180004946640108,0.0,0.0625,0.0625,1,0.107268,1,-14.195847
material_070020_position_5_sensor_1,Unknown,72.9929,18.60988843961721,-0.1170466787300873,0.0,0.0625,0.0,1,0.119997,1,-12.370724
material_070020_position_5_sensor_2,Unknown,76.4186,19.122814640755863,0.2318649694903981,0.0,0.0,0.0,1,0.119704,1,-11.157525
material_070020_position_5_sensor_3,Unknown,60.7117,16.921840729918966,-0.2089228627323346,0.0,0.0,0.0625,1,0.105674,1,-15.142038
material_0700210_position_1_sensor_1,Plastic_Rubber,64.1139,18.2133533856503,0.0343340322457103,0.0,0.0,0.0625,1,0.121304,1,-11.471775
material_0700210_position_1_sensor_2,Plastic_Rubber,60.8901,20.771364065189065,0.0009018331290813,0.0,0.0625,0.0625,1,0.105822,1,-11.309098
material_0700210_position_1_sensor_3,Plastic_Rubber,62.2699,16.093212042709816,0.0854458135467712,0.0,0.0,0.0625,1,0.129172,1,-9.226494
material_0700210_position_2_sensor_1,Plastic_Rubber,77.416,17.913311429182023,0.1320180137484666,0.0,0.0,0.0,1,0.076795,1,-25.628057
material_0700210_position_2_sensor_2,Plastic_Rubber,65.0245,20.360010145029207,0.0427893704682403,0.0,0.0,0.0625,1,0.141978,1,-7.918405
material_0700210_position_2_sensor_3,Plastic_Rubber,55.873,15.1034946815186,0.1430484802645,0.0,0.0625,0.0625,1,0.111679,1,-13.737016
material_0700210_position_3_sensor_1,Plastic_Rubber,64.6377,19.39643578992469,0.0376120222503057,0.0,0.0,0.0625,1,0.028413,1,-24.980542
material_0700210_position_3_sensor_2,Plastic_Rubber,65.853,22.448719838566515,-0.0546346220128697,0.0,0.0,0.0625,1,0.086889,1,-19.352606
material_0700210_position_3_sensor_3,Plastic_Rubber,58.4692,16.81885230878447,0.0321871361825983,0.0,0.0625,0.0625,1,0.030774,-1,-46.987994
material_0700210_position_4_sensor_1,Plastic_Rubber,53.901,18.48361015882213,0.0560130351945438,0.0,0.125,0.0625,1,0.098323,1,-14.880872
material_0700210_position_4_sensor_2,Plastic_Rubber,71.7529,17.403663009307902,0.4728876298891935,0.0,0.0,0.0,1,0.072402,1,-27.497608
material_0700210_position_4_sensor_3,Plastic_Rubber,58.9065,17.71909956543172,0.0322431321486916,0.0,0.0625,0.0625,1,0.101366,1,-17.427296
material_0700210_position_5_sensor_1,Plastic_Rubber,57.4487,17.613108212089134,0.1207619676776943,0.0,0.0625,0.0625,1,0.1168,1,-8.912535
material_0700210_position_5_sensor_2,Plastic_Rubber,60.0432,10.136455688237705,0.0430877789266714,0.0,0.0,0.0625,-1,-0.115577,-1,-259.327752
material_0700210_position_5_sensor_3,Plastic_Rubber,56.601,16.053753096963625,0.1263415734783472,0.0,0.0625,0.0625,1,0.094779,1,-16.716259
material_0700220_position_1_sensor_1,Plastic_Rubber,76.8812,17.784819665682754,0.1617434060755337,0.0,0.0,0.0,1,0.047455,1,-26.013477
material_0700220_position_1_sensor_2,Plastic_Rubber,60.3394,18.405663420772708,0.2778248969183991,0.0,0.0,0.0625,-1,-0.021035,-1,-102.870085
material_0700220_position_1_sensor_3,Plastic_Rubber,52.9447,14.651281801752964,0.3135275671466492,0.0,0.0625,0.0625,1,0.064546,1,-24.551051
material_0700220_position_2_sensor_1,Plastic_Rubber,74.0334,17.36816716210059,0.3282451794194249,0.0,0.0,0.0,1,0.057074,1,-24.436928
material_0700220_position_2_sensor_2,Plastic_Rubber,70.1379,18.35590025458413,0.2889811836192807,0.0,0.0625,0.0,1,0.079115,1,-24.137666
material_0700220_position_2_sensor_3,Plastic_Rubber,70.134,15.00127700374798,0.1864361548330254,0.0,0.0625,0.0,1,0.084489,1,-24.725963
material_0700220_position_3_sensor_1,Plastic_Rubber,50.0617,18.157009219082827,0.2876873484094127,0.0,0.125,0.0625,1,0.055827,1,-30.251437
material_0700220_position_3_sensor_2,Plastic_Rubber,55.6643,18.812665694403112,0.269845720677592,0.0,0.0625,0.0625,1,0.080314,1,-21.61152
material_0700220_position_3_sensor_3,Plastic_Rubber,54.0365,15.427228717886772,0.2685731671900527,0.0,0.0625,0.0625,1,0.071658,1,-26.158902
material_0700220_position_4_sensor_1,Plastic_Rubber,57.8522,16.86601058816573,0.0724675356796334,0.0,0.0625,0.0625,1,0.088435,1,-19.267631
material_0700220_position_4_sensor_2,Plastic_Rubber,55.3062,18.40844260386386,0.2799966937295718,0.0,0.0625,0.0625,1,0.065539,1,-22.614436
material_0700220_position_4_sensor_3,Plastic_Rubber,56.8026,13.480606017969448,-0.0348036279616036,0.0,0.0625,0.0625,-1,-0.045372,-1,-107.824709
material_0700220_position_5_sensor_1,Plastic_Rubber,58.9709,16.22211838821232,0.2970617452384573,0.0,0.0,0.0625,1,0.078268,1,-22.956987
material_0700220_position_5_sensor_2,Plastic_Rubber,61.6998,19.31363903818129,0.2200117283241398,0.0,0.0,0.0625,1,0.071195,1,-22.004927
material_0700220_position_5_sensor_3,Plastic_Rubber,57.8216,13.446815237413986,0.284367343877652,0.0,0.0,0.0625,-1,-0.027102,-1,-84.678971
material_0700270_position_1_sensor_1,Plastic_Rubber,73.8774,10.323608427940112,-0.1222039148667287,0.0,0.0,0.0,1,0.074803,1,-26.885503
material_0700270_position_1_sensor_2,Plastic_Rubber,82.3205,23.80782683433881,-0.0039046351613552,0.0,0.0,0.0,1,0.094133,1,-18.617934
material_0700270_position_1_sensor_3,Plastic_Rubber,80.5398,20.880546380437124,-0.0263010860268601,0.0,0.0,0.0,1,0.106208,1,-16.337359
material_0700270_position_2_sensor_1,Plastic_Rubber,65.5367,19.033622929403723,-0.0254474900854422,0.0,0.0,0.0588235294117647,1,0.076082,1,-15.659845
material_0700270_position_2_sensor_2,Plastic_Rubber,82.1715,23.543116741514808,0.0051732185712829,0.0,0.0,0.0,1,0.107741,1,-14.667147
material_0700270_position_2_sensor_3,Plastic_Rubber,75.745,20.67780705943564,-0.0071731276169332,0.0,0.0625,0.0,1,0.119467,1,-14.337634
material_0700270_position_3_sensor_1,Plastic_Rubber,79.9468,19.000920634777906,0.0060336196001815,0.0,0.0,0.0,1,0.10956,1,-13.136446
material_0700270_position_3_sensor_2,Plastic_Rubber,81.9421,23.440730677946327,0.0164792320899704,0.0,0.0,0.0,1,0.116114,1,-14.407585
material_0700270_position_3_sensor_3,Plastic_Rubber,80.3725,20.37840890369669,0.0214451034645583,0.0,0.0,0.0,1,0.105182,1,-15.142027
material_0700270_position_4_sensor_1,Plastic_Rubber,74.9478,18.92521842222681,0.0036547787734871,0.0,0.0625,0.0,1,0.115328,1,-13.139969
material_0700270_position_4_sensor_2,Plastic_Rubber,81.8783,22.99263954809526,0.0067604741115166,0.0,0.0,0.0,1,0.103011,1,-16.717093
material_0700270_position_4_sensor_3,Plastic_Rubber,80.6444,20.49378136682172,-0.0078662380642367,0.0,0.0,0.0,1,0.116719,1,-16.159186
material_0700270_position_5_sensor_1,Plastic_Rubber,81.638,22.418869382312863,-0.004309779347937,0.0,0.0,0.0,1,0.093029,1,-21.67032
material_0700270_position_5_sensor_2,Plastic_Rubber,61.5406,23.134277312944175,-0.0323627849902984,0.0,0.0625,0.0625,1,0.118639,1,-13.734653
material_0700270_position_5_sensor_3,Plastic_Rubber,70.627,20.55530446174828,-0.0108457621655435,0.0,0.125,0.0,1,0.113841,1,-18.804616
material_0700270_position_6_sensor_1,Plastic_Rubber,66.3147,22.251982543878643,-0.0195426942912595,0.0,0.0,0.0625,1,0.099441,1,-20.534874
material_0700270_position_6_sensor_2,Plastic_Rubber,81.9355,23.079741138036272,-0.0058280404284115,0.0,0.0,0.0,1,0.094017,1,-17.65804
material_0700270_position_6_sensor_3,Plastic_Rubber,80.6325,20.526669893415765,-0.009620565576494,0.0,0.0,0.0,1,0.116726,1,-15.160273
material_0700290_position_1_sensor_1,Plastic_Rubber,73.5136,18.011578184106924,0.084449420338883,0.0,0.0588235294117647,0.0,1,0.08691,1,-17.045174
material_0700290_position_1_sensor_2,Plastic_Rubber,61.1005,21.458030586325464,-0.0087027771395037,0.0,0.0625,0.0625,1,0.11282,1,-12.624585
material_0700290_position_1_sensor_3,Plastic_Rubber,77.5805,17.134065883665567,-0.0977831871680997,0.0,0.0,0.0,1,0.13319,1,-9.462759
material_0700290_position_2_sensor_1,Plastic_Rubber,59.6268,8.458195010382196,-0.0178731537862519,0.0,0.0,0.0625,1,0.053683,1,-37.026791
material_0700290_position_2_sensor_2,Plastic_Rubber,65.7844,21.48364368133641,-0.0293855060253272,0.0,0.0,0.0625,1,0.114205,1,-12.236756
material_0700290_position_2_sensor_3,Plastic_Rubber,78.531,17.26673784557864,-0.0420181717218159,0.0,0.0,0.0,1,0.11468,1,-19.218756
material_0700290_position_3_sensor_1,Plastic_Rubber,77.2011,13.49643882023951,-0.0102019090839497,0.0,0.0,0.0,1,0.100156,1,-24.447567
material_0700290_position_3_sensor_2,Plastic_Rubber,80.5657,22.395233792696928,-0.0710857906964874,0.0,0.0,0.0,1,0.131075,1,-10.663331
material_0700290_position_3_sensor_3,Plastic_Rubber,79.6484,18.54412614537725,-0.0108225608277176,0.0,0.0,0.0,1,0.094702,1,-21.899495
material_0700290_position_4_sensor_1,Plastic_Rubber,70.3701,20.018382464899062,0.0105663918887865,0.0,0.125,0.0,1,0.133345,1,-11.132182
material_0700290_position_4_sensor_2,Plastic_Rubber,55.5112,22.468736119123577,-0.0767634819878483,0.0,0.125,0.0625,1,0.131551,1,-10.537811
material_0700290_position_4_sensor_3,Plastic_Rubber,78.3608,15.797660536717933,0.0077153687321261,0.0,0.0,0.0,1,0.105345,1,-12.939586
material_0700290_position_5_sensor_1,Plastic_Rubber,59.155,18.48876811870773,0.0401866861979145,0.0,0.0625,0.0625,1,0.12131,1,-12.053167
material_0700290_position_5_sensor_2,Plastic_Rubber,55.7137,11.891315549577117,-0.0546504033905254,0.0,0.0625,0.0625,1,0.075441,1,-21.723877
material_0700290_position_5_sensor_3,Plastic_Rubber,54.2684,9.68702068135643,-0.0780888384650742,0.0,0.0625,0.0625,-1,-0.055431,-1,-115.253459
material_0700300_position_1_sensor_1,Plastic_Rubber,53.1836,20.24009488929979,0.1549928624770211,0.0,0.125,0.0625,1,0.130828,1,-10.611164
material_0700300_position_1_sensor_2,Plastic_Rubber,57.0935,20.07348497502933,0.2185125660615787,0.0,0.0625,0.0625,1,0.110408,1,-13.277721
material_0700300_position_1_sensor_3,Plastic_Rubber,61.4079,18.142165919955588,0.2024883626302085,0.0,0.0,0.0625,1,0.127327,1,-8.752268
material_0700300_position_2_sensor_1,Plastic_Rubber,78.2065,20.398312468996014,0.1584028894761019,0.0,0.0,0.0,1,0.111556,1,-21.195159
material_0700300_position_2_sensor_2,Plastic_Rubber,76.9513,20.11110655867167,0.2286170614404605,0.0,0.0,0.0,1,0.122379,1,-8.910213
material_0700300_position_2_sensor_3,Plastic_Rubber,76.0651,18.001750122203003,0.2197642878114792,0.0,0.0,0.0,1,0.125985,1,-9.794655
material_0700300_position_3_sensor_1,Plastic_Rubber,53.9735,10.478928890117276,0.1209129822176288,0.0,0.0625,0.0625,1,0.112984,1,-18.694381
material_0700300_position_3_sensor_2,Plastic_Rubber,53.3448,21.371345963546304,0.1795097273284303,0.0,0.125,0.0625,1,0.07753,1,-17.513852
material_0700300_position_3_sensor_3,Plastic_Rubber,58.909,19.831101875183023,0.096803118936376,0.0,0.0625,0.0625,1,0.116049,1,-12.194328
material_0700300_position_4_sensor_1,Plastic_Rubber,58.2427,20.480514959031787,0.1586442488128035,0.0,0.0625,0.0625,1,0.102103,1,-15.20208
material_0700300_position_4_sensor_2,Plastic_Rubber,57.95,20.65774099377768,0.1824951842064948,0.0,0.0625,0.0625,1,0.080712,1,-18.724603
material_0700300_position_4_sensor_3,Plastic_Rubber,65.6754,18.08855428865528,0.2469559286279588,0.0,0.125,0.0,1,0.122315,1,-10.339118
material_0700300_position_5_sensor_1,Plastic_Rubber,52.9211,20.277817192331632,0.1726778301164222,0.0,0.125,0.0625,1,0.13406,1,-10.192515
material_0700300_position_5_sensor_2,Plastic_Rubber,55.2365,15.462895866536709,0.1941313652088409,0.0,0.0625,0.0625,1,0.042204,-1,-42.194502
material_0700300_position_5_sensor_3,Plastic_Rubber,61.7878,18.31188655276225,0.1837765139910103,0.0,0.0,0.0625,1,0.130182,1,-8.285786
material_0700320_position_1_sensor_1,Plastic_Rubber,59.7399,17.923934193407558,0.0601132567827472,0.0,0.0588235294117647,0.0588235294117647,1,0.094956,1,-8.847453
material_0700320_position_1_sensor_2,Plastic_Rubber,79.9116,21.25658546960052,-0.0773671859043111,0.0,0.0,0.0,1,0.084007,1,-22.423644
material_0700320_position_1_sensor_3,Plastic_Rubber,52.7402,16.588460434361522,-0.0710160909415891,0.0,0.125,0.0625,1,0.151758,1,-5.892973
material_0700320_position_2_sensor_1,Plastic_Rubber,59.7655,19.927852508813388,-0.0458502237157893,0.0,0.0625,0.0625,1,0.100877,1,-15.04217
material_0700320_position_2_sensor_2,Plastic_Rubber,64.8784,22.31679863832479,-0.1119417190053103,0.0,0.0,0.0625,1,0.114152,1,-11.894312
material_0700320_position_2_sensor_3,Plastic_Rubber,59.1341,18.73398236925279,-0.0490140420751666,0.0,0.0625,0.0625,1,0.117897,1,-9.576636
material_0700320_position_3_sensor_1,Plastic_Rubber,79.0305,18.87015688637008,-0.0597080923840909,0.0,0.0,0.0,1,0.136568,1,-7.332843
material_0700320_position_3_sensor_2,Plastic_Rubber,57.8647,19.46483897052908,0.1513129021139712,0.0,0.0625,0.0625,1,0.016246,-1,-103.670708
material_0700320_position_3_sensor_3,Plastic_Rubber,73.853,17.40495516010158,-0.025982511233662,0.0,0.0625,0.0,1,0.136532,1,-6.39343
material_0700320_position_4_sensor_1,Plastic_Rubber,55.4503,20.053921129083747,-0.0066029890471842,0.0,0.125,0.0625,1,0.094363,1,-16.294061
material_0700320_position_4_sensor_2,Plastic_Rubber,59.8082,22.305503115397364,-0.116015369689545,0.0,0.0625,0.0625,1,0.107514,1,-13.656851
material_0700320_position_4_sensor_3,Plastic_Rubber,52.913,15.810135846075228,-0.0362881385952803,0.0,0.125,0.0625,1,0.030457,-1,-42.805203
material_0700320_position_5_sensor_1,Plastic_Rubber,65.3451,20.07265242732,-0.0138009998595795,0.0,0.0,0.0625,1,0.104012,1,-14.726365
material_0700320_position_5_sensor_2,Plastic_Rubber,60.8116,22.800288849401696,-0.0680157063802111,0.0,0.0625,0.0625,1,0.09025,1,-15.513083
material_0700320_position_5_sensor_3,Plastic_Rubber,59.8232,18.916136801891625,-0.0112180287479609,0.0,0.0625,0.0625,1,0.111648,1,-12.388325
material_0700330_position_1_sensor_1,Plastic_Rubber,58.4224,17.755826422191387,0.0638435313904199,0.0,0.0625,0.0625,1,0.118114,1,-8.989031
material_0700330_position_1_sensor_2,Plastic_Rubber,78.8678,20.267552572125783,0.1127678653492637,0.0,0.0,0.0,1,0.117852,1,-19.287521
material_0700330_position_1_sensor_3,Plastic_Rubber,60.2338,15.39969171633366,0.1923635349647666,0.0,0.0,0.0625,1,0.012584,-1,-61.381153
material_0700330_position_2_sensor_1,Plastic_Rubber,63.5465,18.77769625667877,-0.0873388017641949,0.0,0.0,0.0625,-1,-0.045671,-1,-88.645137
material_0700330_position_2_sensor_2,Plastic_Rubber,74.5099,22.628862318118976,-0.1447055903416064,0.0,0.0625,0.0,1,0.107177,1,-13.993041
material_0700330_position_2_sensor_3,Plastic_Rubber,50.8767,17.07093931197485,-0.2031059697967759,0.0,0.125,0.0625,1,0.092284,1,-19.015124
material_0700330_position_3_sensor_1,Plastic_Rubber,78.2484,18.78135412851421,-0.1062159415849724,0.0,0.0,0.0,1,0.134754,1,-10.13564
material_0700330_position_3_sensor_2,Plastic_Rubber,60.2305,22.64782962871541,-0.0999261801725907,0.0,0.0625,0.0625,1,0.103835,1,-15.734408
material_0700330_position_3_sensor_3,Plastic_Rubber,72.7047,10.083767692773426,-0.1886791290083738,0.0,0.0,0.0,-1,-0.114948,-1,-158.159904
material_0700330_position_4_sensor_1,Plastic_Rubber,62.6054,17.56284568400185,0.109355416092218,0.0,0.0,0.0625,1,0.133576,1,-9.536649
material_0700330_position_4_sensor_2,Plastic_Rubber,58.373,19.8940741400409,0.1324732610166433,0.0,0.0625,0.0625,1,0.122309,1,-10.486303
material_0700330_position_4_sensor_3,Plastic_Rubber,73.7958,14.621988024790529,0.2590497951133541,0.0,0.0,0.0,1,0.092684,1,-21.279795
material_0700330_position_5_sensor_1,Plastic_Rubber,78.5541,18.78394852234718,-0.0870530918096428,0.0,0.0,0.0,1,0.115925,1,-12.516109
material_0700330_position_5_sensor_2,Plastic_Rubber,59.9227,22.712744811491127,-0.1212862349366821,0.0,0.0625,0.0625,1,0.096954,1,-13.998205
material_0700330_position_5_sensor_3,Plastic_Rubber,75.8447,16.981314218059147,-0.2023706246170366,0.0,0.0,0.0,1,0.101131,1,-17.370469
material_0700340_position_1_sensor_1,Plastic_Rubber,72.9857,16.863876268200812,-0.064001137727228,0.0,0.0625,0.0,1,0.13189,1,-7.587544
material_0700340_position_1_sensor_2,Plastic_Rubber,79.6875,19.84403264532609,0.0481917844286158,0.0,0.0,0.0,1,0.136507,1,-6.85245
material_0700340_position_1_sensor_3,Plastic_Rubber,72.4579,16.00373670590273,0.0708659316916868,0.0,0.0625,0.0,1,0.131763,1,-9.105411
material_0700340_position_2_sensor_1,Plastic_Rubber,78.697,16.551078998392367,-0.0096379564738221,0.0,0.0,0.0,1,0.074591,1,-14.385283
material_0700340_position_2_sensor_2,Plastic_Rubber,80.1637,19.610518328017697,0.0110567810457482,0.0,0.0,0.0,1,0.132676,1,-6.10534
material_0700340_position_2_sensor_3,Plastic_Rubber,77.9301,15.118973354065016,-0.0140318866804568,0.0,0.0,0.0,1,0.121027,1,-13.520472
material_0700340_position_3_sensor_1,Plastic_Rubber,79.499,18.27461930946112,-0.0119648485370712,0.0,0.0,0.0,1,0.123182,1,-9.849485
material_0700340_position_3_sensor_2,Plastic_Rubber,79.7169,21.61389658617795,-0.1005721379697727,0.0,0.0,0.0,1,0.115144,1,-10.539945
material_0700340_position_3_sensor_3,Plastic_Rubber,77.5177,17.521704290137574,-0.1136169800602535,0.0,0.0,0.0,1,0.118488,1,-13.627222
material_0700340_position_4_sensor_1,Plastic_Rubber,77.6465,16.08591953617562,0.0615112001506335,0.0,0.0,0.0,1,0.114805,1,-9.353765
material_0700340_position_4_sensor_2,Plastic_Rubber,79.5248,18.43282970477445,0.0151925838694837,0.0,0.0,0.0,1,0.135582,1,-7.56556
material_0700340_position_4_sensor_3,Plastic_Rubber,77.8093,14.943421881939706,0.0162571710324758,0.0,0.0,0.0,1,0.111332,1,-19.454939
material_0700340_position_5_sensor_1,Plastic_Rubber,77.6787,15.844272722021255,0.0520855720869038,0.0,0.0,0.0,1,0.121377,1,-6.98513
material_0700340_position_5_sensor_2,Plastic_Rubber,78.7892,18.53373750507371,0.0645851556117232,0.0,0.0,0.0,1,0.11846,1,-9.253417
material_0700340_position_5_sensor_3,Plastic_Rubber,77.8805,14.96606030620229,0.0124725269990789,0.0,0.0,0.0,1,0.10871,1,-14.133367
material_0700340_position_6_sensor_1,Plastic_Rubber,77.2289,15.916720064272084,0.0826171252680714,0.0,0.0,0.0,-1,-0.038125,-1,-78.822779
material_0700340_position_6_sensor_2,Plastic_Rubber,79.6388,18.937149840121357,0.02346756121068,0.0,0.0,0.0,1,0.122903,1,-9.474634
material_0700340_position_6_sensor_3,Plastic_Rubber,77.1001,15.18157187395648,0.0681975257225264,0.0,0.0,0.0,1,0.093174,1,-28.7161
material_0700470_position_1_sensor_1,Plastic_Rubber,78.12,15.27252551298125,-0.0067843514901626,0.0,0.0,0.0,1,0.065339,1,-16.635549
material_0700470_position_1_sensor_2,Plastic_Rubber,75.3016,17.2764368958062,0.2456027129927482,0.0,0.0,0.0,1,0.092489,1,-19.884275
material_0700470_position_1_sensor_3,Plastic_Rubber,73.8739,13.761404592617708,0.2277644984426054,0.0,0.0,0.0,1,0.099754,1,-17.334882
material_0700470_position_2_sensor_1,Plastic_Rubber,76.6517,18.41487414975415,0.1954982766544101,0.0,0.0,0.0,1,0.077363,1,-26.407804
material_0700470_position_2_sensor_2,Plastic_Rubber,75.6331,18.047340601486475,0.2483538475285948,0.0,0.0,0.0,1,0.066769,-1,-40.682746
material_0700470_position_2_sensor_3,Plastic_Rubber,58.8452,13.673462224337957,0.2268777972452005,0.0,0.0,0.0625,1,0.090147,1,-25.881951
material_0700470_position_3_sensor_1,Plastic_Rubber,50.0768,16.46033949251168,0.2347475314670112,0.0,0.125,0.0625,1,0.112408,1,-17.119214
material_0700470_position_3_sensor_2,Plastic_Rubber,76.301,18.53061905477348,0.221120736315357,0.0,0.0,0.0,1,0.069736,-1,-59.057137
material_0700470_position_3_sensor_3,Plastic_Rubber,59.4871,14.184249608696478,0.2021256765727102,0.0,0.0,0.0625,1,0.068922,-1,-42.437837
material_0700470_position_4_sensor_1,Plastic_Rubber,79.7624,18.75855871672719,0.0102159000970177,0.0,0.0,0.0,1,0.118548,1,-13.979136
material_0700470_position_4_sensor_2,Plastic_Rubber,81.6512,22.494080148825333,-0.0057826031454277,0.0,0.0,0.0,1,0.112322,1,-15.278966
material_0700470_position_4_sensor_3,Plastic_Rubber,79.3882,17.93468628217587,-0.0085252517999403,0.0,0.0,0.0,1,0.103341,1,-15.700798
material_0700470_position_5_sensor_1,Plastic_Rubber,70.0136,16.147145096963865,0.2291242675781244,0.0,0.0625,0.0,1,0.120277,1,-15.657983
material_0700470_position_5_sensor_2,Plastic_Rubber,76.4567,18.310495681497493,0.2045773335375798,0.0,0.0,0.0,1,0.102559,1,-16.073094
material_0700470_position_5_sensor_3,Plastic_Rubber,69.3113,13.935619329449509,0.2055731033624364,0.0,0.0625,0.0,1,0.117096,1,-15.781757
material_0700470_position_6_sensor_1,Plastic_Rubber,64.6427,18.665535258766624,0.014900068295546,0.0,0.0,0.0625,1,0.126324,1,-13.501884
material_0700470_position_6_sensor_2,Plastic_Rubber,80.2036,22.252014675484844,0.0894907051036546,0.0,0.0,0.0,1,0.106477,1,-17.313318
material_0700470_position_6_sensor_3,Plastic_Rubber,79.3687,17.842917118922163,-0.0069417030484066,0.0,0.0,0.0,1,0.098362,1,-16.143616
material_0700490_position_1_sensor_1,Plastic_Rubber,58.7604,17.773870106385452,0.0431197932623553,0.0,0.0625,0.0625,1,0.116273,1,-9.799637
material_0700490_position_1_sensor_2,Plastic_Rubber,70.8636,20.81771965837,0.0039902295879284,0.0,0.125,0.0,1,0.134131,1,-7.703849
material_0700490_position_1_sensor_3,Plastic_Rubber,57.9601,16.15265914902728,0.0438190359477102,0.0,0.0625,0.0625,1,0.12698,1,-9.997954
material_0700490_position_2_sensor_1,Plastic_Rubber,63.8066,17.91990047716359,0.0446810422411135,0.0,0.0,0.0625,1,0.119914,1,-8.013802
material_0700490_position_2_sensor_2,Plastic_Rubber,60.4765,20.8522054553352,-0.0294192325367661,0.0,0.0625,0.0625,1,0.12126,1,-8.194083
material_0700490_position_2_sensor_3,Plastic_Rubber,68.6518,18.530935046281463,0.0731495576746322,0.0,0.125,0.0,1,0.133501,1,-13.238709
material_0700490_position_3_sensor_1,Plastic_Rubber,58.6137,17.679262039138642,0.0494533468009593,0.0,0.0625,0.0625,1,0.113951,1,-10.607188
material_0700490_position_3_sensor_2,Plastic_Rubber,57.4904,13.963528883521732,0.0063055651296957,0.0,0.0625,0.0625,1,0.101378,1,-21.992899
material_0700490_position_3_sensor_3,Plastic_Rubber,67.7776,16.0908474158109,0.0534147933261826,0.0,0.125,0.0,1,0.140169,1,-10.757504
material_0700490_position_4_sensor_1,Plastic_Rubber,79.0564,17.947293340110107,0.0297998174530214,0.0,0.0,0.0,1,0.139024,1,-9.369676
material_0700490_position_4_sensor_2,Plastic_Rubber,65.2992,21.2291079412414,0.0521273999182973,0.0,0.0,0.0625,1,0.133901,1,-7.244412
material_0700490_position_4_sensor_3,Plastic_Rubber,59.5399,18.89059179925024,-0.0282660957286561,0.0,0.0625,0.0625,1,0.116608,1,-13.391912
material_0700490_position_5_sensor_1,Plastic_Rubber,58.4106,18.433337506856805,0.0853457111034481,0.0,0.0625,0.0625,1,0.130421,1,-7.52399
material_0700490_position_5_sensor_2,Plastic_Rubber,59.5091,21.00848588269368,0.0950994338490591,0.0,0.0625,0.0625,1,0.127969,1,-8.528902
material_0700490_position_5_sensor_3,Plastic_Rubber,77.5091,16.575180638195917,0.0851538947610279,0.0,0.0,0.0,1,0.130359,1,-10.240652
material_0700500_position_1_sensor_1,Plastic_Rubber,59.9953,18.10707494946937,0.0496478710299215,0.0,0.0588235294117647,0.0588235294117647,1,0.091516,1,-11.955697
material_0700500_position_1_sensor_2,Plastic_Rubber,65.7499,20.895140200929497,0.0135254081775928,0.0,0.0,0.0625,1,0.121095,1,-8.761114
material_0700500_position_1_sensor_3,Plastic_Rubber,62.5014,7.021073328969884,0.1076245899075762,0.0,0.125,0.0,1,0.007372,-1,-77.598518
material_0700500_position_2_sensor_1,Plastic_Rubber,78.2627,18.407665209211167,0.0938659269046151,0.0,0.0,0.0,1,0.12113,1,-10.256006
material_0700500_position_2_sensor_2,Plastic_Rubber,58.9785,17.81716208248936,0.0307121039496518,0.0,0.0625,0.0625,1,0.077387,1,-31.198232
material_0700500_position_2_sensor_3,Plastic_Rubber,62.7567,18.209465566632023,0.1196438642514293,0.0,0.0,0.0625,1,0.036537,-1,-75.803303
material_0700500_position_3_sensor_1,Plastic_Rubber,63.1473,18.35246226658997,0.0994405717039398,0.0,0.0,0.0625,1,0.129039,1,-10.92419
material_0700500_position_3_sensor_2,Plastic_Rubber,80.3748,20.97084119167096,0.0394542483660118,0.0,0.0,0.0,1,0.111239,1,-19.137093
material_0700500_position_3_sensor_3,Plastic_Rubber,52.9861,18.414806508114715,0.1115000223396627,0.0,0.125,0.0625,1,0.12217,1,-11.474809
material_0700500_position_4_sensor_1,Plastic_Rubber,79.9275,19.55690903656683,0.0242858695235911,0.0,0.0,0.0,1,0.089303,1,-18.689569
material_0700500_position_4_sensor_2,Plastic_Rubber,81.5176,22.363061452627427,-0.0101740291819874,0.0,0.0,0.0,1,0.075547,1,-26.759361
material_0700500_position_4_sensor_3,Plastic_Rubber,80.0874,20.688181352867133,0.0488845837162965,0.0,0.0,0.0,1,0.106674,1,-17.859671
material_0700500_position_5_sensor_1,Plastic_Rubber,58.4029,18.423263374987712,0.0855179387510174,0.0,0.0625,0.0625,1,0.110801,1,-11.703474
material_0700500_position_5_sensor_2,Plastic_Rubber,65.6083,20.902239107877243,0.0226513480392154,0.0,0.0,0.0625,1,0.126224,1,-9.737503
material_0700500_position_5_sensor_3,Plastic_Rubber,52.9531,18.28608916920417,0.1096323848549813,0.0,0.125,0.0625,1,0.126351,1,-11.622315
material_0700510_position_1_sensor_1,Plastic_Rubber,81.1878,22.285859239287586,0.0285739283343553,0.0,0.0,0.0,1,0.098978,1,-19.028204
material_0700510_position_1_sensor_2,Plastic_Rubber,79.3456,22.4388593679608,0.1492219796772878,0.0,0.0,0.0,1,0.091812,1,-17.433321
material_0700510_position_1_sensor_3,Plastic_Rubber,77.2556,19.56660978679626,0.1927727098651931,0.0,0.0,0.0,1,0.106597,1,-13.665234
material_0700510_position_2_sensor_1,Plastic_Rubber,79.1614,21.784535242364708,0.1407670451644157,0.0,0.0,0.0,1,0.098863,1,-18.463092
material_0700510_position_2_sensor_2,Plastic_Rubber,52.948,21.81766328605296,0.2181680134293306,0.0,0.125,0.0625,1,0.082075,1,-20.436856
material_0700510_position_2_sensor_3,Plastic_Rubber,72.2386,19.425266359645423,0.1895144394020602,0.0,0.0625,0.0,1,0.097,1,-19.872983
material_0700510_position_3_sensor_1,Plastic_Rubber,81.2674,22.24903386888908,0.0224305013020806,0.0,0.0,0.0,1,0.117751,1,-15.587651
material_0700510_position_3_sensor_2,Plastic_Rubber,81.1198,22.966084055657635,0.0536953252655206,0.0,0.0,0.0,1,0.095667,1,-18.276007
material_0700510_position_3_sensor_3,Plastic_Rubber,75.7074,20.645596129518825,0.0085514370787354,0.0,0.0625,0.0,1,0.106326,1,-18.050676
material_0700510_position_4_sensor_1,Plastic_Rubber,75.0739,22.018534503351997,0.0905008138020829,0.0,0.0625,0.0,1,0.123679,1,-14.257724
material_0700510_position_4_sensor_2,Plastic_Rubber,73.961,22.351869805702115,0.170767177606719,0.0,0.0625,0.0,1,0.102386,1,-16.86877
material_0700510_position_4_sensor_3,Plastic_Rubber,76.1201,19.014439525371763,0.2473366236468538,0.0,0.0,0.0,1,0.116084,1,-11.336093
material_0700510_position_5_sensor_1,Plastic_Rubber,81.2988,22.308864731238383,0.0222869912939132,0.0,0.0,0.0,1,0.111473,1,-16.797569
material_0700510_position_5_sensor_2,Plastic_Rubber,80.2872,22.87473520755254,0.1033089017182365,0.0,0.0,0.0,1,0.095088,1,-16.722919
material_0700510_position_5_sensor_3,Plastic_Rubber,62.7284,15.573253583246004,0.040648261974059,0.0,0.0,0.0625,1,0.059948,1,-36.260962
material_0700520_position_1_sensor_1,Plastic_Rubber,57.5679,22.40986418825757,-0.0380653451159109,0.0,0.1176470588235294,0.0588235294117647,1,0.09715,1,-19.929709
material_0700520_position_1_sensor_2,Plastic_Rubber,55.3531,12.016772128340454,-0.0811961837469366,0.0,0.0625,0.0625,-1,-0.022669,-1,-74.693103
material_0700520_position_1_sensor_3,Plastic_Rubber,80.3888,20.71851962860705,-0.0308401182087445,0.0,0.0,0.0,-1,-0.015639,-1,-66.780036
material_0700520_position_2_sensor_1,Plastic_Rubber,56.6069,21.33085204552705,0.0655004909407327,0.0,0.1176470588235294,0.0588235294117647,1,0.094868,1,-15.79915
material_0700520_position_2_sensor_2,Plastic_Rubber,81.009,21.54544440379476,0.017141197852837,0.0,0.0,0.0,1,0.11808,1,-15.331108
material_0700520_position_2_sensor_3,Plastic_Rubber,63.209,19.434661888408343,0.1287151979932585,0.0,0.0,0.0625,-1,-0.080143,-1,-191.038476
material_0700520_position_3_sensor_1,Plastic_Rubber,61.6157,22.68467776564893,-0.0138583042917687,0.0,0.0625,0.0625,1,0.088091,1,-20.617605
material_0700520_position_3_sensor_2,Plastic_Rubber,81.7017,22.929220375567848,0.0159342846839243,0.0,0.0,0.0,1,0.067239,1,-31.979397
material_0700520_position_3_sensor_3,Plastic_Rubber,74.905,20.665725817042105,0.0596804885365569,0.0,0.0625,0.0,1,0.112014,1,-14.629755
material_0700520_position_4_sensor_1,Plastic_Rubber,80.0106,22.0294862674483,0.0948190870098015,0.0,0.0,0.0,1,0.09571,1,-31.105573
material_0700520_position_4_sensor_2,Plastic_Rubber,61.6068,23.09165602802162,-0.0268875102124184,0.0,0.0625,0.0625,1,0.094959,1,-21.262555
material_0700520_position_4_sensor_3,Plastic_Rubber,59.0204,20.33912451877214,0.1053524465124582,0.0,0.0625,0.0625,1,0.093574,1,-15.698103
material_0700520_position_5_sensor_1,Plastic_Rubber,64.708,18.783099613239298,0.0143928653492636,0.0,0.0,0.0625,1,0.121558,1,-8.315299
material_0700520_position_5_sensor_2,Plastic_Rubber,75.9202,21.849653236803857,-0.0320496052262046,0.0,0.0625,0.0,1,0.122924,1,-12.77261
material_0700520_position_5_sensor_3,Plastic_Rubber,59.8368,19.786078121075157,0.0370189855238977,0.0,0.0625,0.0625,1,0.086788,1,-16.897895
material_0700520_position_6_sensor_1,Plastic_Rubber,66.7361,22.584076593837477,0.0031952678206701,0.0,0.0,0.0625,1,0.107895,1,-18.567099
material_0700520_position_6_sensor_2,Plastic_Rubber,61.5694,22.96345291486077,0.0253159067989167,0.0,0.0625,0.0625,1,0.080391,1,-21.534548
material_0700520_position_6_sensor_3,Plastic_Rubber,80.1293,20.624599962916005,0.0443011307061882,0.0,0.0,0.0,1,0.1028,1,-15.423271
material_0700600_position_1_sensor_1,Wood_Bamboo_Cork,60.4684,18.45038419520713,-0.0303895931202367,0.0,0.0588235294117647,0.0588235294117647,1,0.075864,1,-15.053749
material_0700600_position_1_sensor_2,Wood_Bamboo_Cork,80.0417,21.257696835863623,-0.0692098029641548,0.0,0.0,0.0,1,0.112971,1,-17.956905
material_0700600_position_1_sensor_3,Wood_Bamboo_Cork,63.7219,17.054323778496123,0.023492613549326,0.0,0.0,0.0625,1,0.138515,1,-7.017378
material_0700600_position_2_sensor_1,Wood_Bamboo_Cork,55.165,10.03366445379751,-0.0322664962469379,0.0,0.0625,0.0625,-1,-0.030793,-1,-90.718384
material_0700600_position_2_sensor_2,Wood_Bamboo_Cork,60.6222,21.87996269384655,-0.0517382652930974,0.0,0.0625,0.0625,1,0.116551,1,-9.5226
material_0700600_position_2_sensor_3,Wood_Bamboo_Cork,73.8082,17.520924373998934,-0.0323563224443439,0.0,0.0625,0.0,1,0.127313,1,-10.26489
material_0700600_position_3_sensor_1,Wood_Bamboo_Cork,64.1876,18.93270639505722,-0.0517332037632773,0.0,0.0,0.0625,1,0.117949,1,-11.985691
material_0700600_position_3_sensor_2,Wood_Bamboo_Cork,54.9002,21.443717100993545,-0.083820539088033,0.0,0.125,0.0625,1,0.127956,1,-8.68029
material_0700600_position_3_sensor_3,Wood_Bamboo_Cork,57.6426,16.99393960424271,-0.0895797765395253,0.0,0.0625,0.0625,1,0.127676,1,-10.226998
material_0700600_position_4_sensor_1,Wood_Bamboo_Cork,59.9028,19.1503600470222,-0.013384213516136,0.0,0.0625,0.0625,1,0.11331,1,-11.996563
material_0700600_position_4_sensor_2,Wood_Bamboo_Cork,65.5321,21.92153241930392,-0.0586856378293511,0.0,0.0,0.0625,1,0.135106,1,-7.32268
material_0700600_position_4_sensor_3,Wood_Bamboo_Cork,63.7259,17.396415090196108,-0.0337241673687712,0.0,0.0,0.0625,1,0.127093,1,-9.068194
material_0700600_position_5_sensor_1,Wood_Bamboo_Cork,64.3973,19.33802103559541,-0.0509535845588231,0.0,0.0,0.0625,1,0.098991,1,-13.538828
material_0700600_position_5_sensor_2,Wood_Bamboo_Cork,79.978,20.867546498344787,0.0612699253855171,0.0,0.0,0.0,1,0.115024,1,-18.048031
material_0700600_position_5_sensor_3,Wood_Bamboo_Cork,58.4487,17.378983405459575,-0.0506413925270636,0.0,0.0625,0.0625,1,0.122142,1,-9.753919
material_0700610_position_1_sensor_1,Wood_Bamboo_Cork,59.4509,19.071577159662397,-0.0394133252910554,0.0,0.0625,0.0625,1,0.116404,1,-14.563139
material_0700610_position_1_sensor_2,Wood_Bamboo_Cork,81.1371,22.01487745421213,-0.0234625619127863,0.0,0.0,0.0,1,0.12741,1,-7.723942
material_0700610_position_1_sensor_3,Wood_Bamboo_Cork,58.9465,17.419409618034695,-0.0205430166207133,0.0,0.0625,0.0625,1,0.112017,1,-9.708868
material_0700610_position_2_sensor_1,Wood_Bamboo_Cork,54.6746,18.543109006696096,0.0091416637944246,0.0,0.125,0.0625,1,0.136274,1,-5.264748
material_0700610_position_2_sensor_2,Wood_Bamboo_Cork,55.1853,18.54060056908,0.2916587855519797,0.0,0.0625,0.0625,1,0.130082,1,-8.777439
material_0700610_position_2_sensor_3,Wood_Bamboo_Cork,78.6703,17.04584510593548,0.0264806059793719,0.0,0.0,0.0,1,0.120913,1,-10.959402
material_0700610_position_3_sensor_1,Wood_Bamboo_Cork,54.6066,18.808924118151463,0.0215674737668472,0.0,0.125,0.0625,1,0.123714,1,-8.971552
material_0700610_position_3_sensor_2,Wood_Bamboo_Cork,55.219,9.97681797709019,-0.0271264871834174,0.0,0.0625,0.0625,1,0.019022,-1,-61.75609
material_0700610_position_3_sensor_3,Wood_Bamboo_Cork,63.8161,17.236153453940744,0.0231336071537963,0.0,0.0,0.0625,1,0.131943,1,-8.33175
material_0700610_position_4_sensor_1,Wood_Bamboo_Cork,59.3851,18.553723214129253,0.0276886712367228,0.0,0.0625,0.0625,1,0.112172,1,-12.636331
material_0700610_position_4_sensor_2,Wood_Bamboo_Cork,61.2328,21.449346794952085,0.0001078574984655,0.0,0.0625,0.0625,1,0.124755,1,-9.590236
material_0700610_position_4_sensor_3,Wood_Bamboo_Cork,58.5626,16.91453881581874,-0.0292352717779853,0.0,0.0625,0.0625,1,0.129712,1,-10.301965
material_0700610_position_5_sensor_1,Wood_Bamboo_Cork,59.6008,18.8583364227168,0.0234475033828635,0.0,0.0625,0.0625,1,0.108402,1,-13.934201
material_0700610_position_5_sensor_2,Wood_Bamboo_Cork,80.9944,21.62524808695428,-0.0205029759625219,0.0,0.0,0.0,1,0.142938,1,-6.765964
material_0700610_position_5_sensor_3,Wood_Bamboo_Cork,78.3341,16.971163410354954,0.0453542161330642,0.0,0.0,0.0,1,0.110951,1,-18.181756
material_0700640_position_1_sensor_1,Wood_Bamboo_Cork,60.772,20.605216860841868,0.0773031290424151,0.0,0.0588235294117647,0.0588235294117647,1,0.066591,1,-19.427423
material_0700640_position_1_sensor_2,Wood_Bamboo_Cork,73.2326,18.24138114883517,0.4054110849417893,0.0,0.0,0.0,1,0.130297,1,-10.681648
material_0700640_position_1_sensor_3,Wood_Bamboo_Cork,78.0104,19.06125344009852,0.129775990604574,0.0,0.0,0.0,1,0.135423,1,-8.573847
material_0700640_position_2_sensor_1,Wood_Bamboo_Cork,63.659,20.02124506603925,0.1183621993719356,0.0,0.0,0.0625,1,0.044902,1,-31.087819
material_0700640_position_2_sensor_2,Wood_Bamboo_Cork,79.3506,20.9265182195451,0.1025701864404628,0.0,0.0,0.0,1,0.138454,1,-8.622669
material_0700640_position_2_sensor_3,Wood_Bamboo_Cork,55.0147,16.874093063306464,0.2513343162785952,0.0,0.0625,0.0625,1,0.120779,1,-9.946804
material_0700640_position_3_sensor_1,Wood_Bamboo_Cork,58.9317,20.10817352349321,0.103858832465275,0.0,0.0625,0.0625,1,0.135836,1,-9.186203
material_0700640_position_3_sensor_2,Wood_Bamboo_Cork,51.6575,17.479356987369844,0.4812124597885974,0.0,0.0625,0.0625,1,0.127044,1,-10.237899
material_0700640_position_3_sensor_3,Wood_Bamboo_Cork,62.1012,18.226577607950624,0.1614353984757952,0.0,0.0,0.0625,1,0.060301,1,-17.212807
material_0700640_position_4_sensor_1,Wood_Bamboo_Cork,59.7021,20.944827295572097,0.0809998787275302,0.0,0.0625,0.0625,1,0.098744,1,-16.568785
material_0700640_position_4_sensor_2,Wood_Bamboo_Cork,60.1269,18.779920892205592,0.3026684793709133,0.0,0.0,0.0625,1,0.026869,-1,-134.278825
material_0700640_position_4_sensor_3,Wood_Bamboo_Cork,57.8408,18.93792358132244,0.1366711760876229,0.0,0.0625,0.0625,1,0.135911,1,-7.960233
material_0700640_position_5_sensor_1,Wood_Bamboo_Cork,58.1441,19.652221765076515,0.1394714722477517,0.0,0.0625,0.0625,1,0.135361,1,-9.008952
material_0700640_position_5_sensor_2,Wood_Bamboo_Cork,54.0198,18.33933363753128,0.3588560479855988,0.0,0.0625,0.0625,1,0.119696,1,-13.560749
material_0700640_position_5_sensor_3,Wood_Bamboo_Cork,54.338,16.319231542850723,0.2769270147186471,0.0,0.0625,0.0625,1,0.121452,1,-8.825809
material_0700650_position_1_sensor_1,Wood_Bamboo_Cork,79.2308,18.557807806960163,-0.0375281506374232,0.0,0.0,0.0,1,0.073156,1,-20.588672
material_0700650_position_1_sensor_2,Wood_Bamboo_Cork,61.0622,21.63752170208149,0.0166140615425851,0.0,0.0625,0.0625,1,0.128144,1,-7.410847
material_0700650_position_1_sensor_3,Wood_Bamboo_Cork,58.7793,19.16977566464786,0.0847020159951982,0.0,0.0625,0.0625,1,0.095724,1,-14.635168
material_0700650_position_2_sensor_1,Wood_Bamboo_Cork,64.0821,18.33004844293728,0.0399110195184825,0.0,0.0,0.0625,1,0.131092,1,-9.8344
material_0700650_position_2_sensor_2,Wood_Bamboo_Cork,61.0005,21.16406614503584,0.0059875201056969,0.0,0.0625,0.0625,1,0.138791,1,-6.045873
material_0700650_position_2_sensor_3,Wood_Bamboo_Cork,58.8826,18.63841414184002,0.0619165773080055,0.0,0.0625,0.0625,1,0.118689,1,-10.288704
material_0700650_position_3_sensor_1,Wood_Bamboo_Cork,79.2034,18.60980113791373,0.0408452547360073,0.0,0.0,0.0,1,0.104961,1,-19.002827
material_0700650_position_3_sensor_2,Wood_Bamboo_Cork,61.0994,21.70021668665681,0.0161899238536547,0.0,0.0625,0.0625,1,0.129622,1,-7.541774
material_0700650_position_3_sensor_3,Wood_Bamboo_Cork,58.9534,19.17675079760816,0.0739567312602121,0.0,0.0625,0.0625,1,0.120501,1,-10.976702
material_0700650_position_4_sensor_1,Wood_Bamboo_Cork,59.1163,18.21490335434558,0.0342252141416439,0.0,0.0625,0.0625,1,0.114117,1,-9.744347
material_0700650_position_4_sensor_2,Wood_Bamboo_Cork,76.0068,21.42881797935576,0.013703953163295,0.0,0.0625,0.0,1,0.135123,1,-8.190949
material_0700650_position_4_sensor_3,Wood_Bamboo_Cork,65.0096,19.071231250359247,0.0042325367647037,0.0,0.0,0.0625,1,0.12486,1,-10.661316
material_0700660_position_1_sensor_1,Wood_Bamboo_Cork,65.7926,19.986563827953315,0.0385386774067235,0.0,0.0,0.0588235294117647,1,0.082433,1,-14.87642
material_0700660_position_1_sensor_2,Wood_Bamboo_Cork,64.5621,20.827816641004127,0.0862316639220811,0.0,0.0,0.0625,1,0.135536,1,-7.566294
material_0700660_position_1_sensor_3,Wood_Bamboo_Cork,77.0323,18.06424728547048,0.1607989382276361,0.0,0.0,0.0,1,0.12071,1,-15.046745
material_0700660_position_2_sensor_1,Wood_Bamboo_Cork,58.8311,20.13589193034856,0.1110405640446268,0.0,0.0625,0.0625,1,0.095986,1,-16.142742
material_0700660_position_2_sensor_2,Wood_Bamboo_Cork,53.5543,20.809436252996644,0.1491060272416235,0.0,0.125,0.0625,1,0.133635,1,-11.661958
material_0700660_position_2_sensor_3,Wood_Bamboo_Cork,68.5306,11.697244929896543,0.1861266291998538,0.0,0.0625,0.0,1,0.016586,-1,-64.278739
material_0700660_position_3_sensor_1,Wood_Bamboo_Cork,78.518,20.277421998687487,0.1350916420930339,0.0,0.0,0.0,1,0.091301,1,-24.408002
material_0700660_position_3_sensor_2,Wood_Bamboo_Cork,58.7426,20.97227251042888,0.1422446065665828,0.0,0.0625,0.0625,1,0.117599,1,-14.85155
material_0700660_position_3_sensor_3,Wood_Bamboo_Cork,57.01,18.379536119792192,0.1718604265599456,0.0,0.0625,0.0625,1,0.117686,1,-16.694437
material_0700660_position_4_sensor_1,Wood_Bamboo_Cork,79.5092,20.62284319163404,0.0832804697074129,0.0,0.0,0.0,1,0.095374,1,-24.405993
material_0700660_position_4_sensor_2,Wood_Bamboo_Cork,64.02,21.080576709574917,0.1280978764552664,0.0,0.0,0.0625,1,0.120142,1,-14.244038
material_0700660_position_4_sensor_3,Wood_Bamboo_Cork,79.7356,19.641522935239472,0.0389561807470367,0.0,0.0,0.0,1,0.129681,1,-16.20301
material_0700660_position_5_sensor_1,Wood_Bamboo_Cork,58.7802,20.33856554050856,0.1204570695465684,0.0,0.0625,0.0625,1,0.10088,1,-14.112666
material_0700660_position_5_sensor_2,Wood_Bamboo_Cork,56.7144,17.66328242174718,0.4832660366881114,0.0,0.0,0.0625,1,0.125485,1,-10.585578
material_0700660_position_5_sensor_3,Wood_Bamboo_Cork,57.7218,18.61496230259385,0.134269028607537,0.0,0.0625,0.0625,1,0.101609,1,-14.233322
material_0700680_position_1_sensor_1,Wood_Bamboo_Cork,79.4582,20.12467787235617,0.0712276736323874,0.0,0.0,0.0,1,0.068941,1,-17.262444
material_0700680_position_1_sensor_2,Wood_Bamboo_Cork,58.9811,20.62061656071738,0.116457184436273,0.0,0.0625,0.0625,1,0.136975,1,-5.891329
material_0700680_position_1_sensor_3,Wood_Bamboo_Cork,63.3116,18.32334903912473,0.0882071876276534,0.0,0.0,0.0625,1,0.100739,1,-13.265712
material_0700680_position_2_sensor_1,Wood_Bamboo_Cork,59.8603,20.59799389090424,0.060413395501432,0.0,0.0625,0.0625,1,0.106095,1,-15.471806
material_0700680_position_2_sensor_2,Wood_Bamboo_Cork,59.6668,20.926451559662365,0.082659747753267,0.0,0.0625,0.0625,1,0.132041,1,-6.611674
material_0700680_position_2_sensor_3,Wood_Bamboo_Cork,77.8635,18.332397138400346,0.1166876723345561,0.0,0.0,0.0,1,0.125901,1,-10.290812
material_0700680_position_3_sensor_1,Wood_Bamboo_Cork,59.446,9.38002659118879,-0.0575008632684856,0.0,0.0,0.0625,1,0.086705,1,-24.382715
material_0700680_position_3_sensor_2,Wood_Bamboo_Cork,61.3579,22.81765984274786,-0.0341621412888097,0.0,0.0625,0.0625,1,0.097602,1,-15.054633
material_0700680_position_3_sensor_3,Wood_Bamboo_Cork,59.9636,20.48686283187589,-0.0505082146139736,0.0,0.0625,0.0625,1,0.104266,1,-16.700731
material_0700680_position_4_sensor_1,Wood_Bamboo_Cork,79.9997,20.83125404571184,0.0587911640241997,0.0,0.0,0.0,1,0.085028,1,-28.76228
material_0700680_position_4_sensor_2,Wood_Bamboo_Cork,73.9247,18.70015087016532,0.3759010145399288,0.0,0.0,0.0,1,0.116178,1,-19.938117
material_0700680_position_4_sensor_3,Wood_Bamboo_Cork,59.5304,19.180011472399052,0.0377308963950131,0.0,0.0625,0.0625,1,0.114408,1,-14.078611
material_0700680_position_5_sensor_1,Wood_Bamboo_Cork,72.2918,16.036762257474106,0.3970755718954245,0.0,0.0,0.0,1,0.106284,1,-14.629209
material_0700680_position_5_sensor_2,Wood_Bamboo_Cork,57.1246,17.925170625429622,0.4654660580703599,0.0,0.0,0.0625,1,0.130022,1,-10.622676
material_0700680_position_5_sensor_3,Wood_Bamboo_Cork,59.0857,18.99217439742514,0.059972903582004,0.0,0.0625,0.0625,1,0.118582,1,-11.78737
material_0700680_position_6_sensor_1,Wood_Bamboo_Cork,52.0406,17.589205001469143,0.2382908826507993,0.0,0.1176470588235294,0.0588235294117647,1,0.068768,1,-17.652232
material_0700680_position_6_sensor_2,Wood_Bamboo_Cork,74.0441,9.663192276204752,0.0914740349264715,0.0,0.0,0.0,-1,-0.101961,-1,-239.329351
material_0700680_position_6_sensor_3,Wood_Bamboo_Cork,58.122,18.36478730467753,0.1014073621961774,0.0,0.0625,0.0625,1,0.106197,1,-13.253159
material_0700690_position_1_sensor_1,Paper_Cardboard,79.3449,18.52505713015448,0.0293396953507964,0.0,0.0,0.0,1,0.118981,1,-10.492956
material_0700690_position_1_sensor_2,Paper_Cardboard,61.4789,22.115588898577883,0.005029876110602,0.0,0.0625,0.0625,1,0.12476,1,-8.399609
material_0700690_position_1_sensor_3,Paper_Cardboard,78.6365,19.500551515936312,0.103822900709762,0.0,0.0,0.0,1,0.087443,1,-26.146992
material_0700690_position_2_sensor_1,Paper_Cardboard,58.3745,18.61827367539208,-0.0932806340635219,0.0,0.0625,0.0625,1,0.111843,1,-13.909913
material_0700690_position_2_sensor_2,Paper_Cardboard,68.5375,18.84765434435479,0.4047941926445059,0.0,0.0625,0.0,1,0.118122,1,-13.582279
material_0700690_position_2_sensor_3,Paper_Cardboard,64.8124,20.588077010377432,-0.0631266004774344,0.0,0.0,0.0625,1,0.122879,1,-11.855168
material_0700690_position_3_sensor_1,Paper_Cardboard,73.0328,17.95450367017533,0.0944538845486086,0.0,0.0625,0.0,1,0.121727,1,-10.780038
material_0700690_position_3_sensor_2,Paper_Cardboard,57.4421,9.150709239276413,0.1766165492238564,0.0,0.0,0.0625,-1,-0.059325,-1,-115.946875
material_0700690_position_3_sensor_3,Paper_Cardboard,79.0534,18.73295625094019,0.054062517552594,0.0,0.0,0.0,1,0.138852,1,-9.039488
material_0700690_position_4_sensor_1,Paper_Cardboard,59.0084,18.098129635495,0.0374408238230158,0.0,0.0625,0.0625,1,0.119517,1,-10.288791
material_0700690_position_4_sensor_2,Paper_Cardboard,75.9195,18.778603553891084,0.2527332117417268,0.0,0.0,0.0,1,0.119392,1,-18.152726
material_0700690_position_4_sensor_3,Paper_Cardboard,54.9623,18.914369544635324,0.0024045075061271,0.0,0.125,0.0625,1,0.131862,1,-8.386394
material_0700700_position_1_sensor_1,Paper_Cardboard,53.6841,10.728321811555784,0.1467724705116405,0.0,0.0625,0.0625,-1,-0.042834,-1,-123.541213
material_0700700_position_1_sensor_2,Paper_Cardboard,52.693,12.864960140339091,0.5893749297896224,0.0,0.0,0.0625,1,0.010551,-1,-77.206824
material_0700700_position_1_sensor_3,Paper_Cardboard,78.8161,18.96763669869581,0.0761912323197505,0.0,0.0,0.0,1,0.083948,1,-19.410649
material_0700700_position_2_sensor_1,Paper_Cardboard,78.2532,18.40296188099077,0.0943210071572017,0.0,0.0,0.0,1,0.065394,1,-19.69908
material_0700700_position_2_sensor_2,Paper_Cardboard,60.1049,21.37742351245768,0.0689031511693203,0.0,0.0625,0.0625,1,0.121445,1,-11.372276
material_0700700_position_2_sensor_3,Paper_Cardboard,63.0726,18.776392625182385,0.11713467626634,0.0,0.0,0.0625,1,0.070921,1,-18.0668
material_0700700_position_3_sensor_1,Paper_Cardboard,59.3483,21.446668101238863,0.1186500698912367,0.0,0.0625,0.0625,1,0.093391,1,-17.802157
material_0700700_position_3_sensor_2,Paper_Cardboard,76.9367,13.7801351563309,0.0355395316329648,0.0,0.0,0.0,1,0.077703,1,-32.347865
material_0700700_position_3_sensor_3,Paper_Cardboard,58.9404,19.96888071273752,0.0990449649586397,0.0,0.0625,0.0625,1,0.077486,1,-20.109256
material_0700700_position_4_sensor_1,Paper_Cardboard,49.0088,15.151185221433622,0.5766054671543078,0.0,0.0625,0.0625,1,0.119062,1,-11.128973
material_0700700_position_4_sensor_2,Paper_Cardboard,60.4238,12.70492923648337,0.0978274468315962,0.0,0.0,0.0625,-1,-0.057202,-1,-114.110166
material_0700700_position_4_sensor_3,Paper_Cardboard,57.5271,18.28769184923469,0.1364936443652977,0.0,0.0625,0.0625,1,0.106574,1,-15.57685
material_0700700_position_5_sensor_1,Paper_Cardboard,79.6213,21.588841677889185,0.1058228017769568,0.0,0.0,0.0,1,0.108336,1,-16.028675
material_0700700_position_5_sensor_2,Paper_Cardboard,65.6572,22.129894726987512,0.0571933242698115,0.0,0.0,0.0625,1,0.10811,1,-14.233054
material_0700700_position_5_sensor_3,Paper_Cardboard,69.2377,20.09449688278658,0.0841772365196047,0.0,0.125,0.0,1,0.097514,1,-18.190345
material_0700700_position_6_sensor_1,Paper_Cardboard,78.0147,18.094071772092303,0.0998719857409113,0.0,0.0,0.0,1,0.107386,1,-20.474163
material_0700700_position_6_sensor_2,Paper_Cardboard,55.7365,13.793920363254951,0.1115160701976089,0.0,0.0625,0.0625,1,0.0787,1,-22.552411
material_0700700_position_6_sensor_3,Paper_Cardboard,73.1048,18.734479987849397,0.1138189481847409,0.0,0.0625,0.0,1,0.112292,1,-14.041047
material_0700720_position_1_sensor_1,Paper_Cardboard,59.3271,19.164504018270712,-0.0500590134165662,0.0,0.0625,0.0625,1,0.120541,1,-8.937032
material_0700720_position_1_sensor_2,Paper_Cardboard,80.4903,22.16527398053641,-0.0687856557010821,0.0,0.0,0.0,1,0.136046,1,-8.925286
material_0700720_position_1_sensor_3,Paper_Cardboard,79.0798,17.99270468020204,-0.0297176761003887,0.0,0.0,0.0,1,0.11668,1,-10.571106
material_0700720_position_2_sensor_1,Paper_Cardboard,79.7164,19.233563599592653,-0.0276682799096208,0.0,0.0,0.0,1,0.134542,1,-9.075154
material_0700720_position_2_sensor_2,Paper_Cardboard,60.8614,22.278467252198627,-0.0488907893561066,0.0,0.0625,0.0625,1,0.121279,1,-8.213907
material_0700720_position_2_sensor_3,Paper_Cardboard,74.0141,18.162539638869333,-0.0390563071257155,0.0,0.0625,0.0,1,0.093587,1,-14.121492
material_0700720_position_3_sensor_1,Paper_Cardboard,57.2573,16.32487195777671,-0.0933336349188125,0.0,0.0625,0.0625,-1,-0.053184,-1,-104.168525
material_0700720_position_3_sensor_2,Paper_Cardboard,64.1678,21.36078051674434,-0.1273810412837012,0.0,0.0,0.0625,1,0.068698,1,-15.757738
material_0700720_position_3_sensor_3,Paper_Cardboard,61.5037,16.77116853063554,-0.1544518213209783,0.0,0.0,0.0625,1,0.139031,1,-8.200876
material_0700720_position_4_sensor_1,Paper_Cardboard,59.4069,19.188828277101305,0.0457766863255738,0.0,0.0625,0.0625,1,0.05744,1,-21.762151
material_0700720_position_4_sensor_2,Paper_Cardboard,80.8714,22.37911599237517,-0.0513481078303742,0.0,0.0,0.0,1,0.124471,1,-9.63512
material_0700720_position_4_sensor_3,Paper_Cardboard,63.9287,17.998475981491687,-0.0394064989276966,0.0,0.0,0.0625,1,0.12355,1,-9.193841
material_0700730_position_1_sensor_1,Paper_Cardboard,78.3184,18.698290265739235,-0.0992661882786977,0.0,0.0,0.0,1,0.089682,1,-25.469533
material_0700730_position_1_sensor_2,Paper_Cardboard,59.8251,21.10395066096754,-0.078133993310868,0.0,0.0625,0.0625,1,0.127179,1,-8.604736
material_0700730_position_1_sensor_3,Paper_Cardboard,58.0292,16.87785258013437,-0.0616919264450578,0.0,0.0625,0.0625,1,0.127315,1,-9.464412
material_0700730_position_2_sensor_1,Paper_Cardboard,74.0957,18.66349088176355,-0.0492718497880948,0.0,0.0625,0.0,1,0.099667,1,-18.530035
material_0700730_position_2_sensor_2,Paper_Cardboard,64.2428,20.86432082412027,-0.1074488756765715,0.0,0.0,0.0625,1,0.119018,1,-9.819552
material_0700730_position_2_sensor_3,Paper_Cardboard,56.8576,16.755387864651407,-0.1316886425143011,0.0,0.0625,0.0625,1,0.117796,1,-12.646108
material_0700730_position_3_sensor_1,Paper_Cardboard,79.2749,18.709338309584552,-0.0393939392488781,0.0,0.0,0.0,1,0.081388,1,-26.912122
material_0700730_position_3_sensor_2,Paper_Cardboard,59.402,20.910544046015,-0.0988430750229798,0.0,0.0625,0.0625,1,0.126722,1,-9.968563
material_0700730_position_3_sensor_3,Paper_Cardboard,61.5825,16.702879282995603,-0.1473946222043514,0.0,0.0,0.0625,1,0.116403,1,-12.516508
material_0700730_position_4_sensor_1,Paper_Cardboard,60.5037,20.039800242793063,0.0028085187525536,0.0,0.0625,0.0625,1,0.092983,1,-18.421423
material_0700730_position_4_sensor_2,Paper_Cardboard,65.546,22.3864019971094,-0.0720510924096222,0.0,0.0,0.0625,1,0.116452,1,-11.498691
material_0700730_position_4_sensor_3,Paper_Cardboard,59.019,18.434589534775125,-0.0470873784083979,0.0,0.0625,0.0625,1,0.088021,1,-18.133925
material_0700750_position_1_sensor_1,Paper_Cardboard,60.3132,21.079887365764787,0.0466701245276737,0.0,0.0625,0.0625,1,0.062973,1,-19.820268
material_0700750_position_1_sensor_2,Paper_Cardboard,55.6909,21.77667315123867,0.0442499664905004,0.0,0.125,0.0625,1,0.114268,1,-8.093285
material_0700750_position_1_sensor_3,Paper_Cardboard,63.2551,19.33083426796548,0.1226334603502875,0.0,0.0,0.0625,1,0.121063,1,-10.388331
material_0700750_position_2_sensor_1,Paper_Cardboard,53.354,18.466648374306445,0.0899270450367621,0.0,0.125,0.0625,1,0.107867,1,-11.045023
material_0700750_position_2_sensor_2,Paper_Cardboard,56.5133,12.41834296968823,0.0204680861928056,0.0,0.0625,0.0625,1,0.088775,1,-18.979032
material_0700750_position_2_sensor_3,Paper_Cardboard,59.024,19.97373072379343,0.0939305284288192,0.0,0.0625,0.0625,1,0.098816,1,-14.974477
material_0700750_position_3_sensor_1,Paper_Cardboard,58.3745,18.541481132191883,0.0909331262127205,0.0,0.0625,0.0625,1,0.103048,1,-12.665134
material_0700750_position_3_sensor_2,Paper_Cardboard,61.0958,22.03383901498739,0.0266408643535529,0.0,0.0625,0.0625,1,0.118533,1,-9.248986
material_0700750_position_3_sensor_3,Paper_Cardboard,53.7277,19.62671556583698,0.1019524627884978,0.0,0.125,0.0625,1,0.128142,1,-7.197466
material_0700750_position_4_sensor_1,Paper_Cardboard,59.0572,18.071482820632973,0.0335509503931767,0.0,0.0625,0.0625,1,0.121209,1,-11.354687
material_0700750_position_4_sensor_2,Paper_Cardboard,60.6172,21.519791181603217,0.0410143644046148,0.0,0.0625,0.0625,-1,-0.127038,-1,-431.869934
material_0700750_position_4_sensor_3,Paper_Cardboard,64.6763,19.33375863818009,0.0332627575444209,0.0,0.0,0.0625,1,0.118177,1,-10.932761
material_0700770_position_1_sensor_1,Paper_Cardboard,80.7771,20.775312032439924,-0.0081359352660345,0.0,0.0,0.0,1,0.11895,1,-11.858108
material_0700770_position_1_sensor_2,Paper_Cardboard,59.3222,21.35147861690929,0.1173742627910522,0.0,0.0625,0.0625,1,0.135282,1,-6.911042
material_0700770_position_1_sensor_3,Paper_Cardboard,57.2465,18.72536708484085,0.1675728368821485,0.0,0.0625,0.0625,1,0.109752,1,-10.82918
material_0700770_position_2_sensor_1,Paper_Cardboard,59.9196,18.93264294405757,0.0056538516773898,0.0,0.0625,0.0625,1,0.116886,1,-12.047417
material_0700770_position_2_sensor_2,Paper_Cardboard,56.543,22.437107210843067,0.0108459616268372,0.0,0.125,0.0625,1,0.115986,1,-13.645697
material_0700770_position_2_sensor_3,Paper_Cardboard,59.5844,20.346519306090016,-0.0700805233226102,0.0,0.0625,0.0625,1,0.104464,1,-14.874558
material_0700770_position_3_sensor_1,Paper_Cardboard,57.466,18.29084781179151,0.1404376308466085,0.0,0.0625,0.0625,1,0.125077,1,-7.066656
material_0700770_position_3_sensor_2,Paper_Cardboard,60.1317,12.59648830987331,0.1128958317376427,0.0,0.0,0.0625,1,0.122204,1,-23.104236
material_0700770_position_3_sensor_3,Paper_Cardboard,56.4537,7.267387195701146,0.1811228298611093,0.0,0.0,0.0625,-1,-0.030783,-1,-104.000229
material_0700770_position_4_sensor_1,Paper_Cardboard,56.1031,17.40321217990227,0.1990319696563511,0.0,0.0625,0.0625,1,0.115082,1,-9.461572
material_0700770_position_4_sensor_2,Paper_Cardboard,64.0807,20.78124965844762,0.1151061724494484,0.0,0.0,0.0625,1,0.124516,1,-9.929771
material_0700770_position_4_sensor_3,Paper_Cardboard,50.7085,5.299758256373154,0.1677464240579023,0.0,0.0625,0.0625,-1,-0.06618,-1,-76.857302
material_0700780_position_1_sensor_1,Paper_Cardboard,52.3013,13.225988620740146,0.0881827453746247,0.0,0.1176470588235294,0.0588235294117647,1,0.046835,1,-22.218347
material_0700780_position_1_sensor_2,Paper_Cardboard,55.2323,18.945774712327268,0.3011178975822086,0.0,0.0625,0.0625,1,0.10463,1,-14.719737
material_0700780_position_1_sensor_3,Paper_Cardboard,74.3527,15.59640553496341,0.2538559283088223,0.0,0.0,0.0,1,0.08719,1,-17.640337
material_0700780_position_2_sensor_1,Paper_Cardboard,63.9707,20.697294490217782,0.1194606470843528,0.0,0.0,0.0625,1,0.101416,1,-17.46823
material_0700780_position_2_sensor_2,Paper_Cardboard,58.8412,21.17111266058886,0.1421289796517567,0.0,0.0625,0.0625,1,0.106553,1,-15.503655
material_0700780_position_2_sensor_3,Paper_Cardboard,58.427,18.935488044472795,0.0996974251940338,0.0,0.0625,0.0625,1,0.107801,1,-17.356085
material_0700780_position_3_sensor_1,Paper_Cardboard,59.5072,21.00149507779196,0.0950067880667864,0.0,0.0625,0.0625,1,0.097395,1,-18.640914
material_0700780_position_3_sensor_2,Paper_Cardboard,59.6485,21.705254393916707,0.1076761003880701,0.0,0.0625,0.0625,1,0.10275,1,-16.2991
material_0700780_position_3_sensor_3,Paper_Cardboard,64.6182,19.6112120071362,0.0454173735574944,0.0,0.0,0.0625,1,0.067547,1,-22.210663
material_0700780_position_4_sensor_1,Paper_Cardboard,56.0962,18.95559906869699,0.2470370886310251,0.0,0.0625,0.0625,1,0.079848,1,-20.748351
material_0700780_position_4_sensor_2,Paper_Cardboard,75.7634,19.167114913898335,0.2744640315436096,0.0,0.0,0.0,1,0.122188,1,-14.150536
material_0700780_position_4_sensor_3,Paper_Cardboard,78.156,15.64160816862202,-0.015828177657784,0.0,0.0,0.0,1,0.064065,1,-26.267496
material_0700790_position_1_sensor_1,Paper_Cardboard,73.0078,19.832011816498763,0.1535551678027967,0.0,0.0625,0.0,1,0.115191,1,-13.798112
material_0700790_position_1_sensor_2,Paper_Cardboard,53.6607,13.232030424279934,0.2249677670547394,0.0,0.0625,0.0625,1,0.066123,1,-31.628195
material_0700790_position_1_sensor_3,Paper_Cardboard,71.1175,10.763978585005948,0.309432637931474,0.0,0.0,0.0,1,0.072722,1,-22.701489
material_0700790_position_2_sensor_1,Paper_Cardboard,57.737,20.56722797727621,0.1931318167892151,0.0,0.0625,0.0625,1,0.082754,1,-21.650697
material_0700790_position_2_sensor_2,Paper_Cardboard,50.9233,15.581460455869284,0.1545263432521431,0.0,0.125,0.0625,-1,-0.128074,-1,-234.093102
material_0700790_position_2_sensor_3,Paper_Cardboard,54.1447,16.493338568895034,-0.2944284939236116,0.0,0.0625,0.0625,1,0.087006,1,-14.531826
material_0700790_position_3_sensor_1,Paper_Cardboard,62.1895,19.722200513627644,0.2017049217473459,0.0,0.0,0.0625,1,0.116903,1,-13.120195
material_0700790_position_3_sensor_2,Paper_Cardboard,52.7888,9.158441607008536,0.1550273485370706,0.0,0.0625,0.0625,-1,-0.010094,-1,-92.12089
material_0700790_position_3_sensor_3,Paper_Cardboard,53.709,15.86678404460827,-0.3026621141620736,0.0,0.0625,0.0625,1,0.090307,1,-13.7796
material_0700790_position_4_sensor_1,Paper_Cardboard,52.79,16.29908149832682,-0.3737540386923008,0.0,0.0625,0.0625,1,0.092225,1,-16.850816
material_0700790_position_4_sensor_2,Paper_Cardboard,72.371,17.74891035581646,0.1298141228170943,0.0,0.0625,0.0,1,0.108758,1,-16.684032
material_0700790_position_4_sensor_3,Paper_Cardboard,55.624,16.506013006163265,-0.2016996591605392,0.0,0.0625,0.0625,1,0.103744,1,-11.583096
material_0700800_position_1_sensor_1,Paper_Cardboard,62.7703,20.02308030842957,0.1743601217830845,0.0,0.0,0.0625,1,0.10256,1,-15.91604
material_0700800_position_1_sensor_2,Paper_Cardboard,62.5546,20.297367310008863,0.1963454956852514,0.0,0.0,0.0625,1,0.11927,1,-12.522979
material_0700800_position_1_sensor_3,Paper_Cardboard,70.936,17.622071995164806,0.21625958690768,0.0,0.0625,0.0,1,0.132179,1,-8.218756
material_0700800_position_2_sensor_1,Paper_Cardboard,57.7507,20.308875689097903,0.1843557926751435,0.0,0.0625,0.0625,1,0.115164,1,-14.194099
material_0700800_position_2_sensor_2,Paper_Cardboard,58.189,21.0187619508342,0.1785133208231223,0.0,0.0625,0.0625,1,0.122502,1,-8.32215
material_0700800_position_2_sensor_3,Paper_Cardboard,61.5126,18.328602512605123,0.2016110057955456,0.0,0.0,0.0625,1,0.038866,-1,-43.486786
material_0700800_position_3_sensor_1,Paper_Cardboard,52.9742,10.996436498727196,0.1996762328303724,0.0,0.0625,0.0625,1,0.008665,-1,-44.681654
material_0700800_position_3_sensor_2,Paper_Cardboard,47.1909,10.950691992859262,0.2475849242366209,0.0,0.125,0.0625,1,0.055692,1,-29.113121
material_0700800_position_3_sensor_3,Paper_Cardboard,55.4038,17.366886057612994,0.2419375494664046,0.0,0.0625,0.0625,1,0.119558,1,-9.667393
material_0700800_position_4_sensor_1,Paper_Cardboard,58.5179,11.82218204597526,0.1907551429100249,0.0,0.0,0.0625,1,0.004997,-1,-49.949658
material_0700800_position_4_sensor_2,Paper_Cardboard,76.4656,19.833149600993348,0.25067050908905,0.0,0.0,0.0,1,0.111111,1,-21.408082
material_0700800_position_4_sensor_3,Paper_Cardboard,75.9247,17.478316772278525,0.2125633760340075,0.0,0.0,0.0,1,0.024288,-1,-58.131846
material_0700800_position_5_sensor_1,Paper_Cardboard,57.4767,19.853280033091742,0.1876386032603133,0.0,0.0625,0.0625,1,0.132166,1,-8.70304
material_0700800_position_5_sensor_2,Paper_Cardboard,62.8288,20.770095605780654,0.1935690981796333,0.0,0.0,0.0625,1,0.064746,-1,-43.703909
material_0700800_position_5_sensor_3,Paper_Cardboard,56.0069,18.05081102588993,0.2249312305325743,0.0,0.0625,0.0625,1,0.131048,1,-8.309476
material_0700810_position_1_sensor_1,Paper_Cardboard,65.6139,19.489253867168188,0.0345497600081675,0.0,0.0,0.0588235294117647,1,0.074561,1,-16.628594
material_0700810_position_1_sensor_2,Paper_Cardboard,76.2137,19.62426516443583,0.2601275626787163,0.0,0.0,0.0,1,0.125423,1,-12.782601
material_0700810_position_1_sensor_3,Paper_Cardboard,55.0088,16.951331279155625,0.2540682588465061,0.0,0.0625,0.0625,1,0.096578,1,-18.109117
material_0700810_position_2_sensor_1,Paper_Cardboard,65.0465,5.264886977180364,0.2083461116217309,0.0,0.0625,0.0,-1,-0.100236,-1,-167.290129
material_0700810_position_2_sensor_2,Paper_Cardboard,53.9049,14.090864719504244,0.2359116913041267,0.0,0.0625,0.0625,1,0.112699,1,-17.716544
material_0700810_position_2_sensor_3,Paper_Cardboard,62.4463,17.317669930216873,0.1118597978579438,0.0,0.0,0.0625,1,0.069581,1,-17.435266
material_0700810_position_3_sensor_1,Paper_Cardboard,61.5488,22.25448572200693,-0.0048846922232467,0.0,0.0625,0.0625,1,0.092912,1,-18.723282
material_0700810_position_3_sensor_2,Paper_Cardboard,59.1116,7.897838784252997,0.0331312455320648,0.0,0.0,0.0625,-1,-0.085093,-1,-168.758455
material_0700810_position_3_sensor_3,Paper_Cardboard,60.7968,20.669010321775268,0.0036404925576969,0.0,0.0625,0.0625,1,0.097984,1,-19.907453
material_0700810_position_4_sensor_1,Paper_Cardboard,72.5983,10.595138662149846,0.2110439485038785,0.0,0.0,0.0,-1,-0.030787,-1,-103.662586
material_0700810_position_4_sensor_2,Paper_Cardboard,55.8196,19.491179941335364,0.2808568729575164,0.0,0.0625,0.0625,1,0.107859,1,-12.778996
material_0700810_position_4_sensor_3,Paper_Cardboard,54.4015,10.961909056446313,-0.1087745417177301,0.0,0.0625,0.0625,-1,-0.094175,-1,-131.982264
material_0700810_position_5_sensor_1,Paper_Cardboard,71.4612,19.16308474637631,0.2304186245787381,0.0,0.0625,0.0,1,0.061038,1,-25.398999
material_0700810_position_5_sensor_2,Paper_Cardboard,71.2193,19.651649707267403,0.2606121371400138,0.0,0.0625,0.0,1,0.107126,1,-15.128836
material_0700810_position_5_sensor_3,Paper_Cardboard,58.3107,10.159295410864056,-0.1528435648999211,0.0,0.0,0.0625,-1,-0.129644,-1,-118.744827
material_0700830_position_1_sensor_1,Paper_Cardboard,59.0878,20.16875963899302,0.0958944099775342,0.0,0.0625,0.0625,1,0.077981,1,-16.659987
material_0700830_position_1_sensor_2,Paper_Cardboard,53.2569,20.74688011961957,0.1659097046696252,0.0,0.125,0.0625,1,0.129449,1,-9.392607
material_0700830_position_1_sensor_3,Paper_Cardboard,59.8112,17.33164016511076,0.2781620263990993,0.0,0.0,0.0625,1,0.123443,1,-9.88125
material_0700830_position_2_sensor_1,Paper_Cardboard,56.6215,19.62296039877776,0.2344204580269606,0.0,0.0625,0.0625,1,0.11891,1,-13.060233
material_0700830_position_2_sensor_2,Paper_Cardboard,78.1187,20.9265319891306,0.1801127403109662,0.0,0.0,0.0,1,0.106903,1,-19.625274
material_0700830_position_2_sensor_3,Paper_Cardboard,49.7957,17.420586657265357,0.2818624259599656,0.0,0.125,0.0625,1,0.117797,1,-11.480364
material_0700830_position_3_sensor_1,Paper_Cardboard,59.7962,14.841896094250114,0.2028198816636004,0.0,0.0,0.0625,-1,-0.018103,-1,-77.257454
material_0700830_position_3_sensor_2,Paper_Cardboard,77.0123,17.998508847661082,0.1600416890063298,0.0,0.0,0.0,1,0.121511,1,-19.837778
material_0700830_position_3_sensor_3,Paper_Cardboard,46.3024,11.089921008295264,0.3077763991013052,0.0,0.125,0.0625,1,0.047814,1,-31.338253
material_0700830_position_4_sensor_1,Paper_Cardboard,61.9179,19.929809181452917,0.2251610849417844,0.0,0.0,0.0625,1,0.101065,1,-17.291616
material_0700830_position_4_sensor_2,Paper_Cardboard,57.7416,20.77696891912131,0.1992707359962202,0.0,0.0625,0.0625,1,0.119138,1,-11.77518
material_0700830_position_4_sensor_3,Paper_Cardboard,55.5626,17.721124436135554,0.2427957691865774,0.0,0.0625,0.0625,1,0.126201,1,-8.757925
material_0700840_position_1_sensor_1,Paper_Cardboard,59.2854,11.14338555815224,0.1771842660675375,0.0,0.0,0.0588235294117647,-1,-0.02999,-1,-59.386544
material_0700840_position_1_sensor_2,Paper_Cardboard,64.1712,21.089984287657536,0.1188695156122328,0.0,0.0,0.0625,1,0.125924,1,-10.498973
material_0700840_position_1_sensor_3,Paper_Cardboard,66.7826,18.56117559887979,0.1917423247293716,0.0,0.125,0.0,1,0.116934,1,-12.255057
material_0700840_position_2_sensor_1,Paper_Cardboard,62.7604,19.84747011619898,0.1696021672666459,0.0,0.0,0.0625,1,0.105082,1,-13.914736
material_0700840_position_2_sensor_2,Paper_Cardboard,63.5476,20.6838624220369,0.145679322086906,0.0,0.0,0.0625,1,0.103199,1,-15.235389
material_0700840_position_2_sensor_3,Paper_Cardboard,61.4135,18.131911890589542,0.2018251490374794,0.0,0.0,0.0625,1,0.027664,-1,-106.172242
material_0700840_position_3_sensor_1,Paper_Cardboard,73.1236,19.674393275959293,0.1414407823350678,0.0,0.0625,0.0,1,0.083713,1,-19.963209
material_0700840_position_3_sensor_2,Paper_Cardboard,79.1532,20.56112897959185,0.1037974175347223,0.0,0.0,0.0,1,0.106464,1,-22.670174
material_0700840_position_3_sensor_3,Paper_Cardboard,76.0662,17.69772565274391,0.2103782998876621,0.0,0.0,0.0,1,0.112145,1,-18.876938
material_0700840_position_4_sensor_1,Paper_Cardboard,77.2351,17.536554929297857,0.1318625935074543,0.0,0.0,0.0,1,0.021232,-1,-172.402773
material_0700840_position_4_sensor_2,Paper_Cardboard,62.9565,19.93198946808282,0.1598529619204436,0.0,0.0,0.0625,1,0.11401,1,-10.302384
material_0700840_position_4_sensor_3,Paper_Cardboard,61.1356,17.648844811370843,0.2045107294219764,0.0,0.0,0.0625,1,0.133428,1,-7.643635
material_0700840_position_5_sensor_2,Paper_Cardboard,63.5257,20.970957555196016,0.1558589665032688,0.0,0.0,0.0625,1,0.130053,1,-11.307014
material_0700840_position_5_sensor_3,Paper_Cardboard,78.7318,19.169372194465545,0.0876792407066987,0.0,0.0,0.0,1,0.13324,1,-9.736793
material_0700940_position_1_sensor_1,Paper_Cardboard,61.2763,19.119353869200385,3.327280347732768e-05,0.0,0.0588235294117647,0.0588235294117647,1,0.049515,1,-17.80534
material_0700940_position_1_sensor_2,Paper_Cardboard,55.4054,21.612228668579316,-0.0571810661764736,0.0,0.125,0.0625,1,0.124268,1,-7.08665
material_0700940_position_1_sensor_3,Paper_Cardboard,78.4884,17.413590134161527,-0.0492023622600118,0.0,0.0,0.0,1,0.10462,1,-21.214601
material_0700940_position_2_sensor_1,Paper_Cardboard,54.528,19.02290881237461,-0.0330692737055772,0.0,0.125,0.0625,1,0.104409,1,-12.764171
material_0700940_position_2_sensor_2,Paper_Cardboard,57.2532,16.68212492593225,-0.1045402082056797,0.0,0.0625,0.0625,1,0.011079,-1,-77.482903
material_0700940_position_2_sensor_3,Paper_Cardboard,56.5042,13.443971799147524,-0.0524631682751246,0.0,0.0625,0.0625,1,0.094543,1,-14.797804
material_0700940_position_3_sensor_1,Paper_Cardboard,59.6994,19.127163235184497,-0.0254760534747791,0.0,0.0625,0.0625,1,0.11239,1,-14.312826
material_0700940_position_3_sensor_2,Paper_Cardboard,55.4585,21.34524922524412,-0.0456593552134396,0.0,0.125,0.0625,1,0.13623,1,-8.175578
material_0700940_position_3_sensor_3,Paper_Cardboard,53.1631,17.143922154501716,-0.0614129008374176,0.0,0.125,0.0625,1,0.129504,1,-9.310851
material_0700940_position_4_sensor_1,Paper_Cardboard,79.9343,19.603780598179405,-0.0252923958971624,0.0,0.0,0.0,1,0.073865,1,-31.31133
material_0700940_position_4_sensor_2,Paper_Cardboard,65.1808,21.78438585763344,-0.0765942733864408,0.0,0.0,0.0625,1,0.127554,1,-8.806477
material_0700940_position_4_sensor_3,Paper_Cardboard,58.3626,17.627961816686696,-0.0636890238842961,0.0,0.0625,0.0625,1,0.112871,1,-13.996202
material_0700950_position_1_sensor_1,Paper_Cardboard,79.2718,18.442019067950994,-0.0313974018969577,0.0,0.0,0.0,1,0.102636,1,-8.295906
material_0700950_position_1_sensor_2,Paper_Cardboard,57.293,15.665197474571755,0.0708745037402982,0.0,0.0625,0.0625,1,0.113843,1,-12.580124
material_0700950_position_1_sensor_3,Paper_Cardboard,58.0088,16.942594070850667,-0.0649555233226131,0.0,0.0625,0.0625,1,0.119948,1,-11.976516
material_0700950_position_2_sensor_1,Paper_Cardboard,64.7455,19.605052739062213,-0.0372199340022464,0.0,0.0,0.0625,1,0.111229,1,-14.609254
material_0700950_position_2_sensor_2,Paper_Cardboard,80.6122,22.321999234268763,-0.0659117487489797,0.0,0.0,0.0,1,0.088787,1,-21.43627
material_0700950_position_2_sensor_3,Paper_Cardboard,63.3412,16.028678540624803,0.0160289298662168,0.0,0.0,0.0625,1,0.025454,-1,-49.341305
material_0700950_position_3_sensor_1,Paper_Cardboard,54.7074,19.111855081767825,-0.0245014121859721,0.0,0.125,0.0625,1,0.120127,1,-8.156994
material_0700950_position_3_sensor_2,Paper_Cardboard,77.7641,19.932766824557685,0.171985297309028,0.0,0.0,0.0,1,0.125002,1,-11.314839
material_0700950_position_3_sensor_3,Paper_Cardboard,53.4698,17.761811098528977,-0.0610431394888674,0.0,0.125,0.0625,1,0.112415,1,-10.865024
material_0700950_position_4_sensor_1,Paper_Cardboard,62.2794,18.23171771226574,-0.1503705783420142,0.0,0.0,0.0625,1,0.123359,1,-10.927533
material_0700950_position_4_sensor_2,Paper_Cardboard,77.9044,21.111877574785755,-0.1992812707439752,0.0,0.0,0.0,1,0.111211,1,-11.148255
material_0700950_position_4_sensor_3,Paper_Cardboard,60.0666,16.747812215904005,-0.2441959092881967,0.0,0.0,0.0625,1,0.121845,1,-12.098069
material_0700950_position_5_sensor_1,Paper_Cardboard,58.2652,18.472475031925317,-0.0956961566202045,0.0,0.0625,0.0625,1,0.132614,1,-8.104724
material_0700950_position_5_sensor_2,Paper_Cardboard,63.7249,21.271659536082176,-0.1525330036637066,0.0,0.0,0.0625,1,0.11668,1,-9.677468
material_0700960_position_1_sensor_1,Paper_Cardboard,56.3992,20.397978991845896,0.0499895375902084,0.0,0.1176470588235294,0.0588235294117647,1,0.064748,1,-18.023593
material_0700960_position_1_sensor_2,Paper_Cardboard,54.6109,21.06598076411293,0.0904566546670741,0.0,0.125,0.0625,1,0.13057,1,-7.685519
material_0700960_position_1_sensor_3,Paper_Cardboard,73.3238,18.806337565394607,0.1022362690844552,0.0,0.0625,0.0,1,0.133769,1,-8.972543
material_0700960_position_2_sensor_1,Paper_Cardboard,60.2064,20.78948704636621,0.0444965150122531,0.0,0.0625,0.0625,1,0.103562,1,-16.037375
material_0700960_position_2_sensor_2,Paper_Cardboard,60.3432,21.686210077232573,0.0633641397314119,0.0,0.0625,0.0625,1,0.109599,1,-14.397906
material_0700960_position_2_sensor_3,Paper_Cardboard,60.2779,19.579006500962564,-0.0029065595639315,0.0,0.0625,0.0625,1,0.119269,1,-14.204035
material_0700960_position_3_sensor_1,Paper_Cardboard,79.4052,20.575279938046258,0.0883684640522852,0.0,0.0,0.0,1,0.099609,1,-24.520813
material_0700960_position_3_sensor_2,Paper_Cardboard,79.5055,21.03155420571686,0.0960374444699739,0.0,0.0,0.0,1,0.121278,1,-9.437625
material_0700960_position_3_sensor_3,Paper_Cardboard,77.7391,18.788879537739785,0.1385081811044742,0.0,0.0,0.0,1,0.11408,1,-18.492213
material_0700960_position_4_sensor_1,Paper_Cardboard,79.5634,20.431210058712264,0.0739977117800202,0.0,0.0,0.0,1,0.124013,1,-14.144723
material_0700960_position_4_sensor_2,Paper_Cardboard,60.0753,21.02049343458088,0.0598305297053706,0.0,0.0625,0.0625,1,0.137225,1,-5.904455
material_0700960_position_4_sensor_3,Paper_Cardboard,77.889,18.65868623373548,0.1250850694444431,0.0,0.0,0.0,1,0.086751,1,-22.642171
material_0700970_position_1_sensor_1,Paper_Cardboard,79.2585,18.826745231293888,-0.044024685329863,0.0,0.0,0.0,1,0.137462,1,-7.276835
material_0700970_position_1_sensor_2,Paper_Cardboard,59.8859,21.23466150567954,-0.0783141547309038,0.0,0.0625,0.0625,1,0.122459,1,-8.042614
material_0700970_position_1_sensor_3,Paper_Cardboard,59.1695,17.54697195438677,0.0104120056551251,0.0,0.0625,0.0625,1,0.128763,1,-7.298175
material_0700970_position_2_sensor_1,Paper_Cardboard,79.9673,19.3581277623752,-0.0156878797743048,0.0,0.0,0.0,1,0.083021,1,-29.469966
material_0700970_position_2_sensor_2,Paper_Cardboard,65.2771,21.90218458819914,-0.0741437956367474,0.0,0.0,0.0625,1,0.136506,1,-7.848172
material_0700970_position_2_sensor_3,Paper_Cardboard,59.2286,17.945552421897734,-0.0189066569010407,0.0,0.0625,0.0625,1,0.123609,1,-7.931362
material_0700970_position_3_sensor_1,Paper_Cardboard,62.1743,13.700821995167123,-0.0181543335758756,0.0,0.0,0.0625,-1,-0.024884,-1,-162.381857
material_0700970_position_3_sensor_2,Paper_Cardboard,60.0203,21.85813941072965,-0.0889594263812299,0.0,0.0625,0.0625,1,0.11913,1,-10.332483
material_0700970_position_3_sensor_3,Paper_Cardboard,79.2604,18.11557044675878,-0.0221131998697941,0.0,0.0,0.0,1,0.102284,1,-20.890444
material_0700970_position_4_sensor_1,Paper_Cardboard,61.6828,13.54633948525644,-0.0443585516237746,0.0,0.0,0.0625,-1,-0.055093,-1,-124.561641
material_0700970_position_4_sensor_2,Paper_Cardboard,73.7469,7.761983342162912,-0.0519266237745118,0.0,0.0,0.0,1,0.035296,-1,-60.149095
material_0700970_position_4_sensor_3,Paper_Cardboard,58.8931,16.799825587965852,-0.0049193298738758,0.0,0.0625,0.0625,1,0.125708,1,-7.309565
material_0700970_position_5_sensor_1,Paper_Cardboard,65.122,19.250339609277194,-0.0026490342881962,0.0,0.0,0.0625,1,0.120153,1,-9.963524
material_0700970_position_5_sensor_2,Paper_Cardboard,54.3648,18.9914564740292,0.3571256701899496,0.0,0.0625,0.0625,1,0.112789,1,-10.520508
material_0700970_position_5_sensor_3,Paper_Cardboard,59.3019,18.020781639826748,-0.0165964179942819,0.0,0.0625,0.0625,1,0.118396,1,-10.935106
material_0701010_position_1_sensor_1,Paper_Cardboard,58.8119,17.644901009143744,0.1099830777037359,0.0,0.0588235294117647,0.0588235294117647,1,0.069936,1,-17.388646
material_0701010_position_1_sensor_2,Paper_Cardboard,65.8644,21.195924693100068,0.0155288229549615,0.0,0.0,0.0625,1,0.118015,1,-12.148961
material_0701010_position_1_sensor_3,Paper_Cardboard,68.8207,16.685122413579602,0.0059589221430769,0.0,0.125,0.0,1,0.138023,1,-9.591149
material_0701010_position_2_sensor_1,Paper_Cardboard,74.7025,19.248950259603337,0.0290143324908103,0.0,0.0625,0.0,1,0.10711,1,-14.786706
material_0701010_position_2_sensor_2,Paper_Cardboard,75.8973,21.870824860605424,-0.0341427392897263,0.0,0.0625,0.0,1,0.092785,1,-15.541842
material_0701010_position_2_sensor_3,Paper_Cardboard,58.8634,17.652125753795286,0.0329018746170326,0.0,0.0625,0.0625,1,0.099124,1,-13.395261
material_0701010_position_3_sensor_1,Paper_Cardboard,80.1483,19.848526844516613,0.0193238086575761,0.0,0.0,0.0,1,0.079379,1,-20.227173
material_0701010_position_3_sensor_2,Paper_Cardboard,60.9008,22.387662416158,-0.0497547567529618,0.0,0.0625,0.0625,1,0.091261,1,-16.038823
material_0701010_position_3_sensor_3,Paper_Cardboard,53.3052,16.91251466484246,0.0453793402777751,0.0,0.125,0.0625,1,0.094639,1,-17.17215
material_0701010_position_4_sensor_1,Paper_Cardboard,58.7575,18.302136247290285,0.0594885604958091,0.0,0.0625,0.0625,1,0.125191,1,-10.902671
material_0701010_position_4_sensor_2,Paper_Cardboard,66.0164,21.067319363466627,0.0020247092652151,0.0,0.0,0.0625,1,0.126419,1,-9.892639
material_0701010_position_4_sensor_3,Paper_Cardboard,63.2694,16.570411394933704,0.0371498066023297,0.0,0.0,0.0625,1,0.139298,1,-8.682191
material_0701060_position_1_sensor_1,Paper_Cardboard,75.8982,19.10049758439865,0.2639387095332929,0.0,0.0,0.0,1,0.122994,1,-16.195773
material_0701060_position_1_sensor_2,Paper_Cardboard,56.546,19.998598123477574,0.2506797768586595,0.0,0.0625,0.0625,1,0.106854,1,-15.635277
material_0701060_position_1_sensor_3,Paper_Cardboard,52.3564,15.98727363251269,0.391496120876733,0.0,0.0625,0.0625,1,0.105458,1,-13.826048
material_0701060_position_2_sensor_1,Paper_Cardboard,59.6018,22.11810080831349,0.1232680520450393,0.0,0.0625,0.0625,1,0.076502,1,-23.449856
material_0701060_position_2_sensor_2,Paper_Cardboard,80.0088,21.91579626727144,0.0914463209763083,0.0,0.0,0.0,1,0.086562,1,-19.603979
material_0701060_position_2_sensor_3,Paper_Cardboard,62.9721,19.982704352798606,0.1604197272007751,0.0,0.0,0.0625,1,0.04484,1,-22.986246
material_0701060_position_3_sensor_1,Paper_Cardboard,77.0398,19.73875927934117,0.2116337475745486,0.0,0.0,0.0,1,0.094528,1,-21.569621
material_0701060_position_3_sensor_2,Paper_Cardboard,57.0299,20.144889114483245,0.2247003947737963,0.0,0.0625,0.0625,1,0.027891,-1,-86.108137
material_0701060_position_3_sensor_3,Paper_Cardboard,74.3432,16.993840667210122,0.2972708524816139,0.0,0.0,0.0,1,0.082997,1,-25.626541
material_0701060_position_4_sensor_1,Paper_Cardboard,56.8957,19.745783869018023,0.2209217792585778,0.0,0.0625,0.0625,1,0.095055,1,-20.185188
material_0701060_position_4_sensor_2,Paper_Cardboard,57.0899,20.195545119991813,0.2224799692989157,0.0,0.0625,0.0625,1,0.119092,1,-12.22514
material_0701060_position_4_sensor_3,Paper_Cardboard,74.4237,17.026311300227523,0.2932000979753882,0.0,0.0,0.0,1,0.083524,1,-25.189465
material_0701110_position_1_sensor_1,Paper_Cardboard,78.1519,17.883281249576402,0.0847741672623917,0.0,0.0,0.0,1,0.075913,1,-15.440018
material_0701110_position_1_sensor_2,Paper_Cardboard,79.6785,21.220461096521213,-0.0909347139246317,0.0,0.0,0.0,1,0.104641,1,-18.93872
material_0701110_position_1_sensor_3,Paper_Cardboard,58.4873,17.37690543582652,-0.0481434126710583,0.0,0.0625,0.0625,1,0.122506,1,-10.085782
material_0701110_position_2_sensor_1,Paper_Cardboard,59.4465,18.96801364800549,-0.0365177727992251,0.0,0.0625,0.0625,1,0.113393,1,-10.947894
material_0701110_position_2_sensor_2,Paper_Cardboard,64.8794,21.418146372914315,-0.0843432760799646,0.0,0.0,0.0625,1,0.02372,-1,-100.776975
material_0701110_position_2_sensor_3,Paper_Cardboard,78.3403,17.144849470234313,-0.0502884593290448,0.0,0.0,0.0,1,0.126277,1,-11.059462
material_0701110_position_3_sensor_1,Paper_Cardboard,74.9027,18.941358100450373,-0.0069844308491615,0.0,0.0625,0.0,1,0.138346,1,-7.24581
material_0701110_position_3_sensor_2,Paper_Cardboard,79.9414,21.453135250481576,-0.0815135442197716,0.0,0.0,0.0,1,0.132556,1,-8.833822
material_0701110_position_3_sensor_3,Paper_Cardboard,56.7007,14.657467057677234,-0.0772813521241838,0.0,0.0625,0.0625,1,0.033738,-1,-46.259558
material_0701110_position_4_sensor_1,Paper_Cardboard,79.3347,18.3340607449295,-0.0241337922538813,0.0,0.0,0.0,1,0.110177,1,-18.797911
material_0701110_position_4_sensor_2,Paper_Cardboard,60.1229,21.13288114575936,-0.0602749470230817,0.0,0.0625,0.0625,1,0.116845,1,-11.256098
material_0701110_position_4_sensor_3,Paper_Cardboard,62.9966,16.52822372804993,-0.0530292633655019,0.0,0.0,0.0625,1,0.135716,1,-7.1809
material_0701150_position_1_sensor_1,Paper_Cardboard,75.9535,21.14603509986153,0.0083944610396195,0.0,0.0625,0.0,1,0.101243,1,-21.109581
material_0701150_position_1_sensor_2,Paper_Cardboard,73.6515,18.197318310293177,0.3776903594771221,0.0,0.0,0.0,1,0.110396,1,-16.084374
material_0701150_position_1_sensor_3,Paper_Cardboard,78.2064,18.612825891973323,0.1036985134548567,0.0,0.0,0.0,1,0.103566,1,-19.099166
material_0701150_position_2_sensor_1,Paper_Cardboard,59.2756,18.63418107991384,0.0370506918913351,0.0,0.0625,0.0625,1,0.079557,1,-19.93541
material_0701150_position_2_sensor_2,Paper_Cardboard,79.6342,21.122940909035023,0.0907323755999773,0.0,0.0,0.0,1,0.093873,1,-27.081295
material_0701150_position_2_sensor_3,Paper_Cardboard,63.3217,18.70589300073356,0.0992924182368238,0.0,0.0,0.0625,1,0.056015,1,-32.319002
material_0701150_position_3_sensor_1,Paper_Cardboard,78.0135,18.319903691800214,0.1068652359706895,0.0,0.0,0.0,1,0.112416,1,-9.444334
material_0701150_position_3_sensor_2,Paper_Cardboard,69.5301,16.746866166639478,0.5926834357766522,0.0,0.0,0.0,1,0.130961,1,-9.28992
material_0701150_position_3_sensor_3,Paper_Cardboard,78.6586,19.22771908607133,0.0940719512739983,0.0,0.0,0.0,1,0.056098,1,-21.654978
material_0701150_position_4_sensor_1,Paper_Cardboard,78.0804,18.199407600554288,0.0989607460171568,0.0,0.0,0.0,1,0.108651,1,-12.067022
material_0701150_position_4_sensor_2,Paper_Cardboard,77.0076,19.68774044933725,0.2120969940385005,0.0,0.0,0.0,1,0.126714,1,-13.235459
material_0701150_position_4_sensor_3,Paper_Cardboard,78.3731,18.46010019537426,0.0885224338107616,0.0,0.0,0.0,1,0.061486,1,-19.23379
material_0701150_position_5_sensor_1,Paper_Cardboard,79.7879,18.983900552487253,-0.0155177983302698,0.0,0.0,0.0,1,0.13035,1,-10.711317
material_0701150_position_5_sensor_2,Paper_Cardboard,81.4732,23.14887721060707,-0.0370510269863163,0.0,0.0,0.0,1,0.104606,1,-16.022484
material_0701150_position_5_sensor_3,Paper_Cardboard,79.6471,20.461311576848217,-0.0696508757148702,0.0,0.0,0.0,1,0.110189,1,-16.872341
material_0701150_position_6_sensor_1,Paper_Cardboard,77.5494,18.079805914933527,0.1287222349877442,0.0,0.0,0.0,1,0.111468,1,-14.189637
material_0701150_position_6_sensor_2,Paper_Cardboard,69.6194,16.80358738563526,0.5887979361340864,0.0,0.0,0.0,1,0.105625,1,-13.809076
material_0701150_position_6_sensor_3,Paper_Cardboard,77.9467,18.736778276807705,0.1238419213388464,0.0,0.0,0.0,1,0.060058,1,-28.076664
material_0701180_position_1_sensor_1,Paper_Cardboard,77.7068,14.342291420856384,-0.0042903539453952,0.0,0.0,0.0,1,0.073879,1,-16.150657
material_0701180_position_1_sensor_2,Paper_Cardboard,60.4853,21.189484015899467,0.0391973996629894,0.0,0.0625,0.0625,1,0.105677,1,-12.364341
material_0701180_position_1_sensor_3,Paper_Cardboard,53.4663,19.3330581308844,0.1094045729294289,0.0,0.125,0.0625,1,0.124534,1,-10.601574
material_0701180_position_2_sensor_1,Paper_Cardboard,79.9783,19.467482320838624,0.0183463047002646,0.0,0.0,0.0,1,0.083687,1,-27.956257
material_0701180_position_2_sensor_2,Paper_Cardboard,81.0593,22.16206410486477,-0.032864369510826,0.0,0.0,0.0,1,0.067843,1,-26.964328
material_0701180_position_2_sensor_3,Paper_Cardboard,70.6574,21.168146546448675,0.027712644888682,0.0,0.125,0.0,1,0.107224,1,-16.74171
material_0701180_position_3_sensor_1,Paper_Cardboard,60.0192,19.92816439540513,0.0298864363128053,0.0,0.0625,0.0625,1,0.05592,1,-26.016685
material_0701180_position_3_sensor_2,Paper_Cardboard,61.6592,22.364480573479582,0.0013086863000382,0.0,0.0625,0.0625,1,0.074641,1,-26.912305
material_0701180_position_3_sensor_3,Paper_Cardboard,70.5103,21.209810680971927,0.0382464607587808,0.0,0.125,0.0,1,0.081534,1,-20.885362
material_0701180_position_4_sensor_1,Paper_Cardboard,59.9618,19.200752388726837,0.0112102481617612,0.0,0.0625,0.0625,1,0.099658,1,-15.412595
material_0701180_position_4_sensor_2,Paper_Cardboard,61.2596,22.33776076869247,0.0256411164726281,0.0,0.0625,0.0625,1,0.097714,1,-14.596527
material_0701180_position_4_sensor_3,Paper_Cardboard,80.0105,20.991347606649114,0.0630174775965065,0.0,0.0,0.0,1,0.10895,1,-13.287071
material_0701180_position_5_sensor_1,Paper_Cardboard,75.0986,19.439989105073277,0.0099307773565132,0.0,0.0625,0.0,1,0.081833,1,-27.58191
material_0701180_position_5_sensor_2,Paper_Cardboard,66.4632,22.280270364486483,-0.011066937614891,0.0,0.0,0.0625,1,0.090858,1,-15.426346
material_0701180_position_5_sensor_3,Paper_Cardboard,65.625,21.27305779697821,0.0329640746272442,0.0,0.0,0.0625,1,0.100307,1,-12.925231
material_0701200_position_1_sensor_1,Paper_Cardboard,63.2715,18.068858542870014,0.0829315369051256,0.0,0.0,0.0625,1,0.108088,1,-19.495764
material_0701200_position_1_sensor_2,Paper_Cardboard,58.9899,18.323148894878045,0.0454992994919316,0.0,0.0625,0.0625,1,0.110984,1,-13.842151
material_0701200_position_1_sensor_3,Paper_Cardboard,56.9181,15.941360541546974,0.102936954273895,0.0,0.0625,0.0625,1,0.117719,1,-14.1987
material_0701200_position_2_sensor_1,Paper_Cardboard,57.3072,16.45466828608805,0.0941706750408485,0.0,0.0625,0.0625,1,0.100919,1,-14.728423
material_0701200_position_2_sensor_2,Paper_Cardboard,54.5218,18.425783795531046,0.0151665565640295,0.0,0.125,0.0625,1,0.084824,1,-26.763907
material_0701200_position_2_sensor_3,Paper_Cardboard,76.4011,15.603857746368938,0.1251360038807178,0.0,0.0,0.0,1,0.102385,1,-31.18671
material_0701200_position_3_sensor_1,Paper_Cardboard,78.894,19.418170326042397,0.0850943723192382,0.0,0.0,0.0,1,0.112957,1,-16.843967
material_0701200_position_3_sensor_2,Paper_Cardboard,59.0901,19.972120959032736,0.0897241322635789,0.0,0.0625,0.0625,1,0.110637,1,-14.408023
material_0701200_position_3_sensor_3,Paper_Cardboard,50.5658,14.403309621758236,0.4556773944929517,0.0,0.0625,0.0625,1,0.113488,1,-12.417123
material_0701200_position_4_sensor_1,Paper_Cardboard,58.6795,19.232568698490216,0.0929085749208519,0.0,0.0625,0.0625,1,0.11633,1,-15.14373
material_0701200_position_4_sensor_2,Paper_Cardboard,54.2253,19.873754837562,0.0781988278058576,0.0,0.125,0.0625,1,0.120175,1,-10.629847
material_0701200_position_4_sensor_3,Paper_Cardboard,50.5278,14.119207942760925,0.4493594627629684,0.0,0.0625,0.0625,1,0.12865,1,-10.159223
material_0701210_position_1_sensor_1,Paper_Cardboard,59.8841,20.20702407217309,0.120995162930625,0.0,0.0588235294117647,0.0588235294117647,1,0.071161,1,-20.421297
material_0701210_position_1_sensor_2,Paper_Cardboard,74.9381,13.74906167637078,0.1603969184027767,0.0,0.0,0.0,1,0.05619,-1,-44.491348
material_0701210_position_1_sensor_3,Paper_Cardboard,76.1353,17.719945825169646,0.2067118709788581,0.0,0.0,0.0,1,0.140353,1,-8.722362
material_0701210_position_2_sensor_1,Paper_Cardboard,79.4837,20.713151413656824,0.0876487342984027,0.0,0.0,0.0,1,0.135466,1,-11.214359
material_0701210_position_2_sensor_2,Paper_Cardboard,59.6992,21.15361967781648,0.0875837705524896,0.0,0.0625,0.0625,1,0.119759,1,-10.034802
material_0701210_position_2_sensor_3,Paper_Cardboard,63.8347,19.11908178716438,0.0796593775531024,0.0,0.0,0.0625,1,0.142046,1,-9.108442
material_0701210_position_3_sensor_1,Paper_Cardboard,56.6211,15.410214659163636,0.1053565953073946,0.0,0.0625,0.0625,-1,-0.017065,-1,-72.445849
material_0701210_position_3_sensor_2,Paper_Cardboard,64.3644,20.90234036601848,0.100960497089459,0.0,0.0,0.0625,1,0.138916,1,-6.532797
material_0701210_position_3_sensor_3,Paper_Cardboard,57.3658,18.12283129489721,0.1415980248544723,0.0,0.0625,0.0625,1,0.132686,1,-9.361881
material_0701210_position_4_sensor_1,Paper_Cardboard,57.4943,20.00765959770761,0.1912655819163593,0.0,0.0625,0.0625,1,0.108209,1,-13.316115
material_0701210_position_4_sensor_2,Paper_Cardboard,58.2284,20.672663977869902,0.1654284747753243,0.0,0.0625,0.0625,1,0.133716,1,-7.012378
material_0701210_position_4_sensor_3,Paper_Cardboard,55.5222,16.61256431542752,0.2113740617340671,0.0,0.0625,0.0625,1,0.119557,1,-8.774583
material_0701210_position_5_sensor_1,Paper_Cardboard,77.5259,19.64413313378717,0.1781366150301273,0.0,0.0,0.0,1,0.118994,1,-20.322219
material_0701210_position_5_sensor_2,Paper_Cardboard,59.2895,20.80342541511131,0.1026433935227709,0.0,0.0625,0.0625,1,0.124499,1,-8.59238
material_0701210_position_5_sensor_3,Paper_Cardboard,77.3531,18.340899937808917,0.1490787680632127,0.0,0.0,0.0,1,0.114368,1,-20.965438
material_0701220_position_1_sensor_1,Paper_Cardboard,79.1331,19.365329656883222,0.068423245166122,0.0,0.0,0.0,1,0.07297,1,-15.120116
material_0701220_position_1_sensor_2,Paper_Cardboard,59.0623,20.87393394460014,0.1191043390012252,0.0,0.0625,0.0625,1,0.140093,1,-6.074865
material_0701220_position_1_sensor_3,Paper_Cardboard,76.6211,18.39129817875435,0.1967040967754283,0.0,0.0,0.0,1,0.09359,1,-17.372539
material_0701220_position_2_sensor_1,Paper_Cardboard,78.819,18.81659010497337,0.0713779695797567,0.0,0.0,0.0,1,0.088802,1,-17.378951
material_0701220_position_2_sensor_2,Paper_Cardboard,75.5587,22.347891942440945,0.0700706699346406,0.0,0.0625,0.0,1,0.113483,1,-13.747743
material_0701220_position_2_sensor_3,Paper_Cardboard,74.611,20.53553586211377,0.0741940056295922,0.0,0.0625,0.0,1,0.082247,1,-21.121037
material_0701220_position_3_sensor_1,Paper_Cardboard,62.7991,19.95906843707622,0.17058539975235,0.0,0.0,0.0625,1,0.097122,1,-12.567368
material_0701220_position_3_sensor_2,Paper_Cardboard,73.8147,10.513065436634164,0.1319563339333125,0.0,0.0,0.0,1,0.039934,-1,-50.44146
material_0701220_position_3_sensor_3,Paper_Cardboard,71.3857,17.96258606880978,0.1983859560100053,0.0,0.0625,0.0,1,0.126408,1,-12.664507
material_0701220_position_4_sensor_1,Paper_Cardboard,79.8941,21.712797169399938,0.0924478193295534,0.0,0.0,0.0,1,0.121506,1,-15.728336
material_0701220_position_4_sensor_2,Paper_Cardboard,75.1773,22.071706742654094,0.0856168157041464,0.0,0.0625,0.0,1,0.103206,1,-12.47146
material_0701220_position_4_sensor_3,Paper_Cardboard,78.507,20.17783458741904,0.132728861889807,0.0,0.0,0.0,1,0.106904,1,-14.344517
material_0701220_position_5_sensor_1,Paper_Cardboard,62.6931,19.99728148775417,0.178433332056779,0.0,0.0,0.0625,1,0.13181,1,-8.365975
material_0701220_position_5_sensor_2,Paper_Cardboard,78.7768,20.719535857520267,0.1323455260033699,0.0,0.0,0.0,1,0.137195,1,-7.713219
material_0701220_position_5_sensor_3,Paper_Cardboard,76.0736,17.948494237338597,0.2175967993642742,0.0,0.0,0.0,1,0.119286,1,-12.654674
material_0701240_position_1_sensor_1,Paper_Cardboard,63.8422,18.46874220420925,-0.059257581124902,0.0,0.0,0.0625,1,0.132672,1,-6.584727
material_0701240_position_1_sensor_2,Paper_Cardboard,75.1457,21.17581135991057,-0.060157906326594,0.0,0.0625,0.0,1,0.136185,1,-7.208231
material_0701240_position_1_sensor_3,Paper_Cardboard,71.689,14.81490624687467,0.0828388943142338,0.0,0.0625,0.0,1,0.116449,1,-12.005683
material_0701240_position_2_sensor_1,Paper_Cardboard,58.4832,18.3386534884456,0.077873241549223,0.0,0.0625,0.0625,1,0.108087,1,-12.974295
material_0701240_position_2_sensor_2,Paper_Cardboard,66.0283,21.23413904613122,-0.0063828124999987,0.0,0.0,0.0625,1,0.132382,1,-6.409443
material_0701240_position_2_sensor_3,Paper_Cardboard,58.688,16.865790960123327,0.0198501535054119,0.0,0.0625,0.0625,1,0.113759,1,-12.521634
material_0701240_position_3_sensor_1,Paper_Cardboard,60.9793,12.579660206123986,-0.0590219519122754,0.0,0.0,0.0625,-1,-0.105811,-1,-242.592045
material_0701240_position_3_sensor_2,Paper_Cardboard,80.1226,21.688780249822624,-0.0773268899356642,0.0,0.0,0.0,1,0.126641,1,-9.000088
material_0701240_position_3_sensor_3,Paper_Cardboard,78.2966,17.041985656185293,-0.0498844065946683,0.0,0.0,0.0,1,0.112291,1,-20.074748
material_0701240_position_4_sensor_1,Paper_Cardboard,78.3561,18.47784224598996,-0.0901386271956709,0.0,0.0,0.0,1,0.129775,1,-9.46675
material_0701240_position_4_sensor_2,Paper_Cardboard,59.8776,21.79001399492534,-0.0958559378829649,0.0,0.0625,0.0625,1,0.121849,1,-8.774498
material_0701240_position_4_sensor_3,Paper_Cardboard,56.6153,15.73102218568254,-0.1155510349647682,0.0,0.0625,0.0625,-1,-0.059599,-1,-93.85819
material_0701250_position_1_sensor_1,Paper_Cardboard,78.9746,19.92012483686305,0.0954006076388856,0.0,0.0,0.0,1,0.117428,1,-15.564926
material_0701250_position_1_sensor_2,Paper_Cardboard,62.399,19.36033494555901,0.1774252387152782,0.0,0.0,0.0625,1,0.130553,1,-10.691983
material_0701250_position_1_sensor_3,Paper_Cardboard,60.8542,17.262955585207475,0.2104025368285302,0.0,0.0,0.0625,1,0.124101,1,-11.942218
material_0701250_position_2_sensor_1,Paper_Cardboard,78.7699,17.82729970833347,0.0441566186044734,0.0,0.0,0.0,1,0.113765,1,-11.1709
material_0701250_position_2_sensor_2,Paper_Cardboard,79.8142,21.69576534782125,0.0969541797513277,0.0,0.0,0.0,1,0.113344,1,-10.467468
material_0701250_position_2_sensor_3,Paper_Cardboard,77.6562,17.9175935004181,0.1170295729294321,0.0,0.0,0.0,1,0.122136,1,-12.539931
material_0701250_position_3_sensor_1,Paper_Cardboard,63.0788,16.202026853171468,0.0378615196078416,0.0,0.0,0.0625,-1,-0.029024,-1,-79.82413
material_0701250_position_3_sensor_2,Paper_Cardboard,81.5291,22.789937102319765,0.0225339594822304,0.0,0.0,0.0,1,0.116396,1,-11.303229
material_0701250_position_3_sensor_3,Paper_Cardboard,60.6542,20.41258775528526,-0.004758757148695,0.0,0.0625,0.0625,1,0.127884,1,-13.821644
material_0701250_position_4_sensor_1,Paper_Cardboard,74.8502,18.798224961970085,0.0059049925959943,0.0,0.0625,0.0,1,0.125191,1,-11.202627
material_0701250_position_4_sensor_2,Paper_Cardboard,81.4569,22.806673117567698,0.0275893251506335,0.0,0.0,0.0,1,0.111283,1,-11.064959
material_0701250_position_4_sensor_3,Paper_Cardboard,80.402,20.513335730776937,-0.0237230120889538,0.0,0.0,0.0,1,0.122288,1,-12.407194
material_0701250_position_5_sensor_1,Paper_Cardboard,76.9315,17.602364648871895,0.1529901896956677,0.0,0.0,0.0,1,0.130986,1,-9.380765
material_0701250_position_5_sensor_2,Paper_Cardboard,76.2927,19.39670372820499,0.2481791162428495,0.0,0.0,0.0,1,0.12494,1,-10.808481
material_0701250_position_5_sensor_3,Paper_Cardboard,60.8314,17.916335185787613,0.2318585197099679,0.0,0.0,0.0625,1,0.138998,1,-9.257967
material_0701260_position_1_sensor_1,Paper_Cardboard,78.7732,18.22755526210133,-0.0562118018322791,0.0,0.0,0.0,1,0.077751,1,-20.058847
material_0701260_position_1_sensor_2,Paper_Cardboard,59.8599,21.251883286453776,-0.0804755843418103,0.0,0.0625,0.0625,1,0.11815,1,-8.704025
material_0701260_position_1_sensor_3,Paper_Cardboard,58.8159,16.787111974539282,-0.00939048777063,0.0,0.0625,0.0625,1,0.097839,1,-15.132754
material_0701260_position_2_sensor_1,Paper_Cardboard,64.6378,18.341768019905395,-0.0052885598575394,0.0,0.0,0.0625,1,0.116233,1,-9.116902
material_0701260_position_2_sensor_2,Paper_Cardboard,75.096,21.213357072002523,-0.0644367675781277,0.0,0.0625,0.0,1,0.136284,1,-8.343656
material_0701260_position_2_sensor_3,Paper_Cardboard,61.3939,13.858166330311327,-0.0720996109706912,0.0,0.0,0.0625,1,0.046175,-1,-39.533629
material_0701260_position_3_sensor_1,Paper_Cardboard,77.5485,18.64821912561051,-0.1461960146037625,0.0,0.0,0.0,1,0.108948,1,-19.991945
material_0701260_position_3_sensor_2,Paper_Cardboard,60.6959,15.97599318870996,-0.1809315927542915,0.0,0.0,0.0625,1,0.111535,1,-11.499544
material_0701260_position_3_sensor_3,Paper_Cardboard,74.8521,16.81628554981203,-0.2597952122906456,0.0,0.0,0.0,1,0.077974,1,-26.807969
material_0701260_position_4_sensor_1,Paper_Cardboard,78.9851,18.50037403597694,-0.0512366552415282,0.0,0.0,0.0,1,0.136976,1,-6.738624
material_0701260_position_4_sensor_2,Paper_Cardboard,64.874,21.13317698985588,-0.075950495302288,0.0,0.0,0.0625,1,0.124654,1,-9.043043
material_0701260_position_4_sensor_3,Paper_Cardboard,62.9539,16.91129606570938,-0.0674529191559453,0.0,0.0,0.0625,1,0.03955,-1,-53.108858
material_0701260_position_5_sensor_1,Paper_Cardboard,71.3269,13.040709594533515,-0.0512708014195287,0.0,0.0625,0.0,1,0.097504,1,-17.039565
material_0701260_position_5_sensor_2,Paper_Cardboard,55.2827,21.192024128241865,-0.0520294628267983,0.0,0.125,0.0625,1,0.142097,1,-5.712863
material_0701260_position_5_sensor_3,Paper_Cardboard,73.1346,16.713843946303435,-0.050027066099875,0.0,0.0625,0.0,1,0.109783,1,-13.022032
material_0701280_position_1_sensor_1,Metal,59.4349,17.787042667331583,0.0751199613417406,0.0,0.0588235294117647,0.0588235294117647,1,0.099637,1,-9.223367
material_0701280_position_1_sensor_2,Metal,57.7298,19.996233494988008,0.1760905889373968,0.0,0.0625,0.0625,1,0.12412,1,-10.53384
material_0701280_position_1_sensor_3,Metal,54.2438,16.573377817681063,0.2906457663143367,0.0,0.0625,0.0625,1,0.119418,1,-9.772516
material_0701280_position_2_sensor_1,Metal,58.4626,18.86565617551692,0.0953198848549837,0.0,0.0625,0.0625,1,0.091044,1,-18.967157
material_0701280_position_2_sensor_2,Metal,75.6252,21.52254468759707,0.0405958259931545,0.0,0.0625,0.0,1,0.086382,1,-19.85821
material_0701280_position_2_sensor_3,Metal,53.7668,19.523086120229344,0.096314973320056,0.0,0.125,0.0625,1,0.100762,1,-16.696673
material_0701280_position_3_sensor_1,Metal,66.9622,17.78935973034306,0.1567887465533061,0.0,0.125,0.0,1,0.130444,1,-11.135074
material_0701280_position_3_sensor_2,Metal,57.5319,19.987632972411333,0.1882845945669943,0.0,0.0625,0.0625,1,0.121591,1,-10.20083
material_0701280_position_3_sensor_3,Metal,54.0841,16.42241248170125,0.2960732038909295,0.0,0.0625,0.0625,1,0.121746,1,-9.878126
material_0701280_position_4_sensor_1,Metal,58.1666,19.01871777519152,0.118638153275631,0.0,0.0625,0.0625,1,0.080946,1,-24.781884
material_0701280_position_4_sensor_2,Metal,61.2276,22.15979621896718,0.0222007123161749,0.0,0.0625,0.0625,1,0.098488,1,-15.240245
material_0701280_position_4_sensor_3,Metal,54.0783,19.94894716669608,0.0897567322176228,0.0,0.125,0.0625,1,0.098826,1,-15.454102
material_0701290_position_1_sensor_1,Metal,79.0444,18.277883912014595,0.0406867117289613,0.0,0.0,0.0,1,0.115997,1,-14.738854
material_0701290_position_1_sensor_2,Metal,59.6129,20.554556266970696,0.0746613418479363,0.0,0.0625,0.0625,1,0.115457,1,-12.373268
material_0701290_position_1_sensor_3,Metal,65.4352,15.768015052214531,0.1909711770450354,0.0,0.125,0.0,1,0.140139,1,-10.627778
material_0701290_position_2_sensor_1,Metal,58.485,19.07367432476405,0.1002786314721215,0.0,0.0625,0.0625,-1,-0.066477,-1,-136.845859
material_0701290_position_2_sensor_2,Metal,61.1613,21.701965444391544,0.0123499827665417,0.0,0.0625,0.0625,1,0.107609,1,-10.233772
material_0701290_position_2_sensor_3,Metal,57.3388,17.106241626437942,0.1121471864787574,0.0,0.0625,0.0625,1,0.111644,1,-13.155711
material_0701290_position_3_sensor_1,Metal,57.7918,18.513486401621467,0.1267512589996896,0.0,0.0625,0.0625,1,0.10909,1,-12.533913
material_0701290_position_3_sensor_2,Metal,60.5367,21.32938204484525,-0.0402482575061302,0.0,0.0625,0.0625,1,0.11486,1,-12.310743
material_0701290_position_3_sensor_3,Metal,77.0681,17.05584675525443,0.1276426834405593,0.0,0.0,0.0,1,0.091169,1,-23.492547
material_0701290_position_4_sensor_1,Metal,76.5181,17.881444286083884,0.1875652190563717,0.0,0.0,0.0,1,0.09584,1,-21.374264
material_0701290_position_4_sensor_2,Metal,64.9178,20.50651948819553,0.0539958432266098,0.0,0.0,0.0625,1,0.133972,1,-8.708029
material_0701290_position_4_sensor_3,Metal,55.6634,16.179695041675515,0.1892226929508784,0.0,0.0625,0.0625,1,0.112493,1,-17.037047
material_0701300_position_1_sensor_1,Metal,78.6243,17.405747567594698,0.0404025075742083,0.0,0.0,0.0,1,0.094906,1,-11.118977
material_0701300_position_1_sensor_2,Metal,80.9431,21.0915388066001,-0.0073798477073145,0.0,0.0,0.0,1,0.126447,1,-8.111607
material_0701300_position_1_sensor_3,Metal,77.4702,16.32090276667568,0.0798113846124385,0.0,0.0,0.0,1,0.121684,1,-8.351581
material_0701300_position_2_sensor_1,Metal,78.4773,17.03068398541832,0.0381628843486191,0.0,0.0,0.0,1,0.101023,1,-10.763767
material_0701300_position_2_sensor_2,Metal,64.8367,19.27400043794767,0.0213343322354971,0.0,0.0,0.0625,1,0.095972,1,-10.689513
material_0701300_position_2_sensor_3,Metal,77.037,15.09628923267978,0.0695548518561023,0.0,0.0,0.0,1,0.126169,1,-7.900553
material_0701300_position_3_sensor_1,Metal,73.551,17.875931597628703,0.0594259823069835,0.0,0.0625,0.0,1,0.13555,1,-8.729235
material_0701300_position_3_sensor_2,Metal,80.517,20.31445687232224,0.0103891745174595,0.0,0.0,0.0,1,0.074756,1,-18.634714
material_0701300_position_3_sensor_3,Metal,77.7284,16.50785111259048,0.0692869354447483,0.0,0.0,0.0,1,0.091037,1,-22.574541
material_0701300_position_4_sensor_1,Metal,78.3088,18.0644695859312,0.0804465938393587,0.0,0.0,0.0,1,0.099566,1,-13.009423
material_0701300_position_4_sensor_2,Metal,80.5828,20.36219443521941,0.0077125794653793,0.0,0.0,0.0,1,0.099046,1,-15.482696
material_0701300_position_4_sensor_3,Metal,77.5326,16.79618844612256,0.0904505782781838,0.0,0.0,0.0,1,0.071355,1,-25.939637
material_0701300_position_5_sensor_1,Metal,57.9049,7.05971365586292,0.0834105104932581,0.0,0.0,0.0625,1,0.02541,-1,-54.583549
material_0701300_position_5_sensor_2,Metal,78.6348,16.697449165535428,-0.018041306040648,0.0,0.0,0.0,-1,-0.012996,-1,-98.579247
material_0701300_position_5_sensor_3,Metal,77.6299,15.407782163520068,0.0417790351817802,0.0,0.0,0.0,1,0.112009,1,-16.130968
material_0701300_position_6_sensor_1,Metal,73.0293,16.816666519559362,0.0598106601690168,0.0,0.0625,0.0,1,0.13406,1,-8.032127
material_0701300_position_6_sensor_2,Metal,80.0013,19.43737338554041,-0.0159785060508585,0.0,0.0,0.0,1,0.126856,1,-9.114506
material_0701300_position_6_sensor_3,Metal,76.6252,14.78014050394832,0.0857946633731607,0.0,0.0,0.0,1,0.134768,1,-8.588702
material_0701320_position_1_sensor_1,Metal,45.7767,10.393317386044492,-0.0047826318678521,0.0,0.1875,0.0625,1,0.019293,-1,-44.794877
material_0701320_position_1_sensor_2,Metal,76.5848,19.1670875451705,0.222761688431883,0.0,0.0,0.0,1,0.063988,-1,-56.32609
material_0701320_position_1_sensor_3,Metal,15.0,-1.6300760407047323,1.2589709009906047,0.0609168535397376,0.0,0.0625,-1,-0.21265,-1,-1712.572821
material_0701320_position_2_sensor_1,Metal,82.0355,23.38151486600852,-0.0087836052389714,0.0,0.0,0.0,1,0.076515,1,-18.264263
material_0701320_position_2_sensor_2,Metal,77.3282,14.011963401497756,-0.0179981793173026,0.0,0.0,0.0,-1,-0.012029,-1,-72.274133
material_0701320_position_2_sensor_3,Metal,75.6201,15.846265649676624,0.1817286911509393,0.0,0.0,0.0,1,0.008403,-1,-75.988235
material_0701320_position_3_sensor_1,Metal,63.197,17.81369386331465,0.1353456265318621,0.0,0.0,0.0588235294117647,1,0.030577,-1,-50.715521
material_0701320_position_3_sensor_2,Metal,72.5822,19.785956922148618,0.1789357208052468,0.0,0.0625,0.0,1,0.047722,-1,-72.040647
material_0701320_position_3_sensor_3,Metal,60.7276,15.860313569341445,0.1753956131280617,0.0,0.0,0.0625,1,0.032465,-1,-78.785934
material_0701320_position_4_sensor_1,Metal,78.4009,19.165680402463625,0.1083940844566987,0.0,0.0,0.0,1,0.110098,1,-16.044737
material_0701320_position_4_sensor_2,Metal,81.0283,21.70143960276757,0.0207024340660722,0.0,0.0,0.0,1,0.033776,1,-35.556428
material_0701320_position_4_sensor_3,Metal,78.0034,17.793876288121044,0.0913848645578021,0.0,0.0,0.0,1,0.074407,1,-24.629399
material_0701320_position_5_sensor_1,Metal,77.292,18.07126084461017,0.1446636667687896,0.0,0.0,0.0,1,0.068523,1,-36.256599
material_0701320_position_5_sensor_2,Metal,73.025,19.88582991629061,0.1541231362336594,0.0,0.0625,0.0,1,0.047204,-1,-62.688998
material_0701320_position_5_sensor_3,Metal,75.4932,15.884027996875425,0.1908763691023286,0.0,0.0,0.0,1,0.019459,-1,-74.40852
material_0701320_position_6_sensor_1,Metal,52.4161,18.158100110298637,0.1395103751787169,0.0,0.125,0.0625,1,0.070749,-1,-39.316794
material_0701320_position_6_sensor_2,Metal,78.7014,20.21579780812384,0.1216576797385612,0.0,0.0,0.0,1,0.067324,-1,-43.406569
material_0701320_position_6_sensor_3,Metal,60.7738,16.102482818903873,0.179907979728348,0.0,0.0,0.0625,1,0.065121,-1,-47.903421
material_0701320_position_7_sensor_1,Metal,78.964,18.44521059582095,0.0508752138225061,0.0,0.0,0.0,1,0.102368,1,-14.676202
material_0701320_position_7_sensor_2,Metal,64.9404,21.23450965311436,0.0748785934946913,0.0,0.0,0.0625,1,0.091915,-1,-54.545596
material_0701320_position_7_sensor_3,Metal,77.6221,17.551229361215828,0.107949142156858,0.0,0.0,0.0,1,0.079065,-1,-41.325026
material_0701330_position_1_sensor_1,Metal,78.9664,19.898616965612906,0.0952564545675024,0.0,0.0,0.0,1,0.100314,1,-24.62397
material_0701330_position_1_sensor_2,Metal,51.6905,19.572763030668703,0.228538057215076,0.0,0.125,0.0625,1,0.098383,1,-11.380033
material_0701330_position_1_sensor_3,Metal,74.5541,16.733211574831316,0.2760118495966071,0.0,0.0,0.0,1,0.098314,1,-19.601044
material_0701330_position_2_sensor_1,Metal,51.2849,17.71124627851213,0.1970246917126195,0.0,0.125,0.0625,1,0.111418,1,-10.05163
material_0701330_position_2_sensor_2,Metal,61.9515,20.129783992516955,0.2291752387152753,0.0,0.0,0.0625,1,0.118748,1,-9.611436
material_0701330_position_2_sensor_3,Metal,64.8013,17.156135873388617,0.2734069648692784,0.0,0.125,0.0,1,0.10995,1,-20.873993
material_0701330_position_3_sensor_1,Metal,56.1789,17.538534377760012,0.1984103573069861,0.0,0.0625,0.0625,1,0.045661,1,-30.39301
material_0701330_position_3_sensor_2,Metal,66.3723,19.215601804441,0.2376233293121924,0.0,0.125,0.0,1,0.097766,1,-17.333844
material_0701330_position_3_sensor_3,Metal,74.4621,16.841097509340727,0.285104377297792,0.0,0.0,0.0,1,0.104986,1,-26.333138
material_0701330_position_4_sensor_1,Metal,50.8193,17.35234249107697,0.2153379528569216,0.0,0.125,0.0625,1,0.087958,1,-16.685549
material_0701330_position_4_sensor_2,Metal,76.1328,19.11567048075761,0.2496364203559007,0.0,0.0,0.0,1,0.080289,1,-23.343496
material_0701330_position_4_sensor_3,Metal,54.1054,16.435189674968715,0.2951240154590483,0.0,0.0625,0.0625,1,0.099296,1,-25.310196
material_0701340_position_1_sensor_1,Metal,55.0899,9.364595326639014,0.0905522471575413,0.0,0.0588235294117647,0.0588235294117647,1,0.034422,-1,-46.316133
material_0701340_position_1_sensor_2,Metal,59.6424,20.848871303023103,0.0818203970715883,0.0,0.0625,0.0625,1,0.110449,1,-11.507031
material_0701340_position_1_sensor_3,Metal,76.1746,17.679683415525275,0.2030043243208733,0.0,0.0,0.0,1,0.111926,1,-18.827455
material_0701340_position_2_sensor_1,Metal,76.4799,16.42899460402586,0.1454598237081295,0.0,0.0,0.0,-1,-0.046822,-1,-116.822369
material_0701340_position_2_sensor_2,Metal,59.5033,20.851643943491617,0.0906592770246097,0.0,0.0625,0.0625,1,0.111802,1,-11.656382
material_0701340_position_2_sensor_3,Metal,56.1064,17.807371376067668,0.2112105752782901,0.0,0.0625,0.0625,1,0.100922,1,-18.853431
material_0701340_position_3_sensor_1,Metal,60.7756,12.329969780601807,0.0641931343826577,0.0,0.0,0.0625,-1,-0.023688,-1,-71.186005
material_0701340_position_3_sensor_2,Metal,72.9872,18.077097884900304,0.4158215746910718,0.0,0.0,0.0,1,0.118812,1,-13.772985
material_0701340_position_3_sensor_3,Metal,72.8792,16.648862117966782,0.0641134615630066,0.0,0.0625,0.0,1,0.099316,1,-21.291791
material_0701340_position_4_sensor_1,Metal,56.9777,17.947212910093477,0.1606448073044316,0.0,0.0625,0.0625,1,0.125572,1,-10.08225
material_0701340_position_4_sensor_2,Metal,58.1446,20.286521378897024,0.1588760531556349,0.0,0.0625,0.0625,1,0.120791,1,-11.06718
material_0701340_position_4_sensor_3,Metal,57.9641,12.537106536478609,0.2475240518407863,0.0,0.0,0.0625,1,0.074499,1,-30.359861
material_0701340_position_5_sensor_1,Metal,77.1075,18.282371174873337,0.1627474947661322,0.0,0.0,0.0,1,0.110667,1,-12.858995
material_0701340_position_5_sensor_2,Metal,64.023,21.161404028073814,0.130386816087112,0.0,0.0,0.0625,1,0.109783,1,-12.408819
material_0701340_position_5_sensor_3,Metal,57.6092,16.129571553128844,0.0651963433159718,0.0,0.0625,0.0625,1,0.089225,1,-21.598711
material_0701350_position_1_sensor_1,Metal,52.6646,17.39711411603674,0.1931248297930279,0.0,0.1176470588235294,0.0588235294117647,1,0.104088,1,-6.127634
material_0701350_position_1_sensor_2,Metal,73.1384,20.05888643838327,0.1522894119561879,0.0,0.0625,0.0,1,0.135438,1,-10.164564
material_0701350_position_1_sensor_3,Metal,74.0522,16.517296664107086,0.3009902854370903,0.0,0.0,0.0,1,0.113757,1,-18.190579
material_0701350_position_2_sensor_1,Metal,65.2844,13.9474021214855,0.1446790109272871,0.0,0.125,0.0,1,0.114679,1,-15.716218
material_0701350_position_2_sensor_2,Metal,79.6114,20.827155802601105,0.0831053027982005,0.0,0.0,0.0,1,0.117379,1,-19.001733
material_0701350_position_2_sensor_3,Metal,56.8922,18.044258183569426,0.1690035184972417,0.0,0.0625,0.0625,1,0.109918,1,-11.479105
material_0701350_position_3_sensor_1,Metal,65.2469,21.855213686323467,0.0746071362464216,0.0,0.0,0.0625,1,0.079524,1,-21.990619
material_0701350_position_3_sensor_2,Metal,66.0825,21.821786195269773,0.0209825750612705,0.0,0.0,0.0625,1,0.109433,1,-13.641855
material_0701350_position_3_sensor_3,Metal,63.302,19.85489012477085,0.1357400572533687,0.0,0.0,0.0625,1,0.098153,1,-18.913974
material_0701350_position_4_sensor_1,Metal,56.5726,18.40809984987256,0.2002703897314074,0.0,0.0625,0.0625,1,0.112307,1,-14.054847
material_0701350_position_4_sensor_2,Metal,76.6718,12.509981657564031,0.0132975691253062,0.0,0.0,0.0,1,0.069399,1,-31.995296
material_0701350_position_4_sensor_3,Metal,50.0676,13.164338285743774,0.1343293616600274,0.0,0.125,0.0625,1,0.090306,1,-16.615658
material_0701360_position_1_sensor_1,Metal,58.2938,15.129474266621305,0.0655154106455939,0.0,0.0588235294117647,0.0588235294117647,1,0.058306,1,-16.621763
material_0701360_position_1_sensor_2,Metal,56.8947,19.897526862708176,0.2256304269429106,0.0,0.0625,0.0625,1,0.126746,1,-9.507267
material_0701360_position_1_sensor_3,Metal,60.2351,16.917624555480973,0.2387904826644197,0.0,0.0,0.0625,1,0.132494,1,-9.30491
material_0701360_position_2_sensor_1,Metal,50.8746,17.348323879872837,0.2117318155126616,0.0,0.125,0.0625,1,0.110083,1,-13.040415
material_0701360_position_2_sensor_2,Metal,57.1657,19.996627898215717,0.2116118435329839,0.0,0.0625,0.0625,1,0.117814,1,-14.301546
material_0701360_position_2_sensor_3,Metal,54.1368,12.917175971687447,0.1853507710375802,0.0,0.0625,0.0625,1,0.107457,1,-15.045938
material_0701360_position_3_sensor_1,Metal,77.1921,14.921334796141272,-0.0544307550168506,0.0,0.0,0.0,1,0.113822,1,-11.608852
material_0701360_position_3_sensor_2,Metal,75.0906,9.789117893867424,-0.0294600917841068,0.0,0.0,0.0,1,0.051205,-1,-91.528433
material_0701360_position_3_sensor_3,Metal,79.309,20.445916178032277,-0.0904627214818233,0.0,0.0,0.0,1,0.107594,1,-21.34575
material_0701360_position_4_sensor_1,Metal,44.8768,5.195235224505545,0.2168922446257153,0.0,0.125,0.0625,1,0.033917,-1,-167.501434
material_0701360_position_4_sensor_2,Metal,56.391,19.34057322180611,0.2402770357817596,0.0,0.0625,0.0625,1,0.122796,1,-10.989286
material_0701360_position_4_sensor_3,Metal,58.1796,15.6717096809676,0.330005184397979,0.0,0.0,0.0625,1,0.119099,1,-10.85709
material_0701370_position_1_sensor_1,Metal,74.9681,13.700688303561982,0.1570265932436315,0.0,0.0,0.0,1,0.061687,1,-21.89908
material_0701370_position_1_sensor_2,Metal,58.8819,20.416308526871028,0.1164377776501204,0.0,0.0625,0.0625,1,0.11656,1,-8.626245
material_0701370_position_1_sensor_3,Metal,55.6786,15.852644644649576,0.1782430427900308,0.0,0.0625,0.0625,1,0.10304,1,-13.731662
material_0701370_position_2_sensor_1,Metal,77.4077,17.735041816291588,0.1270805584278003,0.0,0.0,0.0,1,0.135443,1,-9.611581
material_0701370_position_2_sensor_2,Metal,78.9598,20.48000751521797,0.1134869249131926,0.0,0.0,0.0,1,0.138141,1,-9.948866
material_0701370_position_2_sensor_3,Metal,59.9897,15.415336394918455,0.208205116421568,0.0,0.0,0.0625,1,0.115453,1,-12.917614
material_0701370_position_3_sensor_1,Metal,57.6563,17.850431862109893,0.1149652299070652,0.0,0.0625,0.0625,1,0.121842,1,-10.517382
material_0701370_position_3_sensor_2,Metal,63.658,20.394768004382875,0.1298721181832095,0.0,0.0,0.0625,1,0.122002,1,-9.685022
material_0701370_position_3_sensor_3,Metal,54.7087,15.257410467917303,0.2210548965354366,0.0,0.0625,0.0625,1,0.101114,1,-14.746872
material_0701370_position_4_sensor_1,Metal,61.779,17.61082912631549,0.1628466764961195,0.0,0.0,0.0625,1,0.112733,1,-9.824377
material_0701370_position_4_sensor_2,Metal,63.4165,20.272417065215414,0.1413284712648075,0.0,0.0,0.0625,1,0.134144,1,-7.616647
material_0701370_position_4_sensor_3,Metal,60.0167,15.374796674121807,0.2052677185457518,0.0,0.0,0.0625,1,0.104213,1,-19.426099
material_0701380_position_1_sensor_1,Metal,77.7081,17.645442025069464,0.1054249514910122,0.0,0.0,0.0,1,0.106942,1,-20.870716
material_0701380_position_1_sensor_2,Metal,72.1032,20.069891819996567,0.2177898523667264,0.0,0.0625,0.0,1,0.139314,1,-10.051623
material_0701380_position_1_sensor_3,Metal,60.7766,17.20713263912527,0.2135787792330463,0.0,0.0,0.0625,1,0.085073,1,-19.503153
material_0701380_position_2_sensor_1,Metal,57.1217,17.721673604530825,0.1446699027267124,0.0,0.0625,0.0625,1,0.112286,1,-11.797896
material_0701380_position_2_sensor_2,Metal,77.7024,20.44227120601441,0.1914834271599249,0.0,0.0,0.0,1,0.120945,1,-12.163734
material_0701380_position_2_sensor_3,Metal,70.6196,17.334787960013415,0.2273697789011414,0.0,0.0625,0.0,1,0.097437,1,-20.401842
material_0701380_position_3_sensor_1,Metal,55.4165,14.331710418140071,0.1481365065231815,0.0,0.0625,0.0625,1,0.007255,-1,-68.89023
material_0701380_position_3_sensor_2,Metal,57.2527,7.883314635667352,0.1497029941533871,0.0,0.0,0.0625,1,0.058163,1,-32.572587
material_0701380_position_3_sensor_3,Metal,59.5556,18.70396485824483,0.0215635308159728,0.0,0.0625,0.0625,1,0.074012,1,-18.593085
material_0701380_position_4_sensor_1,Metal,76.3792,17.390152159658278,0.1812535504110467,0.0,0.0,0.0,1,0.117449,1,-12.034411
material_0701380_position_4_sensor_2,Metal,56.9166,19.83007516116405,0.2221893015344153,0.0,0.0625,0.0625,1,0.110057,1,-12.426417
material_0701380_position_4_sensor_3,Metal,74.6691,16.830952882206297,0.271765438304225,0.0,0.0,0.0,1,0.082591,1,-28.464629
material_0701400_position_1_sensor_1,Metal,77.0447,17.177414799413718,0.1328406586158753,0.0,0.0,0.0,1,0.101214,1,-9.595261
material_0701400_position_1_sensor_2,Metal,74.4119,8.22908769192525,0.0243779600056159,0.0,0.0,0.0,-1,-0.03272,-1,-91.199504
material_0701400_position_1_sensor_3,Metal,76.9131,16.26695577240347,0.113230582044014,0.0,0.0,0.0,1,0.106767,1,-15.143428
material_0701400_position_2_sensor_1,Metal,75.221,12.33591533508096,0.099289469401043,0.0,0.0,0.0,1,0.077228,1,-23.744728
material_0701400_position_2_sensor_2,Metal,74.9829,21.10699855513914,0.0682938128702012,0.0,0.0625,0.0,1,0.122717,1,-9.121635
material_0701400_position_2_sensor_3,Metal,52.0543,16.660832016680107,0.1164059899024726,0.0,0.125,0.0625,1,0.12262,1,-12.430873
material_0701400_position_3_sensor_1,Metal,78.2245,18.71756965224265,0.1057705812142553,0.0,0.0,0.0,1,0.112615,1,-13.847999
material_0701400_position_3_sensor_2,Metal,80.0585,21.37426109993462,0.0717286289190165,0.0,0.0,0.0,1,0.127447,1,-8.920118
material_0701400_position_3_sensor_3,Metal,73.0164,16.875091045187606,0.0624122242647053,0.0,0.0625,0.0,1,0.124949,1,-11.486953
material_0701400_position_4_sensor_1,Metal,62.7052,18.0379553324995,0.1176306008731609,0.0,0.0,0.0625,1,0.137772,1,-6.626108
material_0701400_position_4_sensor_2,Metal,80.8192,20.65109970642568,0.0016813869102316,0.0,0.0,0.0,1,0.10214,1,-15.137456
material_0701400_position_4_sensor_3,Metal,61.402,16.525234849872263,0.1533138930376822,0.0,0.0,0.0625,1,0.052545,1,-20.06924
material_0701400_position_5_sensor_1,Metal,77.9153,18.120995971819543,0.1069534648820462,0.0,0.0,0.0,1,0.10926,1,-13.64521
material_0701400_position_5_sensor_2,Metal,80.4111,20.45511181553271,0.0213663018918484,0.0,0.0,0.0,1,0.103916,1,-12.435799
material_0701400_position_5_sensor_3,Metal,75.0871,13.84213236078697,0.1538714176751393,0.0,0.0,0.0,1,0.053996,-1,-42.573161
material_0701420_position_1_sensor_1,Metal,78.332,19.76929249543881,0.1312257981643145,0.0,0.0,0.0,1,0.127836,1,-12.639214
material_0701420_position_1_sensor_2,Metal,78.9297,20.31147813844246,0.1102193483838853,0.0,0.0,0.0,1,0.119719,1,-12.32717
material_0701420_position_1_sensor_3,Metal,77.1984,17.48218725985001,0.1325022227966683,0.0,0.0,0.0,1,0.109789,1,-16.931972
material_0701420_position_2_sensor_1,Metal,78.0434,18.545170915757065,0.1118868187465946,0.0,0.0,0.0,1,0.055617,1,-23.57061
material_0701420_position_2_sensor_2,Metal,64.2232,19.85591502259195,0.0777805734272872,0.0,0.0,0.0625,1,0.133479,1,-10.737412
material_0701420_position_2_sensor_3,Metal,76.0324,16.374971258712787,0.1719751391441975,0.0,0.0,0.0,1,0.118183,1,-12.714715
material_0701420_position_3_sensor_1,Metal,79.9862,21.110942140679605,0.0682117273667278,0.0,0.0,0.0,1,0.062214,1,-36.373669
material_0701420_position_3_sensor_2,Metal,80.6744,20.826784291988357,0.016178988587622,0.0,0.0,0.0,1,0.043497,-1,-43.243627
material_0701420_position_3_sensor_3,Metal,49.0261,19.379844573136463,0.0756038331673783,0.0,0.1875,0.0625,1,0.005636,-1,-39.144893
material_0701420_position_4_sensor_1,Metal,78.6687,20.535577611207856,0.1335144378063714,0.0,0.0,0.0,1,0.031272,-1,-50.58132
material_0701420_position_4_sensor_2,Metal,80.8896,21.351459567728085,0.0187102210350265,0.0,0.0,0.0,1,0.024703,-1,-49.564091
material_0701420_position_4_sensor_3,Metal,58.8847,19.06732187555404,0.0749240467345763,0.0,0.0625,0.0625,-1,-0.009525,-1,-89.904554
material_0701420_position_5_sensor_1,Metal,73.5286,18.35813519977321,0.0756142578125014,0.0,0.0625,0.0,1,0.098415,1,-21.151857
material_0701420_position_5_sensor_2,Metal,70.4507,16.480001817640904,0.5265536694495515,0.0,0.0,0.0,1,0.069515,-1,-43.715912
material_0701420_position_5_sensor_3,Metal,78.3632,18.63401449260613,0.0944773076873957,0.0,0.0,0.0,1,0.084022,1,-21.289141
material_0701420_position_6_sensor_1,Metal,78.2085,17.5454877892495,0.0708601712494866,0.0,0.0,0.0,-1,-0.014333,-1,-80.246682
material_0701420_position_6_sensor_2,Metal,73.7948,19.4766036240882,0.0931263260186868,0.0,0.0625,0.0,1,0.12068,1,-12.200679
material_0701420_position_6_sensor_3,Metal,72.2448,17.08211690276934,0.117327525020423,0.0,0.0625,0.0,1,0.102192,1,-23.68159
material_0701430_position_1_sensor_1,Metal,76.1362,12.514746595446546,-0.0471606333614182,0.0,0.0,0.0,1,0.00037,-1,-78.793622
material_0701430_position_1_sensor_2,Metal,79.0264,19.005950292533967,-0.0641239484400514,0.0,0.0,0.0,1,0.074985,1,-37.284343
material_0701430_position_1_sensor_3,Metal,69.2279,12.290779631717566,0.475165524152369,0.0,0.0,0.0,1,0.042724,-1,-45.956915
material_0701430_position_2_sensor_1,Metal,76.6042,12.806093274481968,-0.0266247047972837,0.0,0.0,0.0,-1,-0.020443,-1,-102.342705
material_0701430_position_2_sensor_2,Metal,74.3608,19.891607299477403,-0.0702151820363553,0.0,0.0625,0.0,1,0.088721,1,-30.699276
material_0701430_position_2_sensor_3,Metal,64.4272,11.55155978430872,0.7547072323069836,0.0,0.0,0.0,1,0.048736,-1,-64.913962
material_0701430_position_3_sensor_1,Metal,73.6734,16.753102869081925,0.0173177562040421,0.0,0.0625,0.0,1,0.064085,-1,-42.148791
material_0701430_position_3_sensor_2,Metal,79.0801,17.351091963090024,0.0100383635876218,0.0,0.0,0.0,1,0.050547,-1,-47.04169
material_0701430_position_3_sensor_3,Metal,60.2806,10.982875022089008,0.6835656945720984,0.0,0.0625,0.0,1,0.049944,-1,-52.460731
material_0701430_position_4_sensor_1,Metal,78.6115,17.408419214101034,0.0412907906326596,0.0,0.0,0.0,1,0.068889,1,-24.737884
material_0701430_position_4_sensor_2,Metal,79.1342,19.54634882231504,-0.0739014405892574,0.0,0.0,0.0,1,0.085778,1,-34.563298
material_0701430_position_4_sensor_3,Metal,43.1795,11.15647431769217,0.8211454711116192,0.0,0.0625,0.0625,1,0.038289,-1,-63.649485
material_0701430_position_5_sensor_1,Metal,80.6993,21.415811881768875,-0.0326635678359861,0.0,0.0,0.0,1,0.119281,1,-18.301037
material_0701430_position_5_sensor_2,Metal,75.346,17.34218092381129,0.2448185077742018,0.0,0.0,0.0,1,0.111359,1,-19.332152
material_0701430_position_5_sensor_3,Metal,77.9684,17.752470765738725,-0.0923172088822526,0.0,0.0,0.0,1,0.088083,1,-20.392038
material_0701430_position_6_sensor_1,Metal,64.5199,18.058987119400086,-0.0040443889144188,0.0,0.0,0.0625,1,0.078055,1,-24.494092
material_0701430_position_6_sensor_2,Metal,80.0116,20.29227699623929,-0.0415265937755336,0.0,0.0,0.0,1,0.112629,1,-28.098208
material_0701430_position_6_sensor_3,Metal,78.536,16.602492914159974,-0.0213470243566209,0.0,0.0,0.0,1,0.046596,-1,-61.649652
material_0701460_position_1_sensor_1,Metal,61.1967,13.431082122662197,0.7009148794934646,0.0,0.0625,0.0,1,0.113123,1,-15.135779
material_0701460_position_1_sensor_2,Metal,71.844,16.03862819263217,0.425322752310562,0.0,0.0,0.0,1,0.107772,1,-9.821772
material_0701460_position_1_sensor_3,Metal,76.6068,14.8257089583674,0.0883471791385816,0.0,0.0,0.0,1,0.117401,1,-12.421481
material_0701460_position_2_sensor_1,Metal,61.2329,11.52380720305336,0.954937048419628,0.0,0.0,0.0,1,0.102161,1,-15.572602
material_0701460_position_2_sensor_2,Metal,71.1038,15.454254760531434,0.4540140085656651,0.0,0.0,0.0,1,0.122713,1,-8.708458
material_0701460_position_2_sensor_3,Metal,76.9735,13.831031214083612,0.0347850924223846,0.0,0.0,0.0,1,0.118029,1,-13.388573
material_0701460_position_3_sensor_1,Metal,77.9525,17.233236207106923,0.0774092546849442,0.0,0.0,0.0,1,0.061366,1,-30.346078
material_0701460_position_3_sensor_2,Metal,76.0887,11.26218571542313,-0.0117667036866827,0.0,0.0,0.0,1,0.070874,1,-27.718976
material_0701460_position_3_sensor_3,Metal,51.939,14.328686288318016,0.0522066897722639,0.0,0.125,0.0625,1,0.091481,1,-21.541874
material_0701460_position_4_sensor_1,Metal,51.0004,13.436539820296012,0.7134402812882943,0.0,0.0,0.0625,1,0.115253,1,-13.011793
material_0701460_position_4_sensor_2,Metal,46.5323,15.715022243437875,0.4350282532935014,0.0,0.125,0.0625,1,0.13131,1,-8.139765
material_0701460_position_4_sensor_3,Metal,62.0742,14.260335689984307,0.0416012226179523,0.0,0.0,0.0625,1,0.119125,1,-13.21034
material_0701460_position_5_sensor_1,Metal,77.085,15.43626557746515,0.0769557195925231,0.0,0.0,0.0,1,0.111616,1,-12.605551
material_0701460_position_5_sensor_2,Metal,53.8115,15.56203338308944,0.2868671045240999,0.0,0.0625,0.0625,1,0.118385,1,-12.898728
material_0701460_position_5_sensor_3,Metal,61.6788,12.665336845020985,0.0176134791156042,0.0,0.0,0.0625,1,0.121934,1,-16.021205
material_0701490_position_1_sensor_1,Metal,78.1945,17.110124265378033,0.0584045064423315,0.0,0.0,0.0,1,0.104657,1,-7.827528
material_0701490_position_1_sensor_2,Metal,73.1751,19.7319551587822,0.1399618342779781,0.0,0.0625,0.0,1,0.128634,1,-8.567354
material_0701490_position_1_sensor_3,Metal,75.8519,16.048489904040547,0.173331721686069,0.0,0.0,0.0,1,0.135055,1,-7.250173
material_0701490_position_10_sensor_1,Metal,77.8075,17.64174285298227,0.0990503392437698,0.0,0.0,0.0,1,0.12827,1,-6.944979
material_0701490_position_10_sensor_2,Metal,73.2971,20.14868437835052,0.1450514386744253,0.0,0.0625,0.0,1,0.133097,1,-8.062731
material_0701490_position_10_sensor_3,Metal,75.1209,15.612531367158464,0.2059912971047814,0.0,0.0,0.0,1,0.131145,1,-8.206167
material_0701490_position_11_sensor_1,Metal,78.5838,17.93621348271048,0.0592106247446892,0.0,0.0,0.0,1,0.129317,1,-8.942331
material_0701490_position_11_sensor_2,Metal,79.6661,20.54821864502017,0.071113045087827,0.0,0.0,0.0,1,0.116186,1,-14.077545
material_0701490_position_11_sensor_3,Metal,77.6502,16.470973311905574,0.0730805360881333,0.0,0.0,0.0,1,0.126373,1,-10.138804
material_0701490_position_12_sensor_1,Metal,77.6502,17.745305495312515,0.1121262270858864,0.0,0.0,0.0,1,0.115158,1,-9.253638
material_0701490_position_12_sensor_2,Metal,78.9222,20.19729680215262,0.1071924306832074,0.0,0.0,0.0,1,0.108549,1,-13.481377
material_0701490_position_12_sensor_3,Metal,77.1107,16.425212973203315,0.1056408835018372,0.0,0.0,0.0,1,0.134642,1,-9.044798
material_0701490_position_13_sensor_1,Metal,78.034,17.902318982024795,0.092781403186275,0.0,0.0,0.0,1,0.132083,1,-9.789216
material_0701490_position_13_sensor_2,Metal,78.3613,20.30012531050549,0.1456500252119079,0.0,0.0,0.0,1,0.132372,1,-7.942988
material_0701490_position_13_sensor_3,Metal,61.3737,16.25821418394476,0.1469128928589643,0.0,0.0,0.0625,1,0.149767,1,-7.389643
material_0701490_position_14_sensor_1,Metal,76.0443,17.280856367137186,0.198984780305352,0.0,0.0,0.0,1,0.123236,1,-9.462481
material_0701490_position_14_sensor_2,Metal,79.0184,20.376294592194974,0.1066195874182995,0.0,0.0,0.0,1,0.120746,1,-13.494861
material_0701490_position_14_sensor_3,Metal,54.9715,15.643195892762956,0.2163350151909703,0.0,0.0625,0.0625,1,0.134083,1,-7.919213
material_0701490_position_2_sensor_1,Metal,61.6284,17.581799351564783,0.1714386169832508,0.0,0.0,0.0625,1,0.138476,1,-7.071477
material_0701490_position_2_sensor_2,Metal,78.4429,20.121747405354338,0.1350459750306367,0.0,0.0,0.0,1,0.129668,1,-8.270353
material_0701490_position_2_sensor_3,Metal,61.4994,16.62586305918486,0.1502646994995887,0.0,0.0,0.0625,1,0.141267,1,-6.72659
material_0701490_position_3_sensor_1,Metal,64.2756,18.600739988596025,0.0360246805427902,0.0,0.0,0.0625,1,0.12709,1,-9.533903
material_0701490_position_3_sensor_2,Metal,79.4584,21.053834905063333,0.099681879978552,0.0,0.0,0.0,1,0.127297,1,-10.757383
material_0701490_position_3_sensor_3,Metal,79.0192,17.511881961143985,0.0187976872063923,0.0,0.0,0.0,1,0.140822,1,-9.330156
material_0701490_position_4_sensor_1,Metal,74.2373,18.26328797893284,0.0280954908981814,0.0,0.0625,0.0,1,0.128035,1,-10.690028
material_0701490_position_4_sensor_2,Metal,79.7331,21.161769468557363,0.0856991334945445,0.0,0.0,0.0,1,0.131729,1,-10.243344
material_0701490_position_4_sensor_3,Metal,100.0,60.0,0.0,0.0,,,1,0.054551,-1,-244.347335
material_0701490_position_5_sensor_1,Metal,65.799,18.805555829585423,-0.0019472315836074,0.0,0.0,0.0588235294117647,1,0.089635,1,-13.06295
material_0701490_position_5_sensor_2,Metal,81.1825,23.141394000758822,-0.0551212357664446,0.0,0.0,0.0,1,0.11749,1,-17.083685
material_0701490_position_5_sensor_3,Metal,78.0428,17.747665417787903,-0.0874881232766548,0.0,0.0,0.0,1,0.117621,1,-12.117092
material_0701490_position_6_sensor_1,Metal,78.9267,18.86993605481352,-0.0662333154616031,0.0,0.0,0.0,1,0.118147,1,-11.44806
material_0701490_position_6_sensor_2,Metal,65.384,22.935885737183614,-0.0990863699320895,0.0,0.0,0.0625,1,0.120934,1,-15.026342
material_0701490_position_6_sensor_3,Metal,78.1133,17.892884067333796,-0.0874976543351729,0.0,0.0,0.0,1,0.115142,1,-12.509176
material_0701490_position_7_sensor_1,Metal,78.7187,18.62180477217505,-0.0717235067529647,0.0,0.0,0.0,1,0.112555,1,-13.449066
material_0701490_position_7_sensor_2,Metal,80.9525,23.026225462756923,-0.0660668322993264,0.0,0.0,0.0,1,0.121159,1,-12.912822
material_0701490_position_7_sensor_3,Metal,79.1366,17.84209908565495,-0.0215292458129074,0.0,0.0,0.0,1,0.122054,1,-11.371105
material_0701490_position_8_sensor_1,Metal,76.3399,13.140583919093562,-0.0535098501965901,0.0,0.0,0.0,-1,-0.008265,-1,-94.043453
material_0701490_position_8_sensor_2,Metal,81.0302,23.6980761758271,-0.0817647569444511,0.0,0.0,0.0,1,0.100725,-1,-142.696127
material_0701490_position_8_sensor_3,Metal,100.0,60.0,0.0,0.0,,,-1,-0.08261,-1,-329.337319
material_0701490_position_9_sensor_1,Metal,63.1483,17.573548035295126,0.0755101102941167,0.0,0.0,0.0625,1,0.13075,1,-7.901988
material_0701490_position_9_sensor_2,Metal,78.6568,20.021820244832742,0.1185180967243654,0.0,0.0,0.0,1,0.12024,1,-9.048315
material_0701490_position_9_sensor_3,Metal,77.1017,16.34804791627693,0.1038410070082692,0.0,0.0,0.0,1,0.127931,1,-8.568584
material_0701500_position_1_sensor_1,Metal,80.9364,23.5851974705373,-0.0842084312023449,0.0,0.0,0.0,-1,-0.170092,-1,-1465.885175
material_0701500_position_1_sensor_2,Metal,74.3905,13.443464968561372,0.1855036668964431,0.0,0.0,0.0,1,0.105358,1,-21.787492
material_0701500_position_1_sensor_3,Metal,59.9986,13.266724467333058,0.1418087581061058,0.0,0.0,0.0625,1,0.11033,1,-15.615198
material_0701500_position_2_sensor_1,Metal,81.5468,24.157421571058684,0.0633179046032462,0.0,0.0,0.0,-1,-0.144398,-1,-811.962808
material_0701500_position_2_sensor_2,Metal,74.1686,20.58568626937953,0.1035788143382361,0.0,0.0625,0.0,1,0.139468,1,-6.998681
material_0701500_position_2_sensor_3,Metal,77.4118,17.399160430141638,0.1165263448478339,0.0,0.0,0.0,1,0.140781,1,-8.653094
material_0701500_position_3_sensor_1,Metal,78.2003,17.70445806583214,0.0762494122540492,0.0,0.0,0.0,1,0.097183,1,-8.851183
material_0701500_position_3_sensor_2,Metal,78.6131,20.48871449979827,0.1355745155484073,0.0,0.0,0.0,1,0.133912,1,-7.461717
material_0701500_position_3_sensor_3,Metal,78.2519,18.01323037578324,0.0824610635595384,0.0,0.0,0.0,1,0.129961,1,-7.865377
material_0701500_position_4_sensor_1,Metal,63.2741,18.02664250132264,0.0814769917407043,0.0,0.0,0.0625,1,0.138942,1,-6.836
material_0701500_position_4_sensor_2,Metal,79.4802,20.960936083695607,0.0954642581316336,0.0,0.0,0.0,1,0.129634,1,-8.175511
material_0701500_position_4_sensor_3,Metal,78.369,18.610972738922293,0.0934077116523672,0.0,0.0,0.0,1,0.140212,1,-9.622956
material_0701500_position_5_sensor_1,Metal,63.2323,17.977250247803134,0.0825937132991206,0.0,0.0,0.0625,1,0.138544,1,-7.151774
material_0701500_position_5_sensor_2,Metal,79.2698,20.73329717931635,0.1017343542560236,0.0,0.0,0.0,1,0.130244,1,-7.763503
material_0701500_position_5_sensor_3,Metal,63.6486,18.612051034884274,0.0758410548789805,0.0,0.0,0.0625,1,0.146077,1,-8.01808
material_0701500_position_6_sensor_1,Metal,71.104,12.550215640705712,-0.0502722806244903,0.0,0.0625,0.0,1,0.051794,1,-25.636002
material_0701500_position_6_sensor_2,Metal,65.8843,23.452301324634384,-0.0834189644607863,0.0,0.0,0.0625,1,0.110786,1,-14.250063
material_0701500_position_6_sensor_3,Metal,72.3808,16.08685586125886,-0.078265481387868,0.0,0.0625,0.0,-1,-0.00044,-1,-91.208557
material_0701500_position_7_sensor_1,Metal,78.0317,17.89069904518098,0.0925670158037163,0.0,0.0,0.0,1,0.122183,1,-9.265579
material_0701500_position_7_sensor_2,Metal,79.3413,20.66500346421517,0.0951407478681577,0.0,0.0,0.0,1,0.133458,1,-7.926327
material_0701500_position_7_sensor_3,Metal,63.8552,18.53541366759997,0.0604866807725684,0.0,0.0,0.0625,1,0.138371,1,-9.187068
material_0701610_position_1_sensor_1,Textiles_Leather,53.0477,19.64073558759504,0.1451874952129299,0.0,0.125,0.0625,1,0.100994,1,-15.158485
material_0701610_position_1_sensor_2,Textiles_Leather,76.7374,19.713889902556183,0.2299105073018782,0.0,0.0,0.0,1,0.133446,1,-9.471591
material_0701610_position_1_sensor_3,Textiles_Leather,58.9339,16.37229429424092,0.3039914869919322,0.0,0.0,0.0625,1,0.013474,-1,-87.676861
material_0701610_position_2_sensor_1,Textiles_Leather,79.8361,18.984709235290296,0.0125038535922165,0.0,0.0,0.0,-1,-0.052655,-1,-91.511001
material_0701610_position_2_sensor_2,Textiles_Leather,57.0123,23.164837170542697,-0.0036069463592772,0.0,0.125,0.0625,1,0.108771,1,-15.897577
material_0701610_position_2_sensor_3,Textiles_Leather,80.8753,20.80262253393661,-0.0027951787811491,0.0,0.0,0.0,1,0.111032,1,-16.811829
material_0701610_position_3_sensor_1,Textiles_Leather,51.5026,17.611774426893753,0.1802766336677881,0.0,0.125,0.0625,1,0.112511,1,-12.548642
material_0701610_position_3_sensor_2,Textiles_Leather,78.5697,20.7567618515468,0.1465245002297781,0.0,0.0,0.0,1,0.124003,1,-11.358238
material_0701610_position_3_sensor_3,Textiles_Leather,58.0072,18.604633834476346,0.1159877036100904,0.0,0.0625,0.0625,1,0.102601,1,-15.183967
material_0701610_position_4_sensor_1,Textiles_Leather,55.5083,17.024736530675618,0.2248789525250193,0.0,0.0625,0.0625,1,0.09475,1,-13.523239
material_0701610_position_4_sensor_2,Textiles_Leather,56.5625,19.70666312345467,0.2406936833001413,0.0,0.0625,0.0625,1,0.118929,1,-9.363473
material_0701610_position_4_sensor_3,Textiles_Leather,74.7104,16.642973761204274,0.2634055574703839,0.0,0.0,0.0,1,0.116549,1,-14.535796
material_0701650_position_1_sensor_1,Textiles_Leather,58.1826,18.11624694966059,-0.1640354929406652,0.0,0.0588235294117647,0.0588235294117647,1,0.066234,1,-16.241151
material_0701650_position_1_sensor_2,Textiles_Leather,59.9746,21.87379142661652,-0.0923132404003285,0.0,0.0625,0.0625,1,0.110186,1,-11.068516
material_0701650_position_1_sensor_3,Textiles_Leather,79.1,17.140465238402637,-0.0023328067555172,0.0,0.0,0.0,1,0.081979,1,-21.162678
material_0701650_position_2_sensor_1,Textiles_Leather,54.1074,18.77540362832868,-0.0519612119587425,0.0,0.125,0.0625,1,0.125465,1,-8.407531
material_0701650_position_2_sensor_2,Textiles_Leather,57.8229,18.077964596531142,-0.1114480187908501,0.0,0.0625,0.0625,1,0.128413,1,-8.672765
material_0701650_position_2_sensor_3,Textiles_Leather,58.8201,17.07599396086161,-0.0179775869332109,0.0,0.0625,0.0625,1,0.126466,1,-9.093066
material_0701650_position_3_sensor_1,Textiles_Leather,73.5961,18.588254789176748,-0.0784120088465093,0.0,0.0625,0.0,1,0.125204,1,-9.288419
material_0701650_position_3_sensor_2,Textiles_Leather,63.9115,20.94536669356836,-0.1307857658037198,0.0,0.0,0.0625,1,0.133263,1,-6.330672
material_0701650_position_3_sensor_3,Textiles_Leather,78.0423,17.32041354353545,-0.0744248541539002,0.0,0.0,0.0,1,0.130093,1,-7.750138
material_0701650_position_4_sensor_1,Textiles_Leather,54.6883,18.61846617366853,-0.0105888624004274,0.0,0.125,0.0625,1,0.112949,1,-9.229802
material_0701650_position_4_sensor_2,Textiles_Leather,54.0061,20.93851526244439,-0.1246227053972632,0.0,0.125,0.0625,1,0.132161,1,-6.13221
material_0701650_position_4_sensor_3,Textiles_Leather,58.201,16.98311849541942,-0.0541031661688131,0.0,0.0625,0.0625,1,0.123649,1,-7.845673
material_0701710_position_1_sensor_1,Crafts,73.8715,18.643833328188418,-0.0627807425704668,0.0,0.0625,0.0,1,0.125785,1,-6.490352
material_0701710_position_1_sensor_2,Crafts,76.1606,18.610160286742303,0.2323963902292674,0.0,0.0,0.0,1,0.128829,1,-8.192106
material_0701710_position_1_sensor_3,Crafts,77.7043,16.917153015116956,-0.083345452601614,0.0,0.0,0.0,1,0.105087,1,-12.256877
material_0701710_position_2_sensor_1,Crafts,62.9846,17.556809190975414,-0.0853027726715685,0.0,0.0,0.0625,1,0.127024,1,-8.002203
material_0701710_position_2_sensor_2,Crafts,78.8137,20.64636483846355,-0.1277811239404635,0.0,0.0,0.0,1,0.139015,1,-7.823935
material_0701710_position_2_sensor_3,Crafts,76.1102,15.9649695053863,-0.1545132155075591,0.0,0.0,0.0,1,0.124007,1,-10.553179
material_0701710_position_3_sensor_1,Crafts,79.317,17.778815640626476,0.0082308836294932,0.0,0.0,0.0,1,0.144652,1,-6.664358
material_0701710_position_3_sensor_2,Crafts,79.6049,20.738649252796534,-0.0808060151143808,0.0,0.0,0.0,1,0.116573,1,-9.258875
material_0701710_position_3_sensor_3,Crafts,78.2321,16.372727912543834,-0.033440895629087,0.0,0.0,0.0,1,0.116403,1,-12.195368
material_0701710_position_4_sensor_1,Crafts,79.5599,18.70810604016693,-0.0214195819929548,0.0,0.0,0.0,1,0.135538,1,-7.349696
material_0701710_position_4_sensor_2,Crafts,79.9355,20.794799042110444,-0.0617114576950584,0.0,0.0,0.0,1,0.116546,1,-9.281354
material_0701710_position_4_sensor_3,Crafts,78.9425,17.13473716822766,-0.0120681726792282,0.0,0.0,0.0,1,0.129495,1,-8.48161
material_0701710_position_5_sensor_1,Crafts,74.4297,18.61665607665756,-0.0268102309283098,0.0,0.0625,0.0,1,0.130122,1,-8.100434
material_0701710_position_5_sensor_2,Crafts,59.03,17.890137179674422,0.3444534888173989,0.0,0.0,0.0625,1,0.137316,1,-7.380862
material_0701710_position_5_sensor_3,Crafts,63.4281,17.167998427732105,-0.0454683191636048,0.0,0.0,0.0625,1,0.132108,1,-8.231083
material_0701720_position_1_sensor_1,Crafts,78.4844,18.004733659117022,0.0675631446589032,0.0,0.0,0.0,1,0.095569,1,-24.114823
material_0701720_position_1_sensor_2,Crafts,78.032,19.96491690380358,0.1561077840967099,0.0,0.0,0.0,1,0.110008,1,-16.058528
material_0701720_position_1_sensor_3,Crafts,75.6884,15.039464913847116,0.1527054211984245,0.0,0.0,0.0,1,0.127427,1,-14.338795
material_0701720_position_2_sensor_1,Crafts,77.8918,18.051834704945428,0.1063127531828675,0.0,0.0,0.0,1,0.087919,1,-9.769733
material_0701720_position_2_sensor_2,Crafts,79.2348,21.06847556541889,0.1142095620149102,0.0,0.0,0.0,-1,-0.038935,-1,-130.81859
material_0701720_position_2_sensor_3,Crafts,71.1457,16.150600715034603,0.1579699467677713,0.0,0.0625,0.0,1,0.126114,1,-10.49064
material_0701720_position_3_sensor_1,Crafts,61.8531,17.59328417798584,0.1576433392692999,0.0,0.0,0.0625,1,0.134172,1,-9.584865
material_0701720_position_3_sensor_2,Crafts,80.3552,21.204024100986537,0.0478342173457906,0.0,0.0,0.0,1,0.120764,1,-13.062886
material_0701720_position_3_sensor_3,Crafts,59.8289,15.389751121194884,0.2175428075852754,0.0,0.0,0.0625,1,0.122689,1,-11.769529
material_0701720_position_4_sensor_1,Crafts,79.2108,18.21112584349607,0.0281641406888255,0.0,0.0,0.0,1,0.119508,1,-12.763641
material_0701720_position_4_sensor_2,Crafts,81.1602,21.84416055371013,0.0167767868540662,0.0,0.0,0.0,1,0.097711,1,-14.13627
material_0701720_position_4_sensor_3,Crafts,78.2934,16.39897803562783,-0.0303834204580305,0.0,0.0,0.0,1,0.098126,1,-15.523499
material_0701720_position_5_sensor_1,Crafts,63.7705,18.199162903705837,0.0555147393918484,0.0,0.0,0.0625,1,0.141977,1,-8.643549
material_0701720_position_5_sensor_2,Crafts,68.0889,17.24764971278872,-0.0692637053844964,0.0,0.125,0.0,1,0.136781,1,-12.922512
material_0701720_position_5_sensor_3,Crafts,77.5245,16.2346248632363,0.0737491447099651,0.0,0.0,0.0,1,0.128692,1,-10.742413
material_0701720_position_6_sensor_1,Crafts,77.7404,18.108610535651376,0.1175829216452171,0.0,0.0,0.0,1,0.126979,1,-9.666334
material_0701720_position_6_sensor_2,Crafts,65.417,20.96842368211341,0.0367242790670927,0.0,0.0,0.0625,1,0.135582,1,-6.217339
material_0701720_position_6_sensor_3,Crafts,75.6828,16.389127118635574,0.1944164735881312,0.0,0.0,0.0,1,0.106171,1,-15.467322
material_0701720_position_7_sensor_1,Crafts,79.5091,18.077200022224392,-0.0052821632667845,0.0,0.0,0.0,1,0.096558,1,-9.078632
material_0701720_position_7_sensor_2,Crafts,80.1221,20.944911429045337,0.0545667955984458,0.0,0.0,0.0,1,0.120773,1,-11.312639
material_0701720_position_7_sensor_3,Crafts,76.2348,15.95718622378158,0.1464362378089271,0.0,0.0,0.0,1,0.123179,1,-11.594778
material_0701840_position_1_sensor_1,Plastic_Rubber,58.3869,17.705667301478172,0.1385943005131739,0.0,0.0588235294117647,0.0588235294117647,1,0.090846,1,-11.12182
material_0701840_position_1_sensor_2,Plastic_Rubber,55.4009,21.06349954502561,0.0406495225694445,0.0,0.125,0.0625,1,0.141139,1,-6.291852
material_0701840_position_1_sensor_3,Plastic_Rubber,61.3826,16.50009602545434,0.1537633798636646,0.0,0.0,0.0625,1,0.127207,1,-8.358645
material_0701840_position_2_sensor_1,Plastic_Rubber,77.157,18.20662420644316,0.1573069565716884,0.0,0.0,0.0,1,0.132594,1,-9.559264
material_0701840_position_2_sensor_2,Plastic_Rubber,64.3248,20.87255411988314,0.1025386795343123,0.0,0.0,0.0625,1,0.125089,1,-7.895151
material_0701840_position_2_sensor_3,Plastic_Rubber,56.7502,18.027430050924757,0.1774233031428715,0.0,0.0625,0.0625,1,0.127879,1,-9.784904
material_0701840_position_3_sensor_1,Plastic_Rubber,59.0272,19.49964150651982,0.0792053940716894,0.0,0.0625,0.0625,1,0.087883,1,-19.179098
material_0701840_position_3_sensor_2,Plastic_Rubber,56.3324,22.10833523118336,-0.0140292027292721,0.0,0.125,0.0625,1,0.123439,1,-9.955497
material_0701840_position_3_sensor_3,Plastic_Rubber,59.1646,20.1694592133238,0.0910773223677482,0.0,0.0625,0.0625,1,0.102402,1,-13.987948
material_0701840_position_4_sensor_1,Plastic_Rubber,58.4152,18.82959014466705,0.0971965842652144,0.0,0.0625,0.0625,1,0.121353,1,-10.103841
material_0701840_position_4_sensor_2,Plastic_Rubber,81.2343,22.01739236996433,0.0174181698069822,0.0,0.0,0.0,1,0.109516,1,-12.284213
material_0701840_position_4_sensor_3,Plastic_Rubber,52.9104,17.527292687889176,0.0890674466401114,0.0,0.125,0.0625,1,0.11282,1,-17.005164
material_0701850_position_1_sensor_1,Plastic_Rubber,58.6374,17.554204285559127,0.1181860803674748,0.0,0.0588235294117647,0.0588235294117647,1,0.086088,1,-11.518998
material_0701850_position_1_sensor_2,Plastic_Rubber,61.0177,21.103700026773986,-0.0030535146675875,0.0,0.0625,0.0625,1,0.111499,1,-13.008056
material_0701850_position_1_sensor_3,Plastic_Rubber,78.2783,16.87418985828099,0.0458947881561475,0.0,0.0,0.0,1,0.104021,1,-20.934696
material_0701850_position_2_sensor_1,Plastic_Rubber,55.0748,19.82886643316045,-0.0233462089588431,0.0,0.125,0.0625,1,0.086377,1,-20.411079
material_0701850_position_2_sensor_2,Plastic_Rubber,80.9745,22.58589364521721,-0.0511900642744084,0.0,0.0,0.0,1,0.080445,1,-24.08728
material_0701850_position_2_sensor_3,Plastic_Rubber,64.8435,18.652769283107716,0.0018717064950965,0.0,0.0,0.0625,1,0.096579,1,-16.451517
material_0701850_position_3_sensor_1,Plastic_Rubber,59.7191,19.406884786084508,-0.0328049348320065,0.0,0.0625,0.0625,1,0.096195,1,-19.963373
material_0701850_position_3_sensor_2,Plastic_Rubber,77.6048,17.268303020643575,-0.1003672146267335,0.0,0.0,0.0,1,0.004434,-1,-72.614362
material_0701850_position_3_sensor_3,Plastic_Rubber,59.2696,18.542693648622095,0.0346221867978971,0.0,0.0625,0.0625,1,0.091141,1,-17.945616
material_0701850_position_4_sensor_1,Plastic_Rubber,63.9891,18.696380730448823,0.0569903237336599,0.0,0.0,0.0625,1,0.103018,1,-9.999166
material_0701850_position_4_sensor_2,Plastic_Rubber,79.9864,20.917248265711716,-0.0622624384063538,0.0,0.0,0.0,1,0.091378,1,-21.387008
material_0701850_position_4_sensor_3,Plastic_Rubber,63.2771,16.857587725471205,0.0454658458435441,0.0,0.0,0.0625,1,0.127293,1,-9.826149
material_0701890_position_1_sensor_1,Paper_Cardboard,79.2069,17.71276869180323,-0.0131365336499188,0.0,0.0,0.0,1,0.1372,1,-8.013851
material_0701890_position_1_sensor_2,Paper_Cardboard,60.3296,20.12080475841431,0.0162520903543694,0.0,0.0625,0.0625,1,0.136934,1,-9.398132
material_0701890_position_1_sensor_3,Paper_Cardboard,72.8987,16.031235942806067,0.0439651277828821,0.0,0.0625,0.0,1,0.117237,1,-12.162507
material_0701890_position_2_sensor_1,Paper_Cardboard,78.6705,18.1382340484735,0.059940536598751,0.0,0.0,0.0,1,0.141863,1,-5.73605
material_0701890_position_2_sensor_2,Paper_Cardboard,80.6086,20.907361210235315,-0.0227889396318426,0.0,0.0,0.0,1,0.131225,1,-7.6034
material_0701890_position_2_sensor_3,Paper_Cardboard,77.71,17.020377485851494,0.0861521602456072,0.0,0.0,0.0,1,0.12994,1,-7.918638
material_0701890_position_3_sensor_1,Paper_Cardboard,77.7498,18.47770447358663,-0.128299032373369,0.0,0.0,0.0,1,0.102929,1,-14.522528
material_0701890_position_3_sensor_2,Paper_Cardboard,80.311,21.30038523130168,-0.0535682971430791,0.0,0.0,0.0,1,0.112657,1,-12.744969
material_0701890_position_3_sensor_3,Paper_Cardboard,61.7529,16.55654710373497,-0.1321874313853155,0.0,0.0,0.0625,1,0.130733,1,-10.400941
material_0701890_position_4_sensor_1,Paper_Cardboard,77.7842,17.65185883371137,0.1008279063904221,0.0,0.0,0.0,1,0.112036,1,-12.73705
material_0701890_position_4_sensor_2,Paper_Cardboard,65.0742,20.107502595597584,-0.0319249498953221,0.0,0.0,0.0625,1,0.14002,1,-8.892133
material_0701890_position_4_sensor_3,Paper_Cardboard,76.7519,15.871976744612574,0.1112734901577797,0.0,0.0,0.0,1,0.12736,1,-11.699191
material_0701890_position_5_sensor_1,Paper_Cardboard,76.8699,18.56563573978785,-0.1863838225719989,0.0,0.0,0.0,1,0.10454,1,-13.872613
material_0701890_position_5_sensor_2,Paper_Cardboard,78.4157,21.569789797327907,-0.1811277477788001,0.0,0.0,0.0,1,0.110769,1,-13.324262
material_0701890_position_5_sensor_3,Paper_Cardboard,69.9341,16.77199185589503,-0.2532758198657089,0.0,0.0625,0.0,1,0.113176,1,-15.581572
material_0701990_position_1_sensor_1,Textiles_Leather,55.9943,19.712970978580223,0.0544875573384727,0.0,0.1176470588235294,0.0588235294117647,1,0.113386,1,-8.531358
material_0701990_position_1_sensor_2,Textiles_Leather,78.3485,21.05579112415759,0.1696091675602526,0.0,0.0,0.0,1,0.12863,1,-15.07031
material_0701990_position_1_sensor_3,Textiles_Leather,71.0898,18.0525817134301,0.2197686073452804,0.0,0.0625,0.0,1,0.130494,1,-8.253554
material_0701990_position_2_sensor_1,Textiles_Leather,56.4912,17.687806446993136,0.1833245953329225,0.0,0.0625,0.0625,1,0.12685,1,-8.184524
material_0701990_position_2_sensor_2,Textiles_Leather,58.019,20.58622444915001,0.1759614592907436,0.0,0.0625,0.0625,1,0.136009,1,-5.688707
material_0701990_position_2_sensor_3,Textiles_Leather,60.9179,17.697377168370927,0.219702844158495,0.0,0.0,0.0625,1,0.116724,1,-9.21747
material_0701990_position_3_sensor_1,Textiles_Leather,51.4033,17.503612031382087,0.1832100933798003,0.0,0.125,0.0625,1,0.129882,1,-8.58522
material_0701990_position_3_sensor_2,Textiles_Leather,77.8783,20.3674939464694,0.1781191230724038,0.0,0.0,0.0,1,0.145772,1,-5.876059
material_0701990_position_3_sensor_3,Textiles_Leather,75.9905,17.70600180135214,0.2153967380897659,0.0,0.0,0.0,1,0.096783,1,-20.649282
material_0701990_position_4_sensor_1,Textiles_Leather,50.9402,17.441690681046186,0.2104672755821055,0.0,0.125,0.0625,1,0.129043,1,-8.780545
material_0701990_position_4_sensor_2,Textiles_Leather,57.3274,9.320141196542409,0.1890307361877043,0.0,0.0,0.0625,-1,-0.065126,-1,-154.208652
material_0701990_position_4_sensor_3,Textiles_Leather,58.7084,13.5312811642354,0.2311320417815544,0.0,0.0,0.0625,1,0.096825,1,-25.94046
material_0701990_position_5_sensor_1,Textiles_Leather,55.8948,17.542423258120152,0.2164116928998155,0.0,0.0625,0.0625,1,0.119422,1,-9.307878
material_0701990_position_5_sensor_2,Textiles_Leather,58.2211,20.71502825820405,0.1671865393944046,0.0,0.0625,0.0625,1,0.125387,1,-7.390886
material_0701990_position_5_sensor_3,Textiles_Leather,56.1853,17.90565191681289,0.2092555402369297,0.0,0.0625,0.0625,1,0.12582,1,-8.91362
material_0702130_position_1_sensor_1,Paper_Cardboard,63.8085,18.03178188798292,0.0479934640522854,0.0,0.0,0.0625,1,0.133573,1,-6.512948
material_0702130_position_1_sensor_2,Paper_Cardboard,80.0785,20.539628783016084,0.0448928573708112,0.0,0.0,0.0,1,0.136076,1,-11.084491
material_0702130_position_1_sensor_3,Paper_Cardboard,62.0325,16.096108188195373,0.1004789113562078,0.0,0.0,0.0625,1,0.132085,1,-9.231693
material_0702130_position_2_sensor_1,Paper_Cardboard,62.6462,18.098951895329023,0.1232163468903181,0.0,0.0,0.0625,1,0.112681,1,-12.754597
material_0702130_position_2_sensor_2,Paper_Cardboard,79.5045,20.56527095346917,0.0818107096354156,0.0,0.0,0.0,1,0.11045,1,-19.510237
material_0702130_position_2_sensor_3,Paper_Cardboard,51.0504,15.706651474525234,0.1503651083154608,0.0,0.125,0.0625,1,0.141665,1,-8.956914
material_0702130_position_3_sensor_1,Paper_Cardboard,59.4026,19.15408252619461,0.0449841579861108,0.0,0.0625,0.0625,1,0.087816,1,-18.560406
material_0702130_position_3_sensor_2,Paper_Cardboard,66.0677,21.9586855643623,-0.0261061293658089,0.0,0.0,0.0625,1,0.112975,1,-11.216859
material_0702130_position_3_sensor_3,Paper_Cardboard,58.6827,17.66960913702833,0.0448141962188486,0.0,0.0625,0.0625,1,0.095815,1,-13.651035
material_0702130_position_4_sensor_1,Paper_Cardboard,63.8235,18.540501436186265,0.0626385841120276,0.0,0.0,0.0625,1,0.137444,1,-5.426064
material_0702130_position_4_sensor_2,Paper_Cardboard,60.6915,21.153288831457967,0.0251063017003672,0.0,0.0625,0.0625,1,0.136324,1,-9.383875
material_0702130_position_4_sensor_3,Paper_Cardboard,57.6255,16.65211930899204,0.0801866526884169,0.0,0.0625,0.0625,1,0.114151,1,-12.018028
material_0710010_position_1_sensor_1,Plastic_Rubber,78.8535,20.492587185758243,0.1205634286917878,0.0,0.0,0.0,1,0.119501,1,-14.994259
material_0710010_position_1_sensor_2,Plastic_Rubber,52.6623,20.525027603179065,0.1965423113255704,0.0,0.125,0.0625,1,0.127957,1,-7.256639
material_0710010_position_1_sensor_3,Plastic_Rubber,56.1685,17.854107566494168,0.2087347436044726,0.0,0.0625,0.0625,1,0.133718,1,-6.939496
material_0710010_position_2_sensor_1,Plastic_Rubber,63.1808,20.355098661679065,0.1586956811044717,0.0,0.0,0.0625,1,0.113929,1,-12.459456
material_0710010_position_2_sensor_2,Plastic_Rubber,58.0218,20.74765894403637,0.1807364238664185,0.0,0.0625,0.0625,1,0.119239,1,-8.210172
material_0710010_position_2_sensor_3,Plastic_Rubber,56.7959,18.23725692211012,0.180980866076897,0.0,0.0625,0.0625,1,0.118488,1,-10.276036
material_0710010_position_3_sensor_1,Plastic_Rubber,57.6491,19.875805672632968,0.1774774465124583,0.0,0.0625,0.0625,1,0.11068,1,-14.176729
material_0710010_position_3_sensor_2,Plastic_Rubber,56.7394,20.08822247520433,0.2412526169321856,0.0,0.0625,0.0625,1,0.128222,1,-9.563179
material_0710010_position_3_sensor_3,Plastic_Rubber,55.2078,17.544057165094898,0.2597087577869675,0.0,0.0625,0.0625,1,0.124518,1,-9.120254
material_0710010_position_4_sensor_1,Plastic_Rubber,52.7479,20.0210376660602,0.1757092029845763,0.0,0.125,0.0625,1,0.124495,1,-12.260652
material_0710010_position_4_sensor_2,Plastic_Rubber,77.6334,20.57537549359232,0.1999020246119287,0.0,0.0,0.0,1,0.123818,1,-10.725835
material_0710010_position_4_sensor_3,Plastic_Rubber,56.515,17.95949297545096,0.1901470939287161,0.0,0.0625,0.0625,1,0.120318,1,-8.847773
material_0710020_position_1_sensor_1,Plastic_Rubber,59.0111,17.616732951991267,0.0965781882957153,0.0,0.0588235294117647,0.0588235294117647,1,0.077393,1,-11.154139
material_0710020_position_1_sensor_2,Plastic_Rubber,80.9945,21.101403032174485,-0.004444479549634,0.0,0.0,0.0,1,0.09772,1,-13.157342
material_0710020_position_1_sensor_3,Plastic_Rubber,57.8652,17.14497395841412,0.0801986427057804,0.0,0.0625,0.0625,1,0.107094,1,-10.803428
material_0710020_position_2_sensor_1,Plastic_Rubber,63.374,18.27479152530777,0.0827922155841487,0.0,0.0,0.0625,1,0.107624,1,-10.750093
material_0710020_position_2_sensor_2,Plastic_Rubber,76.4593,13.96600437701447,0.0712866721558414,0.0,0.0,0.0,1,0.05196,-1,-44.363031
material_0710020_position_2_sensor_3,Plastic_Rubber,77.9423,18.83633490487593,0.1271690346711604,0.0,0.0,0.0,1,0.083791,1,-27.850844
material_0710020_position_3_sensor_1,Plastic_Rubber,43.9972,11.61489574385731,0.7837154676649286,0.0,0.0625,0.0625,1,0.101378,1,-15.828171
material_0710020_position_3_sensor_2,Plastic_Rubber,60.7301,22.235734938921556,-0.0558478014578231,0.0,0.0625,0.0625,1,0.10514,1,-10.991833
material_0710020_position_3_sensor_3,Plastic_Rubber,56.3847,12.636061968583236,0.3499777241625821,0.0,0.0,0.0625,1,0.013193,1,-33.911572
material_0710020_position_4_sensor_1,Plastic_Rubber,74.5256,10.149332043871317,-0.0760613479115608,0.0,0.0,0.0,1,0.024658,-1,-54.735899
material_0710020_position_4_sensor_2,Plastic_Rubber,65.3842,22.29827922296367,-0.07953826465482,0.0,0.0,0.0625,-1,-0.009124,-1,-88.040434
material_0710020_position_4_sensor_3,Plastic_Rubber,53.6663,14.076006106737108,0.250475210950262,0.0,0.0625,0.0625,1,0.089752,1,-21.130059
material_0710050_position_1_sensor_1,Plastic_Rubber,77.2521,19.285210671053747,0.1843716410717908,0.0,0.0,0.0,1,0.074809,1,-18.75748
material_0710050_position_1_sensor_2,Plastic_Rubber,57.8704,19.82987508760954,0.1621438291462409,0.0,0.0625,0.0625,1,0.093581,1,-16.660507
material_0710050_position_1_sensor_3,Plastic_Rubber,57.775,15.913257040863272,0.3628744686351074,0.0,0.0,0.0625,1,0.097695,1,-15.107815
material_0710050_position_2_sensor_1,Plastic_Rubber,56.787,19.315874583421135,0.2145902219286127,0.0,0.0625,0.0625,1,0.114426,1,-13.887707
material_0710050_position_2_sensor_2,Plastic_Rubber,77.6612,19.60569468037281,0.1684378478604968,0.0,0.0,0.0,1,0.091124,1,-16.304735
material_0710050_position_2_sensor_3,Plastic_Rubber,50.5293,14.07425602441652,0.4478884181602332,0.0,0.0625,0.0625,1,0.002048,-1,-157.465837
material_0710050_position_3_sensor_1,Plastic_Rubber,60.7508,18.558211661846386,0.2565997338388479,0.0,0.0,0.0625,1,0.0803,1,-21.501824
material_0710050_position_3_sensor_2,Plastic_Rubber,76.378,19.174533563218557,0.2360023185380863,0.0,0.0,0.0,1,0.111705,1,-16.820288
material_0710050_position_3_sensor_3,Plastic_Rubber,72.0179,15.400527503722534,0.394825881459354,0.0,0.0,0.0,1,0.092637,1,-24.748762
material_0710050_position_4_sensor_1,Plastic_Rubber,76.3368,19.063123247845,0.235183604919832,0.0,0.0,0.0,1,0.089752,1,-21.871669
material_0710050_position_4_sensor_2,Plastic_Rubber,63.2038,20.006608191276754,0.1465696040134782,0.0,0.0,0.0625,1,0.107927,1,-14.673576
material_0710050_position_4_sensor_3,Plastic_Rubber,75.2909,17.276774724487577,0.2462831121706475,0.0,0.0,0.0,1,0.080971,1,-27.607068
material_0710050_position_5_sensor_1,Plastic_Rubber,59.8228,13.472536664881096,0.1591850777420315,0.0,0.0,0.0625,-1,-0.029332,-1,-80.005716
material_0710050_position_5_sensor_2,Plastic_Rubber,59.8666,21.56714178609356,0.0897173266441984,0.0,0.0625,0.0625,1,0.059079,1,-38.315452
material_0710050_position_5_sensor_3,Plastic_Rubber,77.7753,19.537389847463835,0.1591673879187055,0.0,0.0,0.0,1,0.040394,1,-29.757453
material_0710070_position_1_sensor_1,Wood_Bamboo_Cork,78.0889,19.625075145588557,0.1421109520739702,0.0,0.0,0.0,1,0.090939,1,-13.701898
material_0710070_position_1_sensor_2,Wood_Bamboo_Cork,79.6466,20.90761017048581,0.0833576341018177,0.0,0.0,0.0,1,0.139722,1,-7.016952
material_0710070_position_1_sensor_3,Wood_Bamboo_Cork,72.4397,18.26159027837444,0.1412010681551252,0.0,0.0625,0.0,1,0.127583,1,-8.179805
material_0710070_position_2_sensor_1,Wood_Bamboo_Cork,74.9344,20.992999774711684,0.0678557623570248,0.0,0.0625,0.0,1,0.135357,1,-12.122697
material_0710070_position_2_sensor_2,Wood_Bamboo_Cork,80.3193,21.629433830260595,0.0631279791538991,0.0,0.0,0.0,1,0.134304,1,-8.032927
material_0710070_position_2_sensor_3,Wood_Bamboo_Cork,62.0472,18.586100821140544,0.1758513678257763,0.0,0.0,0.0625,1,0.130115,1,-6.920459
material_0710070_position_3_sensor_1,Wood_Bamboo_Cork,72.9608,17.9951973048429,0.1002316862617449,0.0,0.0625,0.0,1,0.118253,1,-12.049668
material_0710070_position_3_sensor_2,Wood_Bamboo_Cork,79.5369,20.793198696878854,0.0867562487234487,0.0,0.0,0.0,1,0.141517,1,-6.013898
material_0710070_position_3_sensor_3,Wood_Bamboo_Cork,74.8494,13.437132961861868,0.1564215941584927,0.0,0.0,0.0,1,0.098267,1,-13.194049
material_0710070_position_4_sensor_1,Wood_Bamboo_Cork,79.975,20.74003293311842,0.0575489350362515,0.0,0.0,0.0,1,0.116035,1,-13.645513
material_0710070_position_4_sensor_2,Wood_Bamboo_Cork,59.8958,21.26870504335951,0.0787339728860243,0.0,0.0625,0.0625,1,0.119248,1,-11.037153
material_0710070_position_4_sensor_3,Wood_Bamboo_Cork,74.1158,18.91568679963258,0.0557320724188087,0.0,0.0625,0.0,1,0.127225,1,-10.634712
material_0710070_position_6_sensor_1,Wood_Bamboo_Cork,71.2735,14.25376961387986,0.1103153004365794,0.0,0.0588235294117647,0.0,1,0.011923,-1,-52.680484
material_0710070_position_6_sensor_2,Wood_Bamboo_Cork,80.6112,21.70931916562642,0.0472030244715044,0.0,0.0,0.0,1,0.124543,1,-8.936242
material_0710070_position_6_sensor_3,Wood_Bamboo_Cork,77.6827,19.09998133501757,0.1515918064491391,0.0,0.0,0.0,1,0.128242,1,-7.891897
material_0710080_position_1_sensor_1,Paper_Cardboard,69.7873,9.801804998129304,0.0674566477524159,0.0,0.0588235294117647,0.0,-1,-0.043635,-1,-92.722128
material_0710080_position_1_sensor_2,Paper_Cardboard,75.8733,10.66507136957429,0.0070290511386823,0.0,0.0,0.0,-1,-0.192148,-1,-697.490131
material_0710080_position_1_sensor_3,Paper_Cardboard,78.694,19.361911225427523,0.0959599752987135,0.0,0.0,0.0,1,0.123213,1,-10.703422
material_0710080_position_2_sensor_1,Paper_Cardboard,59.3723,19.31345094297535,0.0517734263301664,0.0,0.0625,0.0625,1,0.105197,1,-16.167802
material_0710080_position_2_sensor_2,Paper_Cardboard,61.6626,22.812077089605204,0.0148057789522033,0.0,0.0625,0.0625,1,0.106287,1,-13.558539
material_0710080_position_2_sensor_3,Paper_Cardboard,65.766,21.111278440535862,0.0191288615706663,0.0,0.0,0.0625,1,0.092487,1,-15.03111
material_0710080_position_3_sensor_1,Paper_Cardboard,78.6987,19.055842640509525,0.0862833419500604,0.0,0.0,0.0,1,0.058843,1,-20.383231
material_0710080_position_3_sensor_2,Paper_Cardboard,81.3148,22.250312885669658,0.0194873318142342,0.0,0.0,0.0,1,0.108052,1,-15.575732
material_0710080_position_3_sensor_3,Paper_Cardboard,60.5909,20.89882444822017,0.0236432706546125,0.0,0.0625,0.0625,1,0.096067,1,-15.774892
material_0710080_position_4_sensor_1,Paper_Cardboard,79.2958,19.139362344030527,0.0512578093086175,0.0,0.0,0.0,1,0.122544,1,-14.114441
material_0710080_position_4_sensor_2,Paper_Cardboard,66.5287,22.814548497591723,-0.0233116686453225,0.0,0.0,0.0625,1,0.104039,1,-13.125593
material_0710080_position_4_sensor_3,Paper_Cardboard,54.8127,21.027071051421306,0.0765608835656661,0.0,0.125,0.0625,1,0.099344,1,-14.162338
material_0710100_position_1_sensor_1,Paper_Cardboard,56.5772,11.13436549696165,0.051159234472867,0.0,0.0588235294117647,0.0588235294117647,1,0.058186,1,-20.398823
material_0710100_position_1_sensor_2,Paper_Cardboard,66.4033,21.99177034720858,-0.0059939363766346,0.0,0.0,0.0625,1,0.132611,1,-6.794717
material_0710100_position_1_sensor_3,Paper_Cardboard,68.7581,17.129434512634912,0.0235167164522039,0.0,0.125,0.0,1,0.133673,1,-9.332698
material_0710100_position_2_sensor_1,Paper_Cardboard,64.5908,18.5870066882198,0.0157604820899706,0.0,0.0,0.0625,1,0.139711,1,-5.121974
material_0710100_position_2_sensor_2,Paper_Cardboard,81.0295,21.737398861648067,-0.0217325495302287,0.0,0.0,0.0,1,0.114035,1,-17.176836
material_0710100_position_2_sensor_3,Paper_Cardboard,77.8412,17.1645982863871,0.0823098543453824,0.0,0.0,0.0,1,0.132283,1,-8.464808
material_0710100_position_3_sensor_1,Paper_Cardboard,59.4467,9.86486652201332,-0.0723107351664651,0.0,0.0,0.0625,1,0.083717,1,-19.090012
material_0710100_position_3_sensor_2,Paper_Cardboard,64.1968,21.47141858355721,-0.1289443375331937,0.0,0.0,0.0625,1,0.116251,1,-8.747585
material_0710100_position_3_sensor_3,Paper_Cardboard,56.9641,17.044908258424087,-0.1338555293862369,0.0,0.0625,0.0625,1,0.120148,1,-11.349711
material_0710100_position_4_sensor_1,Paper_Cardboard,59.3568,18.415540561549136,-0.025233976077411,0.0,0.0625,0.0625,1,0.121135,1,-8.737368
material_0710100_position_4_sensor_2,Paper_Cardboard,60.7395,21.493598242218543,-0.0325158898846014,0.0,0.0625,0.0625,1,0.12661,1,-7.88306
material_0710100_position_4_sensor_3,Paper_Cardboard,58.7518,16.831519629348954,-0.0147823909186093,0.0,0.0625,0.0625,1,0.128495,1,-8.889328
material_0710100_position_5_sensor_1,Paper_Cardboard,63.9976,18.20733325475986,0.0414675101485893,0.0,0.0,0.0625,1,0.131807,1,-7.363116
material_0710100_position_5_sensor_2,Paper_Cardboard,61.1013,21.454674115542627,0.0085459558823507,0.0,0.0625,0.0625,1,0.12258,1,-7.590517
material_0710100_position_5_sensor_3,Paper_Cardboard,58.4779,16.743069942042602,-0.0293130505131752,0.0,0.0625,0.0625,1,0.087373,1,-11.230091
material_0710140_position_1_sensor_1,Paper_Cardboard,77.2007,18.601023470292688,0.1666410015829263,0.0,0.0,0.0,1,0.106473,1,-16.932929
material_0710140_position_1_sensor_2,Paper_Cardboard,78.9687,21.04994437199736,0.1303916366676873,0.0,0.0,0.0,1,0.100917,1,-18.289392
material_0710140_position_1_sensor_3,Paper_Cardboard,55.3104,16.5587094022089,0.2230560039445453,0.0,0.0625,0.0625,1,0.103684,1,-14.202137
material_0710140_position_2_sensor_1,Paper_Cardboard,57.5034,18.56596293457965,0.1465140484579264,0.0,0.0625,0.0625,1,0.092315,1,-17.535247
material_0710140_position_2_sensor_2,Paper_Cardboard,58.8167,21.054957077533064,0.1401146056729987,0.0,0.0625,0.0625,1,0.107794,1,-11.8478
material_0710140_position_2_sensor_3,Paper_Cardboard,55.59,16.57055224459449,0.2058207225924206,0.0,0.0625,0.0625,1,0.109669,1,-13.75922
material_0710140_position_3_sensor_1,Paper_Cardboard,75.8105,18.080785620765365,0.2382151102302901,0.0,0.0,0.0,1,0.091314,1,-22.784112
material_0710140_position_3_sensor_2,Paper_Cardboard,77.0506,20.227068803244038,0.2259174421721781,0.0,0.0,0.0,1,0.12031,1,-10.718534
material_0710140_position_3_sensor_3,Paper_Cardboard,61.6517,16.280093132511013,0.1300818285973226,0.0,0.0,0.0625,1,0.12391,1,-10.867085
material_0710140_position_4_sensor_1,Paper_Cardboard,72.6287,20.235091710080862,0.1897745752272238,0.0,0.0625,0.0,1,0.08904,1,-21.437401
material_0710140_position_4_sensor_2,Paper_Cardboard,59.4193,21.064328036687144,0.1024639852685861,0.0,0.0625,0.0625,1,0.12196,1,-9.686808
material_0710140_position_4_sensor_3,Paper_Cardboard,50.5987,16.48211596142304,0.2025594825495318,0.0,0.125,0.0625,1,0.100436,1,-15.378366
material_0710150_position_1_sensor_1,Paper_Cardboard,58.6219,18.592205194518552,-0.0769100668913427,0.0,0.0625,0.0625,1,0.105809,1,-10.540847
material_0710150_position_1_sensor_2,Paper_Cardboard,56.4678,22.146373426535067,0.0066745190589239,0.0,0.125,0.0625,1,0.098769,1,-12.367077
material_0710150_position_1_sensor_3,Paper_Cardboard,58.272,17.057049082686962,0.0518982380387049,0.0,0.0625,0.0625,1,0.087528,1,-11.168078
material_0710150_position_2_sensor_1,Paper_Cardboard,57.8845,18.233297528033503,0.1123309110753666,0.0,0.0625,0.0625,1,0.101608,1,-14.236199
material_0710150_position_2_sensor_2,Paper_Cardboard,55.4728,21.474202621325343,0.0487088327844148,0.0,0.125,0.0625,1,0.103649,1,-11.009628
material_0710150_position_2_sensor_3,Paper_Cardboard,55.0259,11.560794613171634,0.0878202135671967,0.0,0.0625,0.0625,-1,-0.162999,-1,-347.590959
material_0710150_position_3_sensor_1,Paper_Cardboard,63.8131,18.36431231924952,0.0578891282424383,0.0,0.0,0.0625,1,0.113574,1,-11.31651
material_0710150_position_3_sensor_2,Paper_Cardboard,59.6655,20.988242212084177,0.0846356416590052,0.0,0.0625,0.0625,1,0.096879,1,-12.815317
material_0710150_position_3_sensor_3,Paper_Cardboard,58.4761,16.593440192800053,0.0248409559461764,0.0,0.0625,0.0625,1,0.123597,1,-8.588405
material_0710150_position_4_sensor_1,Paper_Cardboard,74.84,10.429885440468777,0.0648648609834549,0.0,0.0,0.0,-1,-0.114999,-1,-299.460693
material_0710150_position_4_sensor_2,Paper_Cardboard,60.1347,21.424549821282625,0.06847098077512,0.0,0.0625,0.0625,1,0.107539,1,-13.032352
material_0710150_position_4_sensor_3,Paper_Cardboard,72.659,16.777846496121974,0.0819292885774099,0.0,0.0625,0.0,1,0.136129,1,-8.825076
material_0710180_position_1_sensor_1,Paper_Cardboard,65.716,18.593731129206454,0.0006789290151818,0.0,0.0,0.0588235294117647,1,0.098222,1,-11.008102
material_0710180_position_1_sensor_2,Paper_Cardboard,79.4376,21.04976585499328,-0.1008700756995523,0.0,0.0,0.0,1,0.10866,1,-16.717835
material_0710180_position_1_sensor_3,Paper_Cardboard,77.7418,16.977457709783394,-0.0828304275811892,0.0,0.0,0.0,1,0.123394,1,-11.583478
material_0710180_position_2_sensor_1,Paper_Cardboard,75.0207,20.007861717788693,0.0322377530764864,0.0,0.0625,0.0,1,0.126279,1,-11.777709
material_0710180_position_2_sensor_2,Paper_Cardboard,80.4771,22.64527746733009,-0.0843215379901978,0.0,0.0,0.0,1,0.091927,1,-14.333624
material_0710180_position_2_sensor_3,Paper_Cardboard,69.4291,18.82450774677536,-0.0332199196410294,0.0,0.125,0.0,1,0.120177,1,-12.266673
material_0710180_position_3_sensor_1,Paper_Cardboard,80.1649,19.98712755356463,0.02252136469822,0.0,0.0,0.0,1,0.126452,1,-10.686969
material_0710180_position_3_sensor_2,Paper_Cardboard,80.6482,22.709000221879,-0.0755066173279202,0.0,0.0,0.0,1,0.108499,1,-13.566211
material_0710180_position_3_sensor_3,Paper_Cardboard,64.9755,18.915606362356503,0.0016144014246337,0.0,0.0,0.0625,1,0.081806,1,-23.346092
material_0710180_position_4_sensor_1,Paper_Cardboard,74.8459,8.515113564873632,-0.005822067759396,0.0,0.0,0.0,-1,-0.026392,-1,-85.104524
material_0710180_position_4_sensor_2,Paper_Cardboard,75.5572,22.689848395351472,-0.0806458572686881,0.0,0.0625,0.0,1,0.104345,1,-14.177976
material_0710180_position_4_sensor_3,Paper_Cardboard,79.4941,18.878514820221,-0.0307796718622352,0.0,0.0,0.0,1,0.072294,1,-23.813888
material_0710180_position_5_sensor_1,Paper_Cardboard,80.1723,19.693081592747955,-0.0130473872166057,0.0,0.0,0.0,1,0.099522,1,-12.226543
material_0710180_position_5_sensor_2,Paper_Cardboard,80.4019,22.69480502905901,-0.090574809155434,0.0,0.0,0.0,1,0.08783,1,-15.526404
material_0710180_position_5_sensor_3,Paper_Cardboard,79.7486,18.883152470345248,-0.014900516684537,0.0,0.0,0.0,1,0.079304,1,-23.875698
material_0710190_position_1_sensor_1,Paper_Cardboard,56.1979,18.75047648336212,0.0121790933712882,0.0,0.1176470588235294,0.0588235294117647,1,0.081306,1,-12.660305
material_0710190_position_1_sensor_2,Paper_Cardboard,54.0281,21.51777463532733,-0.1409854457082331,0.0,0.125,0.0625,1,0.115768,1,-9.904693
material_0710190_position_1_sensor_3,Paper_Cardboard,58.3413,17.770225025753035,-0.0693903824550659,0.0,0.0625,0.0625,1,0.121647,1,-8.623692
material_0710190_position_2_sensor_1,Paper_Cardboard,64.9245,19.087073727702343,-0.0100758048662182,0.0,0.0,0.0625,1,0.120777,1,-9.745951
material_0710190_position_2_sensor_2,Paper_Cardboard,79.3984,21.808111303967973,-0.1265732565487141,0.0,0.0,0.0,1,0.128004,1,-9.316641
material_0710190_position_2_sensor_3,Paper_Cardboard,78.8236,17.96399190924072,-0.0449625938265955,0.0,0.0,0.0,1,0.130543,1,-8.741171
material_0710190_position_3_sensor_1,Paper_Cardboard,57.776,18.218159785156463,-0.1186961055581094,0.0,0.0625,0.0625,1,0.121256,1,-9.454571
material_0710190_position_3_sensor_2,Paper_Cardboard,53.8617,21.196943970861,-0.1416315806270443,0.0,0.125,0.0625,1,0.123039,1,-10.104349
material_0710190_position_3_sensor_3,Paper_Cardboard,76.0696,16.704103703834683,-0.1797171287785945,0.0,0.0,0.0,1,0.138658,1,-8.010008
material_0710190_position_4_sensor_1,Paper_Cardboard,64.3062,18.55711340198605,-0.0327630335988608,0.0,0.0,0.0625,1,0.129112,1,-7.337986
material_0710190_position_4_sensor_2,Paper_Cardboard,59.3237,21.0809194559054,-0.1089922417534745,0.0,0.0625,0.0625,1,0.117839,1,-12.725354
material_0710190_position_4_sensor_3,Paper_Cardboard,72.7504,16.897983958165124,-0.0798588388480393,0.0,0.0625,0.0,1,0.123393,1,-8.679014
material_0710200_position_1_sensor_1,Paper_Cardboard,56.9268,15.654349249174436,0.093591546351611,0.0,0.0625,0.0625,1,0.025825,-1,-52.047244
material_0710200_position_1_sensor_2,Paper_Cardboard,55.1016,20.931666386313477,0.0554483315461603,0.0,0.125,0.0625,1,0.084768,1,-13.303433
material_0710200_position_1_sensor_3,Paper_Cardboard,57.8687,17.124949404598983,0.0793643806806559,0.0,0.0625,0.0625,1,0.079939,1,-21.21315
material_0710200_position_2_sensor_1,Paper_Cardboard,75.198,15.927638074883149,0.2107939612693995,0.0,0.0,0.0,1,0.086877,1,-26.704388
material_0710200_position_2_sensor_2,Paper_Cardboard,51.683,14.107393520913137,0.0615384146497136,0.0,0.125,0.0625,-1,-0.033143,-1,-78.641754
material_0710200_position_2_sensor_3,Paper_Cardboard,56.3505,12.336847116420898,-0.0282168734681347,0.0,0.0625,0.0625,-1,-0.030521,-1,-84.625159
material_0710200_position_3_sensor_1,Paper_Cardboard,48.4695,13.793712572857862,0.5689548419628246,0.0,0.0625,0.0625,1,0.008024,-1,-93.032377
material_0710200_position_3_sensor_2,Paper_Cardboard,70.4448,20.52063489420298,0.0212555881076348,0.0,0.125,0.0,1,0.114207,1,-14.19951
material_0710200_position_3_sensor_3,Paper_Cardboard,77.4275,15.993201425680564,0.072457801968441,0.0,0.0,0.0,1,0.067503,1,-29.96363
material_0710200_position_4_sensor_1,Paper_Cardboard,54.6006,18.22160170723435,0.0039469065946682,0.0,0.125,0.0625,1,0.100976,1,-19.667537
material_0710200_position_4_sensor_2,Paper_Cardboard,60.8447,20.972206875788416,0.0099168613408876,0.0,0.0625,0.0625,1,0.097843,1,-12.571958
material_0710200_position_4_sensor_3,Paper_Cardboard,46.3506,12.661005614586614,0.6676315199908094,0.0,0.0625,0.0625,1,0.055297,1,-24.508157
material_0710200_position_5_sensor_1,Paper_Cardboard,65.9054,13.878101027512388,0.1034652315027557,0.0,0.125,0.0,1,0.084448,1,-25.145742
material_0710200_position_5_sensor_2,Paper_Cardboard,55.695,21.208776723110464,0.026587632123163,0.0,0.125,0.0625,1,0.095682,1,-12.087967
material_0710200_position_5_sensor_3,Paper_Cardboard,49.3462,14.094818237424624,0.5229938342524498,0.0,0.0625,0.0625,1,0.052206,1,-27.393038
material_0710210_position_1_sensor_1,Paper_Cardboard,59.6979,18.00645363111935,-0.0652901018263225,0.0,0.0588235294117647,0.0588235294117647,1,0.097251,1,-10.488508
material_0710210_position_1_sensor_2,Paper_Cardboard,59.3687,20.968532625890663,-0.1027184899024729,0.0,0.0625,0.0625,1,0.128084,1,-9.36944
material_0710210_position_1_sensor_3,Paper_Cardboard,63.9572,17.007198115229933,-0.0072361669602766,0.0,0.0,0.0625,1,0.151892,1,-5.653809
material_0710210_position_2_sensor_1,Paper_Cardboard,69.9113,19.955887325766597,0.0375297021803496,0.0,0.125,0.0,1,0.114764,1,-14.57658
material_0710210_position_2_sensor_2,Paper_Cardboard,61.4551,22.939079114003427,-0.0317628469030866,0.0,0.0625,0.0625,1,0.097886,1,-14.785455
material_0710210_position_2_sensor_3,Paper_Cardboard,54.8336,18.81309999999241,-0.00740219694649,0.0,0.125,0.0625,1,0.113494,1,-14.114549
material_0710210_position_3_sensor_1,Paper_Cardboard,64.8429,18.90701350840011,0.0096982501659526,0.0,0.0,0.0625,1,0.135284,1,-7.558949
material_0710210_position_3_sensor_2,Paper_Cardboard,60.8898,21.44799082331714,-0.0216558861825986,0.0,0.0625,0.0625,1,0.122804,1,-9.893485
material_0710210_position_3_sensor_3,Paper_Cardboard,59.1503,17.331115142040456,0.0050099283854162,0.0,0.0625,0.0625,1,0.126058,1,-8.676439
material_0710210_position_4_sensor_1,Paper_Cardboard,60.3424,19.74167379512998,0.0038317041334729,0.0,0.0625,0.0625,1,0.117595,1,-12.724526
material_0710210_position_4_sensor_2,Paper_Cardboard,56.0353,22.509503338011555,-0.0450228933695881,0.0,0.125,0.0625,1,0.108695,1,-12.97106
material_0710210_position_4_sensor_3,Paper_Cardboard,59.549,18.692873781647855,-0.0216343555325784,0.0,0.0625,0.0625,1,0.112012,1,-13.730111
material_0710220_position_1_sensor_1,Paper_Cardboard,64.4598,18.954144681927133,-0.0352539381638094,0.0,0.0,0.0625,1,0.081897,1,-15.456145
material_0710220_position_1_sensor_2,Paper_Cardboard,79.7754,21.019275097085,-0.078672211690667,0.0,0.0,0.0,1,0.109618,1,-17.860195
material_0710220_position_1_sensor_3,Paper_Cardboard,63.2278,17.208111317257007,-0.0593052396088643,0.0,0.0,0.0625,1,0.144278,1,-7.341508
material_0710220_position_2_sensor_1,Paper_Cardboard,80.1501,19.52896074229482,-0.0094144454656855,0.0,0.0,0.0,1,0.074178,1,-26.866962
material_0710220_position_2_sensor_2,Paper_Cardboard,60.3045,21.79065295060862,-0.0690023233251646,0.0,0.0625,0.0625,1,0.125011,1,-9.528745
material_0710220_position_2_sensor_3,Paper_Cardboard,59.0303,17.939281196836458,-0.0311943758297602,0.0,0.0625,0.0625,1,0.122296,1,-11.087025
material_0710220_position_3_sensor_1,Paper_Cardboard,78.2483,19.27495143393841,-0.1213487955729173,0.0,0.0,0.0,1,0.102254,1,-17.180287
material_0710220_position_3_sensor_2,Paper_Cardboard,58.508,21.524182233214106,-0.1739227207158916,0.0,0.0625,0.0625,1,0.110538,1,-12.686979
material_0710220_position_3_sensor_3,Paper_Cardboard,75.8443,17.155340915835986,-0.2077309905407525,0.0,0.0,0.0,1,0.110283,1,-15.188736
material_0710220_position_4_sensor_1,Paper_Cardboard,60.8545,13.035020000970906,-0.0808309860728142,0.0,0.0,0.0625,1,0.072825,1,-21.594094
material_0710220_position_4_sensor_2,Paper_Cardboard,74.7524,21.854534054252653,-0.10571301189747,0.0,0.0625,0.0,1,0.124252,1,-9.873363
material_0710220_position_4_sensor_3,Paper_Cardboard,56.1029,16.889604670760725,-0.1833087389578219,0.0,0.0625,0.0625,1,0.110487,1,-13.430289
material_0710240_position_1_sensor_1,Paper_Cardboard,74.1424,17.166549953819647,-0.0189738859953736,0.0,0.0588235294117647,0.0,1,0.057707,1,-17.860625
material_0710240_position_1_sensor_2,Paper_Cardboard,73.9134,20.621568427614783,0.1207468038322073,0.0,0.0625,0.0,1,0.087761,1,-19.100856
material_0710240_position_1_sensor_3,Paper_Cardboard,77.6023,18.68641201662839,0.1439810543683646,0.0,0.0,0.0,1,0.018831,-1,-60.340143
material_0710240_position_2_sensor_1,Paper_Cardboard,58.9117,19.18483886373193,0.0768273287505096,0.0,0.0625,0.0625,1,0.07982,1,-30.049577
material_0710240_position_2_sensor_2,Paper_Cardboard,60.3618,22.28536101989669,0.0805492238562094,0.0,0.0625,0.0625,1,0.072941,1,-26.449627
material_0710240_position_2_sensor_3,Paper_Cardboard,79.003,20.41942422124919,0.1089110163271017,0.0,0.0,0.0,1,0.055659,1,-31.167482
material_0710240_position_3_sensor_1,Paper_Cardboard,57.6635,18.175678605038783,0.1244780656403192,0.0,0.0625,0.0625,1,0.081125,1,-18.341881
material_0710240_position_3_sensor_2,Paper_Cardboard,69.6523,13.873702293419772,0.1822084370532051,0.0,0.0625,0.0,1,0.009044,-1,-64.454985
material_0710240_position_3_sensor_3,Paper_Cardboard,56.8877,18.4419340500079,0.1814727472043489,0.0,0.0625,0.0625,1,0.095165,1,-15.900089
material_0710240_position_4_sensor_1,Paper_Cardboard,77.9942,18.956041304432773,0.1275743767233423,0.0,0.0,0.0,1,0.058229,-1,-41.106382
material_0710240_position_4_sensor_2,Paper_Cardboard,66.4504,22.11229781322472,0.0067234253727517,0.0,0.0,0.0625,1,0.073207,1,-27.059358
material_0710240_position_4_sensor_3,Paper_Cardboard,79.3039,20.5009967584345,0.0924707286560439,0.0,0.0,0.0,1,0.051289,1,-31.79256
material_0710240_position_5_sensor_1,Paper_Cardboard,54.6757,11.779446463966575,0.1165621250127644,0.0,0.0625,0.0625,-1,-0.041187,-1,-81.613479
material_0710240_position_5_sensor_2,Paper_Cardboard,81.1883,22.25780814519094,0.027679381127448,0.0,0.0,0.0,1,0.040728,1,-37.357452
material_0710240_position_5_sensor_3,Paper_Cardboard,63.2884,20.119619896978428,0.1447055664062501,0.0,0.0,0.0625,1,0.081006,1,-22.535494
material_0710280_position_1_sensor_1,Paper_Cardboard,52.8515,17.47483634565534,0.0911700128293487,0.0,0.125,0.0625,1,0.093975,1,-15.575197
material_0710280_position_1_sensor_2,Paper_Cardboard,57.8111,18.77868375035042,0.1336662470001035,0.0,0.0625,0.0625,1,0.102748,1,-14.968254
material_0710280_position_1_sensor_3,Paper_Cardboard,57.5545,17.406184385872624,0.1077607038909298,0.0,0.0625,0.0625,1,0.102315,1,-15.914859
material_0710280_position_2_sensor_1,Paper_Cardboard,78.8356,18.565972180472095,0.0626532006357227,0.0,0.0,0.0,1,0.029294,-1,-42.039165
material_0710280_position_2_sensor_2,Paper_Cardboard,55.9095,21.27240809313408,0.0150336483226099,0.0,0.125,0.0625,1,0.097063,1,-19.12915
material_0710280_position_2_sensor_3,Paper_Cardboard,78.4372,19.368431600067417,0.1123217422385595,0.0,0.0,0.0,1,0.05685,1,-38.307056
material_0710280_position_3_sensor_1,Paper_Cardboard,64.2667,18.7042887698666,0.0397571263531436,0.0,0.0,0.0625,1,0.049897,1,-30.695014
material_0710280_position_3_sensor_2,Paper_Cardboard,71.2482,17.121749852412055,0.4960182036356189,0.0,0.0,0.0,1,0.091317,1,-21.816717
material_0710280_position_3_sensor_3,Paper_Cardboard,59.1553,19.82021020279897,0.0809647304559823,0.0,0.0625,0.0625,1,0.024875,1,-35.315215
material_0710280_position_4_sensor_1,Paper_Cardboard,77.9602,17.539878793525464,0.0863214613970548,0.0,0.0,0.0,1,0.105843,1,-16.842203
material_0710280_position_4_sensor_2,Paper_Cardboard,80.2296,20.16188365359646,0.0238070666743233,0.0,0.0,0.0,1,0.090731,1,-21.431789
material_0710280_position_4_sensor_3,Paper_Cardboard,58.1325,17.926976869954057,0.0873331609987717,0.0,0.0625,0.0625,1,0.106032,1,-16.279181
material_0710280_position_5_sensor_1,Paper_Cardboard,63.9564,18.41422616142755,0.0503980529386215,0.0,0.0,0.0625,1,0.089489,1,-32.063253
material_0710280_position_5_sensor_2,Paper_Cardboard,54.0111,15.882226866656117,0.5988609196282662,0.0,0.0,0.0625,1,0.09741,1,-18.126993
material_0710280_position_5_sensor_3,Paper_Cardboard,78.6242,19.014675794141883,0.0897132719949939,0.0,0.0,0.0,1,0.056016,1,-29.311426
material_0710300_position_1_sensor_1,Paper_Cardboard,65.5074,19.505496159490512,0.0417476133791192,0.0,0.1764705882352941,0.0,1,0.083285,1,-14.651264
material_0710300_position_1_sensor_2,Paper_Cardboard,60.0628,20.52030694820258,0.0452889492059808,0.0,0.0625,0.0625,1,0.131879,1,-11.261377
material_0710300_position_1_sensor_3,Paper_Cardboard,58.7816,18.06829976672072,0.0508042407066962,0.0,0.0625,0.0625,1,0.138745,1,-7.462579
material_0710300_position_2_sensor_1,Paper_Cardboard,59.7696,21.72013801832496,0.1005077247370281,0.0,0.0625,0.0625,1,0.072368,1,-22.524146
material_0710300_position_2_sensor_2,Paper_Cardboard,46.6558,17.575051566507973,0.4842467846839241,0.0,0.125,0.0625,1,0.107899,1,-16.805538
material_0710300_position_2_sensor_3,Paper_Cardboard,74.5116,20.387481358280848,0.0759133556091682,0.0,0.0625,0.0,1,0.119582,1,-12.425675
material_0710300_position_3_sensor_1,Paper_Cardboard,54.8841,21.69087085965497,0.0924036968954234,0.0,0.125,0.0625,1,0.089167,1,-19.532256
material_0710300_position_3_sensor_2,Paper_Cardboard,50.3983,9.787714587541126,0.0100491999208519,0.0,0.125,0.0625,-1,-0.056191,-1,-135.227904
material_0710300_position_3_sensor_3,Paper_Cardboard,64.0117,20.19799493107599,0.101577478745401,0.0,0.0,0.0625,1,0.108395,1,-10.94672
material_0710300_position_4_sensor_1,Paper_Cardboard,78.0396,17.486508171509378,0.0796867771522678,0.0,0.0,0.0,1,0.100389,1,-21.739814
material_0710300_position_4_sensor_2,Paper_Cardboard,59.752,20.67925547751532,0.0697250354243261,0.0,0.0625,0.0625,1,0.118707,1,-12.687117
material_0710300_position_4_sensor_3,Paper_Cardboard,57.109,17.888527848059944,0.1505842652164976,0.0,0.0625,0.0625,1,0.090791,1,-13.9014
material_0710300_position_5_sensor_1,Paper_Cardboard,79.752,20.81909292387413,0.0740062152139491,0.0,0.0,0.0,1,0.111876,1,-15.10477
material_0710300_position_5_sensor_2,Paper_Cardboard,59.9682,20.99316110775016,0.0657299900428894,0.0,0.0625,0.0625,1,0.097767,1,-12.072353
material_0710300_position_5_sensor_3,Paper_Cardboard,78.4421,19.10052175387985,0.1038027726715664,0.0,0.0,0.0,1,0.125143,1,-10.331643
material_0710310_position_1_sensor_1,Metal,79.8236,19.55507712486941,-0.03077188648897,0.0,0.0,0.0,1,0.113887,1,-21.476046
material_0710310_position_1_sensor_2,Metal,80.5479,20.13537522242877,0.0029561137280417,0.0,0.0,0.0,1,0.120218,1,-13.44574
material_0710310_position_1_sensor_3,Metal,78.2575,16.404583937349383,-0.0328175375944671,0.0,0.0,0.0,1,0.101376,1,-17.332514
material_0710310_position_2_sensor_1,Metal,78.2781,18.099233639407437,0.0834455279181965,0.0,0.0,0.0,1,0.053703,-1,-53.478261
material_0710310_position_2_sensor_2,Metal,80.1336,20.958718192562262,0.0542673403671335,0.0,0.0,0.0,1,0.014473,-1,-66.526097
material_0710310_position_2_sensor_3,Metal,78.3899,17.06859923519875,0.0448268771701363,0.0,0.0,0.0,1,0.029358,-1,-68.796627
material_0710310_position_3_sensor_1,Metal,78.3165,17.10329868872358,0.0505122900071463,0.0,0.0,0.0,1,0.107164,1,-17.746931
material_0710310_position_3_sensor_2,Metal,80.1586,19.892374668257503,0.0200180600234843,0.0,0.0,0.0,1,0.10721,1,-34.935915
material_0710310_position_3_sensor_3,Metal,63.3131,15.521071414983917,0.0022457985472805,0.0,0.0,0.0625,1,0.10884,1,-21.029951
material_0710310_position_4_sensor_1,Metal,78.3954,17.061585289537803,0.0442654925576987,0.0,0.0,0.0,1,0.058697,-1,-39.083128
material_0710310_position_4_sensor_2,Metal,79.8226,19.480844063906297,0.0285578373927673,0.0,0.0,0.0,1,0.061151,-1,-42.558543
material_0710310_position_4_sensor_3,Metal,78.347,15.650618118135624,0.0040801307827823,0.0,0.0,0.0,1,0.033043,-1,-64.401579
material_0710310_position_5_sensor_1,Metal,77.0207,17.952312299967424,0.158097536573223,0.0,0.0,0.0,1,0.08112,-1,-39.760563
material_0710310_position_5_sensor_2,Metal,80.4408,20.32603315733231,0.0155437969132947,0.0,0.0,0.0,1,0.055138,-1,-75.467681
material_0710310_position_5_sensor_3,Metal,77.5257,16.439501148780938,0.0799522409875402,0.0,0.0,0.0,1,0.013782,-1,-105.363785
material_0710330_position_1_sensor_1,Textiles_Leather,59.0138,19.989708759134167,0.0950641978145399,0.0,0.0625,0.0625,1,0.109425,1,-13.677631
material_0710330_position_1_sensor_2,Textiles_Leather,75.4679,13.888107029584678,0.1313089655458534,0.0,0.0,0.0,1,0.10786,1,-19.505066
material_0710330_position_1_sensor_3,Textiles_Leather,75.647,17.52223024391831,0.2313933759701801,0.0,0.0,0.0,1,0.113272,1,-18.857002
material_0710330_position_2_sensor_1,Textiles_Leather,56.9422,17.39728890005502,0.1460319505080645,0.0,0.0625,0.0625,1,0.105506,1,-13.68547
material_0710330_position_2_sensor_2,Textiles_Leather,62.5317,19.96454860808605,0.1875892868540636,0.0,0.0,0.0625,1,0.144967,1,-6.204488
material_0710330_position_2_sensor_3,Textiles_Leather,55.5041,17.380322244682294,0.2360376710580023,0.0,0.0625,0.0625,1,0.126902,1,-8.179513
material_0710330_position_3_sensor_1,Textiles_Leather,54.7135,13.087105490162717,0.1542554157730794,0.0,0.0625,0.0625,1,0.07444,1,-24.467709
material_0710330_position_3_sensor_2,Textiles_Leather,77.8263,19.9832739526544,0.1696206469566993,0.0,0.0,0.0,1,0.146218,1,-7.250027
material_0710330_position_3_sensor_3,Textiles_Leather,56.5671,17.790620901574794,0.1816931583180125,0.0,0.0625,0.0625,1,0.11948,1,-8.984655
material_0710330_position_4_sensor_1,Textiles_Leather,52.1528,17.607676612268712,0.1392179058797964,0.0,0.125,0.0625,1,0.11758,1,-10.070395
material_0710330_position_4_sensor_2,Textiles_Leather,62.811,20.50003266300333,0.1864143337673604,0.0,0.0,0.0625,1,0.116255,1,-10.815662
material_0710330_position_4_sensor_3,Textiles_Leather,61.8883,18.33249326338105,0.1780818206188705,0.0,0.0,0.0625,1,0.126948,1,-8.46984
material_0710330_position_5_sensor_1,Textiles_Leather,57.1826,17.219750054365168,0.1254580748314942,0.0,0.0625,0.0625,1,0.10395,1,-14.620795
material_0710330_position_5_sensor_2,Textiles_Leather,57.4349,19.831423536778885,0.1896028661790214,0.0,0.0625,0.0625,1,0.129831,1,-6.947619
material_0710330_position_5_sensor_3,Textiles_Leather,65.5523,17.35359510764487,0.2321871154386215,0.0,0.125,0.0,1,0.138714,1,-7.867038
material_0710340_position_1_sensor_1,Textiles_Leather,79.1677,20.641700819532076,0.1053541315614762,0.0,0.0,0.0,1,0.121229,1,-15.322614
material_0710340_position_1_sensor_2,Textiles_Leather,78.0939,21.17279529246094,0.1892198047513266,0.0,0.0,0.0,1,0.107124,1,-12.234405
material_0710340_position_1_sensor_3,Textiles_Leather,76.9999,18.760358301693227,0.1841677389705879,0.0,0.0,0.0,1,0.122019,1,-10.634662
material_0710340_position_2_sensor_1,Textiles_Leather,74.919,14.670068128428946,0.189821016199447,0.0,0.0,0.0,1,0.112169,1,-13.650996
material_0710340_position_2_sensor_2,Textiles_Leather,78.6935,21.3975920805184,0.1583633833741799,0.0,0.0,0.0,1,0.122637,1,-8.795609
material_0710340_position_2_sensor_3,Textiles_Leather,77.2786,18.882604482245306,0.1703681225745481,0.0,0.0,0.0,1,0.126265,1,-8.901871
material_0710340_position_3_sensor_1,Textiles_Leather,77.3279,18.93624397728564,0.1689064271216303,0.0,0.0,0.0,1,0.127123,1,-10.03536
material_0710340_position_3_sensor_2,Textiles_Leather,78.2207,21.22348993927311,0.1827956495098016,0.0,0.0,0.0,1,0.116388,1,-10.686526
material_0710340_position_3_sensor_3,Textiles_Leather,77.3279,18.93624397728564,0.1689064271216303,0.0,0.0,0.0,1,0.125494,1,-9.679297
material_0710340_position_5_sensor_1,Textiles_Leather,75.5017,13.869077180353122,0.1285985024977859,0.0,0.0,0.0,1,0.080525,1,-12.219466
material_0710340_position_5_sensor_2,Textiles_Leather,59.6196,21.310635107524572,0.0974031304253468,0.0,0.0625,0.0625,1,0.131335,1,-5.679115
material_0710340_position_5_sensor_3,Textiles_Leather,77.8365,19.153452399353338,0.1435473584941781,0.0,0.0,0.0,1,0.121452,1,-9.013033
material_0710340_position_6_sensor_1,Textiles_Leather,80.277,22.02268294375624,0.0778402346941364,0.0,0.0,0.0,1,0.096225,1,-18.437583
material_0710340_position_6_sensor_2,Textiles_Leather,80.6428,22.47734468703356,0.0687464655458531,0.0,0.0,0.0,1,0.086791,1,-16.576233
material_0710340_position_6_sensor_3,Textiles_Leather,78.9184,20.157567464915044,0.1062135320925214,0.0,0.0,0.0,1,0.101039,1,-14.751615
material_0710340_position_7_sensor_1,Textiles_Leather,78.1558,18.3391575693678,0.0984949161305137,0.0,0.0,0.0,1,0.11404,1,-10.307983
material_0710340_position_7_sensor_2,Textiles_Leather,75.0076,21.609647916882388,0.0821422478170934,0.0,0.0625,0.0,1,0.140343,1,-5.563267
material_0710340_position_7_sensor_3,Textiles_Leather,78.0377,19.465173212236703,0.1404339144837613,0.0,0.0,0.0,1,0.075123,1,-17.694375
material_0710340_position_8_sensor_1,Textiles_Leather,78.1528,18.573431978703137,0.1058680475771036,0.0,0.0,0.0,1,0.108519,1,-14.347258
material_0710340_position_8_sensor_2,Textiles_Leather,65.7187,22.337412389785523,0.0596818273207685,0.0,0.0,0.0625,1,0.087007,1,-16.319308
material_0710340_position_8_sensor_3,Textiles_Leather,76.2247,14.953871358412412,0.1163267798330261,0.0,0.0,0.0,1,0.052131,1,-38.55227
material_0710340_position_9_sensor_1,Textiles_Leather,78.0464,18.61364517240505,0.1137977127374394,0.0,0.0,0.0,1,0.067577,1,-22.149673
material_0710340_position_9_sensor_2,Textiles_Leather,80.9137,22.448807410954757,0.0508202008016753,0.0,0.0,0.0,1,0.109287,1,-13.036079
material_0710340_position_9_sensor_3,Textiles_Leather,78.7938,20.150810157318432,0.1138498678768359,0.0,0.0,0.0,1,0.082854,1,-18.997914
material_0710360_position_1_sensor_1,Textiles_Leather,79.8513,20.77758501489765,0.0664866233277118,0.0,0.0,0.0,1,0.120415,1,-12.452562
material_0710360_position_1_sensor_2,Textiles_Leather,63.1198,20.841611613820103,0.1774412817861516,0.0,0.0,0.0625,1,0.131892,1,-7.186091
material_0710360_position_1_sensor_3,Textiles_Leather,77.3865,18.68400980476104,0.1574932326771874,0.0,0.0,0.0,1,0.090446,1,-19.636148
material_0710360_position_2_sensor_1,Textiles_Leather,76.2279,17.709826311783182,0.2005717948963412,0.0,0.0,0.0,1,0.122947,1,-10.129159
material_0710360_position_2_sensor_2,Textiles_Leather,78.2117,20.78609965121116,0.1699568780637243,0.0,0.0,0.0,1,0.125408,1,-7.839165
material_0710360_position_2_sensor_3,Textiles_Leather,76.063,17.994439447523792,0.2196703176062078,0.0,0.0,0.0,1,0.0956,1,-17.912388
material_0710360_position_3_sensor_1,Textiles_Leather,79.6188,21.058986302014425,0.0897453836677861,0.0,0.0,0.0,1,0.108085,1,-14.925027
material_0710360_position_3_sensor_2,Textiles_Leather,80.0482,21.922244928069887,0.0891652225668891,0.0,0.0,0.0,1,0.118392,1,-10.468842
material_0710360_position_3_sensor_3,Textiles_Leather,75.2907,20.17845323544602,0.0204666835809821,0.0,0.0625,0.0,1,0.092165,1,-16.511599
material_0710360_position_4_sensor_1,Textiles_Leather,76.6032,17.890218439052063,0.1824726929508775,0.0,0.0,0.0,1,0.124746,1,-10.030996
material_0710360_position_4_sensor_2,Textiles_Leather,78.8546,21.096320016903302,0.138990936478756,0.0,0.0,0.0,1,0.121699,1,-9.24641
material_0710360_position_4_sensor_3,Textiles_Leather,61.7585,18.422542616002048,0.1890122038398651,0.0,0.0,0.0625,1,0.100584,1,-16.680796
material_0710360_position_5_sensor_1,Textiles_Leather,78.1044,18.32310958061849,0.1012408375459529,0.0,0.0,0.0,1,0.121672,1,-10.543016
material_0710360_position_5_sensor_2,Textiles_Leather,79.8518,22.045464094348898,0.1053075964435238,0.0,0.0,0.0,1,0.112103,1,-10.763243
material_0710360_position_5_sensor_3,Textiles_Leather,78.9774,19.79050097152215,0.0912502632889057,0.0,0.0,0.0,1,0.085133,1,-16.807813
material_0710380_position_1_sensor_1,Textiles_Leather,53.078,8.028020268486571,0.1021852229498559,0.0,0.0625,0.0625,-1,-0.144968,-1,-282.176406
material_0710380_position_1_sensor_2,Textiles_Leather,69.0998,21.33391197936778,0.1308358672896243,0.0,0.125,0.0,1,0.130419,1,-7.847874
material_0710380_position_1_sensor_3,Textiles_Leather,55.8912,17.96716775387641,0.2296501768024914,0.0,0.0625,0.0625,1,0.127143,1,-9.987536
material_0710380_position_2_sensor_1,Textiles_Leather,71.4877,17.70116556163261,0.1839533228656018,0.0,0.0625,0.0,1,0.126071,1,-10.336651
material_0710380_position_2_sensor_2,Textiles_Leather,78.1643,20.64386492424625,0.1685828897314131,0.0,0.0,0.0,1,0.12244,1,-16.452899
material_0710380_position_2_sensor_3,Textiles_Leather,60.7341,17.460378644043416,0.2240099347681775,0.0,0.0,0.0625,1,0.121693,1,-12.674292
material_0710380_position_3_sensor_1,Textiles_Leather,61.3306,17.399305892839077,0.1845913484860092,0.0,0.0,0.0625,1,0.114706,1,-12.765504
material_0710380_position_3_sensor_2,Textiles_Leather,77.1467,19.98661772111315,0.2124997734119694,0.0,0.0,0.0,1,0.130046,1,-8.315633
material_0710380_position_3_sensor_3,Textiles_Leather,60.2905,17.20250391660909,0.2440324020884395,0.0,0.0,0.0625,1,0.130411,1,-10.631818
material_0710380_position_4_sensor_1,Textiles_Leather,79.8367,18.695701897951487,0.0036125807419313,0.0,0.0,0.0,1,0.102888,1,-23.386225
material_0710380_position_4_sensor_2,Textiles_Leather,81.1803,22.69463414532346,0.0415696869893768,0.0,0.0,0.0,1,0.119203,1,-12.032263
material_0710380_position_4_sensor_3,Textiles_Leather,60.32,20.303958970595964,-0.0224672372855395,0.0,0.0625,0.0625,1,0.120689,1,-16.015402
material_0710390_position_1_sensor_1,Textiles_Leather,78.562,18.678722948202918,-0.0833356258084842,0.0,0.0,0.0,1,0.085466,1,-13.318753
material_0710390_position_1_sensor_2,Textiles_Leather,79.9768,22.112669783381985,-0.0994968915951802,0.0,0.0,0.0,1,0.102582,1,-10.737394
material_0710390_position_1_sensor_3,Textiles_Leather,77.882,17.783063836608065,-0.0986939641416481,0.0,0.0,0.0,1,0.024377,-1,-56.67145
material_0710390_position_2_sensor_1,Textiles_Leather,74.0615,18.767759312413357,-0.0546206134471997,0.0,0.0625,0.0,1,0.1234,1,-11.017813
material_0710390_position_2_sensor_2,Textiles_Leather,80.0054,21.74938204647507,-0.0865611596200996,0.0,0.0,0.0,1,0.119543,1,-7.084891
material_0710390_position_2_sensor_3,Textiles_Leather,72.6378,17.526477895366686,-0.1062019776986341,0.0,0.0625,0.0,1,0.10671,1,-15.597838
material_0710390_position_3_sensor_1,Textiles_Leather,58.9651,18.94983201260152,-0.0662658962673633,0.0,0.0625,0.0625,1,0.123575,1,-10.479378
material_0710390_position_3_sensor_2,Textiles_Leather,79.98,22.159791652435285,-0.1007388030407452,0.0,0.0,0.0,1,0.115445,1,-8.856376
material_0710390_position_3_sensor_3,Textiles_Leather,77.1385,17.391863316201157,-0.1335068199805955,0.0,0.0,0.0,1,0.09965,1,-16.392181
material_0710390_position_4_sensor_1,Textiles_Leather,74.3336,19.177833065883096,-0.050056519352533,0.0,0.0625,0.0,1,0.126348,1,-10.873655
material_0710390_position_4_sensor_2,Textiles_Leather,79.882,22.049678876684148,-0.1035312994664001,0.0,0.0,0.0,1,0.108774,1,-9.151629
material_0710390_position_4_sensor_3,Textiles_Leather,78.0371,17.82039932647878,-0.090071493310869,0.0,0.0,0.0,1,0.092923,1,-15.491963
material_0710390_position_5_sensor_1,Textiles_Leather,79.1027,18.84933448193224,-0.0545240709890722,0.0,0.0,0.0,1,0.132104,1,-5.541816
material_0710390_position_5_sensor_2,Textiles_Leather,79.832,22.011501233581917,-0.1055088624642603,0.0,0.0,0.0,1,0.113604,1,-8.867016
material_0710390_position_5_sensor_3,Textiles_Leather,77.5947,17.614066672826112,-0.1116023747063933,0.0,0.0,0.0,1,0.066509,1,-20.306045
material_0710510_position_1_sensor_1,Small_Items,78.5715,18.02455928533307,0.0626875734017551,0.0,0.0,0.0,1,0.0513,1,-36.407512
material_0710510_position_1_sensor_2,Small_Items,59.8193,21.33239933339115,-0.0855009781581895,0.0,0.0625,0.0625,1,0.11683,1,-11.15814
material_0710510_position_1_sensor_3,Small_Items,64.0423,17.136238103166864,-0.0058370018254722,0.0,0.0,0.0625,1,0.144351,1,-5.910036
material_0710510_position_2_sensor_1,Small_Items,79.8763,19.82277723379592,-0.0356524777879931,0.0,0.0,0.0,1,0.094228,1,-15.425402
material_0710510_position_2_sensor_2,Small_Items,61.2024,23.168398567577484,-0.0546972576465486,0.0,0.0625,0.0625,1,0.099692,1,-15.407019
material_0710510_position_2_sensor_3,Small_Items,78.9711,18.58450887964735,0.0546944332746086,0.0,0.0,0.0,1,0.125484,1,-10.653231
material_0710510_position_3_sensor_1,Small_Items,64.7267,19.432900010378063,-0.0331258967779804,0.0,0.0,0.0625,1,0.120098,1,-10.217662
material_0710510_position_3_sensor_2,Small_Items,59.6669,10.656948790299188,-0.0827245359732459,0.0,0.0,0.0625,-1,-0.089582,-1,-152.502681
material_0710510_position_3_sensor_3,Small_Items,79.4244,18.45452211526878,-0.0221788928462034,0.0,0.0,0.0,1,0.130218,1,-9.687849
material_0710510_position_4_sensor_1,Small_Items,59.8474,18.71414415414265,0.003504774305556,0.0,0.0625,0.0625,1,0.116637,1,-9.678418
material_0710510_position_4_sensor_2,Small_Items,54.9981,21.817360423657696,-0.0891044666564548,0.0,0.125,0.0625,1,0.118127,1,-9.462321
material_0710510_position_4_sensor_3,Small_Items,58.1208,17.27772439805165,-0.0681733366523709,0.0,0.0625,0.0625,1,0.132349,1,-8.008942
material_0710520_position_1_sensor_1,Small_Items,79.433,17.815827814730017,-0.0020628765829247,0.0,0.0,0.0,1,0.124879,1,-8.583991
material_0710520_position_1_sensor_2,Small_Items,70.9966,16.7549230774754,0.5006126461652339,0.0,0.0,0.0,1,0.135885,1,-6.564298
material_0710520_position_1_sensor_3,Small_Items,78.5334,18.546700221813392,0.0810853040109238,0.0,0.0,0.0,1,0.071531,1,-19.211499
material_0710520_position_2_sensor_1,Small_Items,79.0229,17.907434516438407,0.0306882675270571,0.0,0.0,0.0,1,0.12179,1,-8.928444
material_0710520_position_2_sensor_2,Small_Items,77.6756,19.46833580891833,0.1633277930964057,0.0,0.0,0.0,1,0.140002,1,-6.773525
material_0710520_position_2_sensor_3,Small_Items,79.0314,18.526644854581143,0.0491247734119679,0.0,0.0,0.0,1,0.080724,1,-16.654399
material_0710520_position_3_sensor_1,Small_Items,78.9016,18.496454618275397,-0.0563720575469774,0.0,0.0,0.0,1,0.114962,1,-13.399008
material_0710520_position_3_sensor_2,Small_Items,54.3732,8.83069602918637,-0.0452489947150733,0.0,0.0625,0.0625,-1,-0.07137,-1,-208.284061
material_0710520_position_3_sensor_3,Small_Items,79.395,20.50797248313051,-0.0869458789700766,0.0,0.0,0.0,1,0.087035,1,-17.106669
material_0710520_position_4_sensor_1,Small_Items,78.0309,17.911769987828897,0.0932631309359675,0.0,0.0,0.0,1,0.124607,1,-10.849504
material_0710520_position_4_sensor_2,Small_Items,77.4096,19.215621327184262,0.1723252080780244,0.0,0.0,0.0,1,0.140956,1,-6.91584
material_0710520_position_4_sensor_3,Small_Items,63.2239,18.373201494872728,0.0952521430121503,0.0,0.0,0.0625,1,0.097405,1,-13.764884
material_0710520_position_5_sensor_1,Small_Items,78.9429,18.23158178979647,-0.0456544229345391,0.0,0.0,0.0,1,0.109974,1,-14.220873
material_0710520_position_5_sensor_2,Small_Items,61.4674,22.07375445348893,-0.0044709648182192,0.0,0.0625,0.0625,1,0.129208,1,-9.618984
material_0710520_position_5_sensor_3,Small_Items,79.2085,19.555287280844563,-0.0694956517437733,0.0,0.0,0.0,1,0.088354,1,-16.674903
material_0710530_position_1_sensor_1,Small_Items,57.8952,19.46512119052981,-0.149405484068626,0.0,0.0625,0.0625,1,0.09019,1,-25.139937
material_0710530_position_1_sensor_2,Small_Items,54.609,22.51350648517668,-0.1349316805172602,0.0,0.125,0.0625,1,0.042941,1,-26.058399
material_0710530_position_1_sensor_3,Small_Items,76.3018,13.379437685190243,-0.0632324617672617,0.0,0.0,0.0,1,0.051165,1,-31.066557
material_0710530_position_2_sensor_1,Small_Items,58.1375,18.546327903795955,-0.1060001611647301,0.0,0.0625,0.0625,1,0.074784,1,-30.053818
material_0710530_position_2_sensor_2,Small_Items,57.1041,18.98120440644489,-0.1843736835554542,0.0,0.0625,0.0625,1,0.05892,1,-36.423704
material_0710530_position_2_sensor_3,Small_Items,50.6885,15.599835395812857,-0.169874735115403,0.0,0.125,0.0625,1,0.091425,1,-24.825512
material_0710530_position_3_sensor_1,Small_Items,64.2526,19.51639796159266,-0.0655259586907666,0.0,0.0,0.0625,1,0.059288,1,-25.788718
material_0710530_position_3_sensor_2,Small_Items,80.555,22.568948524171883,-0.0770771915211407,0.0,0.0,0.0,1,0.009096,-1,-64.19967
material_0710530_position_3_sensor_3,Small_Items,59.1687,17.58209420272348,-0.0115363849315777,0.0,0.0625,0.0625,1,0.095881,1,-16.640758
material_0710530_position_4_sensor_1,Small_Items,79.6635,20.191424738406877,-0.060344156901043,0.0,0.0,0.0,1,0.092145,1,-19.443335
material_0710530_position_4_sensor_2,Small_Items,55.9456,13.981128793492612,-0.1040897847094546,0.0,0.0625,0.0625,1,0.076644,1,-33.89197
material_0710530_position_4_sensor_3,Small_Items,63.6183,18.2508151753683,-0.0666767546211201,0.0,0.0,0.0625,1,0.13111,1,-12.133763
material_0710530_position_5_sensor_1,Small_Items,56.9993,17.986049930258776,-0.1604769039777406,0.0,0.0625,0.0625,1,0.107829,1,-19.867559
material_0710530_position_5_sensor_2,Small_Items,76.8898,18.71017243610856,-0.1895591793683638,0.0,0.0,0.0,1,0.085237,1,-27.073364
material_0710530_position_5_sensor_3,Small_Items,70.5614,15.891607460114406,-0.1868136871936285,0.0,0.0625,0.0,1,0.105341,1,-21.877986
material_0710550_position_1_sensor_1,Crafts,75.6424,13.163192017973676,0.0981133386948531,0.0,0.0,0.0,1,0.079847,1,-20.800198
material_0710550_position_1_sensor_2,Crafts,79.6585,21.84107106586477,0.1112094918045341,0.0,0.0,0.0,1,0.128897,1,-9.231063
material_0710550_position_1_sensor_3,Crafts,78.3749,19.44620995670441,0.1186299865323748,0.0,0.0,0.0,1,0.112237,1,-11.021965
material_0710550_position_2_sensor_1,Crafts,79.7163,18.585888083814936,-0.0078290127357348,0.0,0.0,0.0,1,0.088108,1,-12.229647
material_0710550_position_2_sensor_2,Crafts,81.5302,22.41547285272796,0.0109873860677068,0.0,0.0,0.0,1,0.128608,1,-8.590662
material_0710550_position_2_sensor_3,Crafts,79.0546,20.017956771427343,0.0933632461448116,0.0,0.0,0.0,1,0.106773,1,-9.897786
material_0710550_position_3_sensor_1,Crafts,78.3717,18.347167486268606,0.0851544947406038,0.0,0.0,0.0,1,0.105162,1,-11.618209
material_0710550_position_3_sensor_2,Crafts,59.7392,22.02230806640156,0.1116840070338023,0.0,0.0625,0.0625,1,0.119634,1,-8.377284
material_0710550_position_3_sensor_3,Crafts,78.2925,19.56627700756514,0.1274954730264494,0.0,0.0,0.0,1,0.112186,1,-10.855788
material_0710550_position_4_sensor_1,Crafts,58.1083,18.431510703342077,0.1043158381842303,0.0,0.0625,0.0625,1,0.117828,1,-12.877287
material_0710550_position_4_sensor_2,Crafts,59.736,22.05632245923164,0.1129240866268365,0.0,0.0625,0.0625,1,0.12446,1,-9.552225
material_0710550_position_4_sensor_3,Crafts,79.7693,20.11387943806912,0.0513101160386006,0.0,0.0,0.0,1,0.117275,1,-10.841504
material_0710550_position_5_sensor_1,Crafts,77.9362,18.19090774605415,0.1077806197023061,0.0,0.0,0.0,1,0.090252,1,-14.804675
material_0710550_position_5_sensor_2,Crafts,80.3373,22.060444898560192,0.0752034186070255,0.0,0.0,0.0,1,0.113412,1,-14.04206
material_0710550_position_5_sensor_3,Crafts,78.3861,19.491673710230835,0.1193170221864777,0.0,0.0,0.0,1,0.100871,1,-14.821756
material_0710570_position_1_sensor_1,Metal,61.3002,19.235384213582144,0.0020832296134585,0.0,0.0588235294117647,0.0588235294117647,1,0.102275,1,-15.585211
material_0710570_position_1_sensor_2,Metal,62.084,18.91940078393909,0.1837451315487111,0.0,0.0,0.0625,1,0.115554,1,-26.692572
material_0710570_position_1_sensor_3,Metal,73.8686,14.972306572267652,0.2652054068372124,0.0,0.0,0.0,1,0.102224,1,-24.773707
material_0710570_position_2_sensor_1,Metal,76.7406,17.514255331533995,0.1623049077052695,0.0,0.0,0.0,1,0.09927,1,-17.622709
material_0710570_position_2_sensor_2,Metal,76.6668,19.34159631059629,0.2229428950291039,0.0,0.0,0.0,1,0.100777,1,-14.73296
material_0710570_position_2_sensor_3,Metal,75.3385,15.917770883844517,0.2016481295317585,0.0,0.0,0.0,1,0.078874,1,-20.288481
material_0710570_position_3_sensor_1,Metal,79.2298,18.71189252506656,-0.0423131733813346,0.0,0.0,0.0,1,0.10873,1,-9.971518
material_0710570_position_3_sensor_2,Metal,81.6125,22.31851389628244,0.0028394208920545,0.0,0.0,0.0,1,0.120882,1,-11.621738
material_0710570_position_3_sensor_3,Metal,78.6392,17.917712945489505,-0.0551536889169736,0.0,0.0,0.0,1,0.105987,1,-15.07399
material_0710570_position_4_sensor_1,Metal,77.4903,18.07545354568405,0.1323074560227738,0.0,0.0,0.0,1,0.081842,1,-16.646151
material_0710570_position_4_sensor_2,Metal,72.4022,19.31774752166468,0.1759238951439962,0.0,0.0625,0.0,1,0.082143,-1,-39.802891
material_0710570_position_4_sensor_3,Metal,59.7585,15.154441346669593,0.2147697147543909,0.0,0.0,0.0625,1,0.097889,1,-25.35157
material_0710570_position_5_sensor_1,Metal,58.9678,18.23798211585762,0.0442806468290396,0.0,0.0625,0.0625,1,0.11753,1,-11.487249
material_0710570_position_5_sensor_2,Metal,80.2921,21.825576006548467,0.0708493237464212,0.0,0.0,0.0,1,0.121969,1,-13.6109
material_0710570_position_5_sensor_3,Metal,74.2724,17.70064327827744,0.0086431062985077,0.0,0.0625,0.0,1,0.101495,1,-16.06319
material_0710580_position_1_sensor_1,Textiles_Leather,73.89,19.06804944159375,0.0931308242698097,0.0,0.0588235294117647,0.0,1,0.0199,-1,-43.401719
material_0710580_position_1_sensor_2,Textiles_Leather,51.2925,19.579718860469864,0.2538022668377241,0.0,0.125,0.0625,1,0.130293,1,-9.425588
material_0710580_position_1_sensor_3,Textiles_Leather,72.8718,16.426367289755515,0.372507322623057,0.0,0.0,0.0,1,0.054841,1,-27.67853
material_0710580_position_2_sensor_1,Textiles_Leather,51.8781,16.13494351424104,0.111385992710885,0.0,0.125,0.0625,1,0.094028,1,-21.061785
material_0710580_position_2_sensor_2,Textiles_Leather,80.9002,22.05568051887344,0.0396201905892523,0.0,0.0,0.0,1,0.08106,1,-24.48698
material_0710580_position_2_sensor_3,Textiles_Leather,59.1821,20.54266425447772,0.1014123168147451,0.0,0.0625,0.0625,1,0.064977,1,-28.604049
material_0710580_position_3_sensor_1,Textiles_Leather,52.854,18.70964810125106,0.1288493077895211,0.0,0.125,0.0625,1,0.067021,1,-23.492279
material_0710580_position_3_sensor_2,Textiles_Leather,54.8232,21.57534287592718,0.0927000660615792,0.0,0.125,0.0625,1,0.095361,1,-20.185463
material_0710580_position_3_sensor_3,Textiles_Leather,63.1484,19.95689669568184,0.1485339690563715,0.0,0.0,0.0625,1,0.089825,1,-22.567923
material_0710580_position_4_sensor_1,Textiles_Leather,75.5547,14.499871821217772,0.144592462277879,0.0,0.0,0.0,1,0.084521,1,-19.751756
material_0710580_position_4_sensor_2,Textiles_Leather,59.2571,21.07970905716441,0.1131449940002038,0.0,0.0625,0.0625,1,0.12066,1,-9.416148
material_0710580_position_4_sensor_3,Textiles_Leather,51.4718,18.740308192182248,0.2167933804381091,0.0,0.125,0.0625,1,0.089799,1,-17.528866
material_0710590_position_1_sensor_1,Paper_Cardboard,59.6027,20.674421820217116,0.0789726897594962,0.0,0.0625,0.0625,1,0.126693,1,-14.999705
material_0710590_position_1_sensor_2,Paper_Cardboard,77.4666,20.844435115265384,0.2186475104038988,0.0,0.0,0.0,1,0.127241,1,-13.759036
material_0710590_position_1_sensor_3,Paper_Cardboard,74.7243,17.346184711663277,0.2840766617519403,0.0,0.0,0.0,1,0.103248,1,-19.583253
material_0710590_position_2_sensor_1,Paper_Cardboard,68.8858,11.49103207727618,0.1574490065231817,0.0,0.0625,0.0,1,0.11409,1,-14.98407
material_0710590_position_2_sensor_2,Paper_Cardboard,63.3662,21.138837787413426,0.171040460324755,0.0,0.0,0.0625,1,0.129787,1,-9.216959
material_0710590_position_2_sensor_3,Paper_Cardboard,73.2132,19.11085752565049,0.118530054827919,0.0,0.0625,0.0,1,0.130904,1,-11.20365
material_0710590_position_3_sensor_1,Paper_Cardboard,77.0151,17.96351027862088,0.158792049632351,0.0,0.0,0.0,1,0.124403,1,-8.793228
material_0710590_position_3_sensor_2,Paper_Cardboard,77.5578,20.372900834262943,0.1984596513735689,0.0,0.0,0.0,1,0.122053,1,-13.999721
material_0710590_position_3_sensor_3,Paper_Cardboard,73.7467,14.240971182807966,0.2504658889271847,0.0,0.0,0.0,1,0.059911,1,-37.804284
material_0710590_position_4_sensor_1,Paper_Cardboard,72.7364,18.32666152818791,0.1245180408752039,0.0,0.0625,0.0,-1,-0.055473,-1,-141.494904
material_0710590_position_4_sensor_2,Paper_Cardboard,78.0178,20.87169003688073,0.1847832813138277,0.0,0.0,0.0,1,0.119268,1,-10.949925
material_0710590_position_4_sensor_3,Paper_Cardboard,78.9743,19.263004854246525,0.0752832861008985,0.0,0.0,0.0,1,0.119551,1,-12.315696
material_0710590_position_5_sensor_1,Paper_Cardboard,75.2295,17.404132476715006,0.2540543364481202,0.0,0.0,0.0,1,0.127274,1,-7.183982
material_0710590_position_5_sensor_2,Paper_Cardboard,77.7037,20.36940481565245,0.1891663379544482,0.0,0.0,0.0,1,0.131711,1,-8.016182
material_0710590_position_5_sensor_3,Paper_Cardboard,76.0994,17.57465959024015,0.2045174648309844,0.0,0.0,0.0,1,0.129735,1,-10.350285
material_700860_position_1_sensor_1,Paper_Cardboard,57.6178,20.154376835570748,0.1879864573759168,0.0,0.0625,0.0625,1,0.087502,1,-18.191729
material_700860_position_1_sensor_2,Paper_Cardboard,58.0454,20.7498766665098,0.1793169519761027,0.0,0.0625,0.0625,1,0.097483,1,-12.885189
material_700860_position_1_sensor_3,Paper_Cardboard,56.7072,18.41562911801548,0.1920292426215263,0.0,0.0625,0.0625,1,0.111911,1,-10.887006
material_700860_position_2_sensor_1,Paper_Cardboard,65.2099,21.18404474892149,0.0563688916973016,0.0,0.0,0.0625,1,0.094102,1,-18.67904
material_700860_position_2_sensor_2,Paper_Cardboard,63.9517,21.65119420179096,0.1498863724851893,0.0,0.0,0.0625,1,0.116334,1,-10.997669
material_700860_position_2_sensor_3,Paper_Cardboard,79.5729,19.739021494373212,0.0521869941661539,0.0,0.0,0.0,1,0.116527,1,-11.377249
material_700860_position_3_sensor_1,Paper_Cardboard,56.4835,16.639094736472494,0.1516712223626447,0.0,0.0625,0.0625,1,0.108561,1,-13.35706
material_700860_position_3_sensor_2,Paper_Cardboard,78.4019,20.884029115109843,0.16098593558517,0.0,0.0,0.0,1,0.116909,1,-12.854087
material_700860_position_3_sensor_3,Paper_Cardboard,55.9737,6.718526291709253,0.1945247459660971,0.0,0.0,0.0625,-1,-0.044787,-1,-105.333698
material_700860_position_4_sensor_1,Paper_Cardboard,63.4549,20.27974781287277,0.1391347257327403,0.0,0.0,0.0625,1,0.106234,1,-16.525634
material_700860_position_4_sensor_2,Paper_Cardboard,78.4185,20.947539301819106,0.1618887357026133,0.0,0.0,0.0,1,0.122302,1,-10.511139
material_700860_position_4_sensor_3,Paper_Cardboard,54.4493,11.527552808533514,0.1230987508935844,0.0,0.0625,0.0625,1,0.111745,1,-11.385137
material_700860_position_5_sensor_1,Paper_Cardboard,77.5885,19.89490939808625,0.1818812072354972,0.0,0.0,0.0,1,0.116926,1,-13.587422
material_700860_position_5_sensor_2,Paper_Cardboard,78.532,21.04946312707863,0.1578628583920517,0.0,0.0,0.0,1,0.105484,1,-11.288635
material_700860_position_5_sensor_3,Paper_Cardboard,54.9951,15.011074564968473,0.1954791140088831,0.0,0.0625,0.0625,1,0.110174,1,-9.151796
material_700870_position_1_sensor_1,Paper_Cardboard,59.2021,19.35158744430625,0.1377164394403603,0.0,0.0588235294117647,0.0588235294117647,1,0.073638,1,-17.599865
material_700870_position_1_sensor_2,Paper_Cardboard,57.3647,19.83476190182004,0.1941249537249773,0.0,0.0625,0.0625,1,0.116247,1,-11.326267
material_700870_position_1_sensor_3,Paper_Cardboard,75.6578,17.19254445881965,0.2206088994842727,0.0,0.0,0.0,1,0.137391,1,-10.048525
material_700870_position_2_sensor_1,Paper_Cardboard,66.1136,21.725620409210645,0.0160740942861514,0.0,0.0,0.0625,-1,-0.040553,-1,-100.188037
material_700870_position_2_sensor_2,Paper_Cardboard,65.7036,22.508790301457147,0.0658801939721162,0.0,0.0,0.0625,1,0.120794,1,-15.031619
material_700870_position_2_sensor_3,Paper_Cardboard,65.8179,20.649356148791487,-0.0017099641288825,0.0,0.0,0.0625,1,0.133047,1,-10.195296
material_700870_position_3_sensor_1,Paper_Cardboard,57.7775,19.49612135942557,0.1577631979549626,0.0,0.0625,0.0625,1,0.103264,1,-14.784501
material_700870_position_3_sensor_2,Paper_Cardboard,71.8867,19.64473312864464,0.2183932690589244,0.0,0.0625,0.0,1,0.132655,1,-9.698297
material_700870_position_3_sensor_3,Paper_Cardboard,56.0297,17.17696030966598,0.1967223036024285,0.0,0.0625,0.0625,1,0.118679,1,-9.007509
material_700870_position_4_sensor_1,Paper_Cardboard,57.4466,19.44014619480768,0.1768758568857231,0.0,0.0625,0.0625,1,0.112706,1,-12.393714
material_700870_position_4_sensor_2,Paper_Cardboard,49.2289,13.83838819045156,0.2077796527139511,0.0,0.125,0.0625,1,0.111875,1,-18.332154
material_700870_position_4_sensor_3,Paper_Cardboard,52.4788,10.732168724421868,0.2227653329886611,0.0,0.0625,0.0625,-1,-0.00586,-1,-55.006142
material_700870_position_5_sensor_1,Paper_Cardboard,58.6352,20.069418713241987,0.1213372347962591,0.0,0.0625,0.0625,1,0.102137,1,-15.769677
material_700870_position_5_sensor_2,Paper_Cardboard,57.3379,20.044359331239217,0.2022320484834534,0.0,0.0625,0.0625,1,0.109303,1,-14.191444
material_700870_position_5_sensor_3,Paper_Cardboard,62.3979,18.307319705959312,0.1452329021777948,0.0,0.0,0.0625,1,0.117641,1,-10.493592
material_700920_position_1_sensor_1,Crafts,59.4068,18.178567831230414,0.0148303924759999,0.0,0.0625,0.0625,1,0.112478,1,-9.097041
material_700920_position_1_sensor_2,Crafts,66.1302,21.442608997515727,0.0063599478528376,0.0,0.0,0.0625,1,0.13951,1,-6.14993
material_700920_position_1_sensor_3,Crafts,78.0907,16.64273862691348,0.0506172321793245,0.0,0.0,0.0,1,0.117567,1,-14.817151
material_700920_position_2_sensor_1,Crafts,59.4095,18.260195768773883,0.0171601514629278,0.0,0.0625,0.0625,1,0.133781,1,-7.343615
material_700920_position_2_sensor_2,Crafts,60.9208,21.34698574816057,0.0166111733430338,0.0,0.0625,0.0625,1,0.133054,1,-7.801906
material_700920_position_2_sensor_3,Crafts,63.9931,18.56779247473584,0.0527973584941786,0.0,0.0,0.0625,1,0.136288,1,-8.633487
material_700920_position_3_sensor_1,Crafts,79.4459,18.33154954219948,0.0170528684129876,0.0,0.0,0.0,1,0.103374,1,-20.331306
material_700920_position_3_sensor_2,Crafts,60.9162,21.31596056087265,0.0159481703814322,0.0,0.0625,0.0625,1,0.129959,1,-8.931644
material_700920_position_3_sensor_3,Crafts,59.6559,18.81607992896317,0.0186793747446866,0.0,0.0625,0.0625,1,0.122166,1,-9.103607
material_700920_position_4_sensor_1,Crafts,64.3386,19.117342140461083,0.047887261284723,0.0,0.0,0.0625,1,0.120497,1,-14.193999
material_700920_position_4_sensor_2,Crafts,81.4607,22.24006691376025,0.0099924858940957,0.0,0.0,0.0,1,0.086442,1,-20.497159
material_700920_position_4_sensor_3,Crafts,79.8903,20.072672914671024,0.0424305140676043,0.0,0.0,0.0,1,0.113898,1,-12.552127
material_701440_position_1_sensor_1,Metal,100.0,60.0,0.0,0.0,0.0,0.0,1,0.022989,-1,-274.280726
material_701440_position_1_sensor_2,Metal,79.6199,19.916811170550854,-0.0546788928462008,0.0,0.0,0.0,1,0.139041,1,-6.710869
material_701440_position_1_sensor_3,Metal,63.7414,16.513440457366123,-0.0056921386718802,0.0,0.0,0.0625,1,0.141223,1,-7.987987
material_701440_position_10_sensor_1,Metal,79.045,17.76809970055876,0.0250273772594932,0.0,0.0,0.0,1,0.121054,1,-8.504644
material_701440_position_10_sensor_2,Metal,100.0,60.0,0.0,0.0,,,1,0.050238,-1,-250.202525
material_701440_position_10_sensor_3,Metal,100.0,60.0,0.0,0.0,,,1,0.061178,-1,-246.197835
material_701440_position_11_sensor_1,Metal,76.0018,20.606316417320304,0.0073312105332602,0.0,0.0588235294117647,0.0,1,0.097401,1,-12.4048
material_701440_position_11_sensor_2,Metal,65.1438,22.76242231774548,-0.1088941403058627,0.0,0.0,0.0625,1,0.125963,1,-12.237661
material_701440_position_11_sensor_3,Metal,81.0969,22.334210770132973,0.0357723636003878,0.0,0.0,0.0,1,0.122866,1,-15.806412
material_701440_position_12_sensor_1,Metal,72.2252,16.08321134857197,0.4026911982783544,0.0,0.0,0.0,1,0.103113,1,-14.389534
material_701440_position_12_sensor_2,Metal,59.8272,22.670137309496653,-0.1259921938827627,0.0,0.0625,0.0625,1,0.123962,1,-13.7035
material_701440_position_12_sensor_3,Metal,77.657,17.397402433795644,-0.1010373279845787,0.0,0.0,0.0,1,0.103732,1,-15.057873
material_701440_position_14_sensor_1,Metal,78.7484,17.735569547391698,0.0427014367596004,0.0,0.0,0.0,1,0.135987,1,-6.037203
material_701440_position_14_sensor_2,Metal,79.3097,19.816226936023767,-0.0711197980494313,0.0,0.0,0.0,1,0.127595,1,-10.783036
material_701440_position_14_sensor_3,Metal,56.2764,12.991006186446697,0.0529276290594367,0.0,0.0625,0.0625,1,0.098519,1,-19.239803
material_701440_position_15_sensor_1,Metal,63.575,18.739755511514467,0.0843864857792084,0.0,0.0,0.0625,1,0.102946,1,-18.431027
material_701440_position_15_sensor_2,Metal,80.5997,21.331418911945384,-0.0363476147620506,0.0,0.0,0.0,1,0.095258,1,-15.813132
material_701440_position_15_sensor_3,Metal,79.1575,17.73748342556477,0.0170073752808396,0.0,0.0,0.0,1,0.122715,1,-12.545848
material_701440_position_16_sensor_1,Metal,69.0878,14.542855235096608,0.5529870717167078,0.0,0.0,0.0,1,0.111834,1,-13.348883
material_701440_position_16_sensor_2,Metal,79.2371,20.269484103615294,-0.0895824924045182,0.0,0.0,0.0,1,0.127272,1,-9.259506
material_701440_position_16_sensor_3,Metal,78.4174,16.874216166025715,0.0371441722196672,0.0,0.0,0.0,1,0.130293,1,-9.678555
material_701440_position_17_sensor_1,Metal,79.0285,18.849745992869455,0.0592102752884975,0.0,0.0,0.0,1,0.097511,1,-19.47506
material_701440_position_17_sensor_2,Metal,81.4298,22.104607360574526,-0.0077817494510861,0.0,0.0,0.0,1,0.077594,1,-17.870968
material_701440_position_17_sensor_3,Metal,78.4327,17.767001340938087,0.0635323350694432,0.0,0.0,0.0,1,0.107556,1,-15.130569
material_701440_position_18_sensor_1,Metal,68.9282,14.570599906656428,0.5638866692835948,0.0,0.0,0.0,1,0.120748,1,-10.897489
material_701440_position_18_sensor_2,Metal,80.7135,20.95864645853371,0.0177582289751821,0.0,0.0,0.0,1,0.13578,1,-7.074
material_701440_position_18_sensor_3,Metal,78.5213,17.045728006207938,0.0358541124131928,0.0,0.0,0.0,1,0.099274,1,-18.815419
material_701440_position_2_sensor_1,Metal,75.9995,17.398271618362003,-0.2054036203022878,0.0,0.0,0.0,1,0.109045,1,-15.796495
material_701440_position_2_sensor_2,Metal,79.084,22.268497768934992,-0.1604680255565787,0.0,0.0,0.0,1,0.116867,1,-12.068202
material_701440_position_2_sensor_3,Metal,75.9995,17.398271618362003,-0.2054036203022878,0.0,0.0,0.0,1,0.10735,1,-15.617894
material_701440_position_3_sensor_1,Metal,62.0522,17.514928948671947,-0.1427104444316793,0.0,0.0,0.0625,1,0.119525,1,-13.077557
material_701440_position_3_sensor_2,Metal,65.0418,22.07838974975099,-0.0943561548968552,0.0,0.0,0.0625,1,0.121451,1,-10.655348
material_701440_position_3_sensor_3,Metal,77.0522,17.514928948671947,-0.1427104444316793,0.0,0.0,0.0,1,0.111029,1,-13.407601
material_701440_position_5_sensor_1,Metal,80.9915,22.412411520564007,-0.0448066049879188,0.0,0.0,0.0,1,0.058964,1,-26.489325
material_701440_position_5_sensor_2,Metal,80.8736,20.801947460394985,0.0028824327256935,0.0,0.0,0.0,1,0.086017,1,-18.353965
material_701440_position_5_sensor_3,Metal,61.5747,23.026934699715877,-0.0269230175142965,0.0,0.0625,0.0625,1,0.106463,1,-17.809532
material_701440_position_6_sensor_1,Metal,75.7677,18.69214615415701,-0.2596419324023002,0.0,0.0,0.0,1,0.055286,1,-21.982648
material_701440_position_6_sensor_2,Metal,80.2872,22.756323265851577,-0.0996757828456922,0.0,0.0,0.0,1,0.111468,1,-13.004108
material_701440_position_6_sensor_3,Metal,77.9954,17.645463568265956,-0.0873356502757362,0.0,0.0,0.0,1,0.110862,1,-13.248792
material_701440_position_7_sensor_1,Metal,79.1836,18.139086140234568,-0.0276669698478367,0.0,0.0,0.0,1,0.112042,1,-12.893812
material_701440_position_7_sensor_2,Metal,80.5064,20.212478343416244,0.0079333065257317,0.0,0.0,0.0,1,0.144202,1,-6.732752
material_701440_position_7_sensor_3,Metal,78.5472,16.39830290152861,0.0143878357332518,0.0,0.0,0.0,1,0.120316,1,-11.367624
material_701440_position_8_sensor_1,Metal,77.8649,14.639997518030476,0.0034573370906515,0.0,0.0,0.0,-1,-0.062978,-1,-123.529234
material_701440_position_8_sensor_2,Metal,80.6395,20.50823688415388,0.0086170837801265,0.0,0.0,0.0,1,0.123104,1,-12.1525
material_701440_position_8_sensor_3,Metal,78.0886,16.353328861036335,0.0418763467626639,0.0,0.0,0.0,1,0.120834,1,-9.60896
material_701440_position_9_sensor_1,Metal,78.1578,18.25357587515205,0.0957516052644988,0.0,0.0,0.0,1,0.122772,1,-10.344246
material_701440_position_9_sensor_2,Metal,65.8694,21.357816526646104,-0.020177435980903,0.0,0.0,0.0625,1,0.113579,1,-11.168546
material_701440_position_9_sensor_3,Metal,78.671,17.57616744400799,0.042690065870098,0.0,0.0,0.0,1,0.11295,1,-11.367152
material_701450_position_1_sensor_1,Metal,78.0922,17.751546431593486,0.084495337392767,0.0,0.0,0.0,1,0.11969,1,-9.704927
material_701450_position_1_sensor_2,Metal,80.0691,20.40136994053246,0.0412460155611696,0.0,0.0,0.0,1,0.135906,1,-6.634158
material_701450_position_1_sensor_3,Metal,76.4637,16.279602399841306,0.1419027937346807,0.0,0.0,0.0,1,0.111845,1,-12.936674
material_701450_position_10_sensor_1,Metal,78.8949,17.808875564518107,0.0357233519709955,0.0,0.0,0.0,1,0.121511,1,-10.703725
material_701450_position_10_sensor_2,Metal,80.3472,20.31308622083449,-0.0210394709967314,0.0,0.0,0.0,1,0.126767,1,-7.558806
material_701450_position_10_sensor_3,Metal,63.3626,17.069424099888014,0.046575184142666,0.0,0.0,0.0625,1,0.11769,1,-12.897157
material_701450_position_11_sensor_1,Metal,79.1476,18.169602738069933,-0.0308724181729981,0.0,0.0,0.0,1,0.117243,1,-12.665636
material_701450_position_11_sensor_2,Metal,80.8297,20.931059530675515,-0.0096005827461209,0.0,0.0,0.0,1,0.136305,1,-6.825592
material_701450_position_11_sensor_3,Metal,78.8963,17.352515893343508,-0.0216495672487748,0.0,0.0,0.0,1,0.118688,1,-15.410972
material_701450_position_12_sensor_1,Metal,78.3373,17.75278749187114,0.0691048927057794,0.0,0.0,0.0,1,0.135522,1,-8.915296
material_701450_position_12_sensor_2,Metal,65.0917,19.71703057324316,0.0188586345996716,0.0,0.0,0.0625,1,0.112682,1,-6.357209
material_701450_position_12_sensor_3,Metal,76.7984,16.07397711677583,0.1145325616574705,0.0,0.0,0.0,1,0.109973,1,-14.581973
material_701450_position_2_sensor_1,Metal,77.9344,17.96316381974002,0.1009109572865622,0.0,0.0,0.0,1,0.12832,1,-11.365748
material_701450_position_2_sensor_2,Metal,79.9559,19.94632836720067,0.0344290907118064,0.0,0.0,0.0,1,0.106842,1,-12.485382
material_701450_position_2_sensor_3,Metal,76.9622,16.28744436638818,0.1107620123570264,0.0,0.0,0.0,1,0.099322,1,-19.388665
material_701450_position_3_sensor_1,Metal,72.7761,17.722304676203702,0.1034998978758153,0.0,0.0625,0.0,1,0.119832,1,-12.709698
material_701450_position_3_sensor_2,Metal,80.232,20.05818830554269,0.0204783847783911,0.0,0.0,0.0,1,0.10772,1,-13.559057
material_701450_position_3_sensor_3,Metal,76.8916,16.306021174633734,0.1157759235855798,0.0,0.0,0.0,1,0.071606,1,-20.576344
material_701450_position_4_sensor_1,Metal,68.0292,15.726500730591644,0.341150076273999,0.0,0.0625,0.0,1,0.111564,1,-12.728401
material_701450_position_4_sensor_2,Metal,80.5845,20.14610551543801,-0.0009796884574174,0.0,0.0,0.0,1,0.144596,1,-5.621874
material_701450_position_4_sensor_3,Metal,58.0096,16.419708768796518,0.0488833869485269,0.0,0.0625,0.0625,1,0.105567,1,-15.053727
material_701450_position_5_sensor_1,Metal,77.925,18.38901236450308,0.1145542710248147,0.0,0.0,0.0,1,0.132336,1,-10.756045
material_701450_position_5_sensor_2,Metal,75.374,20.258888356629523,0.017687768075979,0.0,0.0625,0.0,1,0.117922,1,-9.994073
material_701450_position_5_sensor_3,Metal,76.5684,14.038633635701816,0.0666454184538395,0.0,0.0,0.0,1,0.107811,1,-14.396542
material_701450_position_6_sensor_1,Metal,100.0,60.0,0.0,0.0,0.0,0.0,-1,-0.024816,-1,-268.531855
material_701450_position_8_sensor_1,Metal,78.8434,17.100720361449323,0.0172632617825771,0.0,0.0,0.0,1,0.131119,1,-6.789209
material_701450_position_8_sensor_2,Metal,79.9005,18.750707220811798,0.0012837169372937,0.0,0.0,0.0,1,0.129221,1,-8.896741
material_701450_position_8_sensor_3,Metal,76.6269,14.909555327731375,0.0896473316865811,0.0,0.0,0.0,1,0.117344,1,-12.764405
material_701450_position_9_sensor_1,Metal,78.1823,17.57443652641588,0.0733980944265727,0.0,0.0,0.0,1,0.123935,1,-11.006644
material_701450_position_9_sensor_2,Metal,80.5908,20.424671761758976,-0.0091190464792681,0.0,0.0,0.0,1,0.134314,1,-6.14522
material_701450_position_9_sensor_3,Metal,77.5683,16.814021679661455,0.0887471931806564,0.0,0.0,0.0,1,0.110441,1,-10.825681
material_701880_position_1_sensor_1,Paper_Cardboard,52.8558,13.221122288071507,-0.0531276594839319,0.0,0.1176470588235294,0.0588235294117647,1,0.040512,1,-18.961608
material_701880_position_1_sensor_2,Paper_Cardboard,57.065,19.847613107667726,0.2133816875382956,0.0,0.0625,0.0625,1,0.136159,1,-11.021345
material_701880_position_1_sensor_3,Paper_Cardboard,55.2656,17.28802825475571,0.2482258412479563,0.0,0.0625,0.0625,1,0.100166,1,-14.242275
material_701880_position_2_sensor_1,Paper_Cardboard,74.6793,13.75093728094269,0.1767492739608858,0.0,0.0,0.0,1,0.099566,1,-19.824428
material_701880_position_2_sensor_2,Paper_Cardboard,72.6464,20.251521590006178,0.1891595546747344,0.0,0.0625,0.0,1,0.129908,1,-13.066655
material_701880_position_2_sensor_3,Paper_Cardboard,56.1797,17.679670034241425,0.2026851910360481,0.0,0.0625,0.0625,1,0.10475,1,-13.868984
material_701880_position_3_sensor_1,Paper_Cardboard,75.1151,13.913318141962506,0.1542868939568004,0.0,0.0,0.0,1,0.043743,1,-35.349665
material_701880_position_3_sensor_2,Paper_Cardboard,71.4414,16.128515189738685,0.138677053015217,0.0,0.0625,0.0,1,0.116117,1,-13.349626
material_701880_position_3_sensor_3,Paper_Cardboard,77.7423,19.32330104587105,0.1546807438470182,0.0,0.0,0.0,1,0.092513,1,-18.448233
material_701880_position_4_sensor_1,Paper_Cardboard,58.6018,20.11932106457433,0.1249718201082476,0.0,0.0625,0.0625,-1,-0.04181,-1,-88.333875
material_701880_position_4_sensor_2,Paper_Cardboard,74.1652,13.379031875298864,0.1977150846992425,0.0,0.0,0.0,1,0.073895,-1,-39.129984
material_701880_position_4_sensor_3,Paper_Cardboard,74.1693,14.841911068443633,0.2422769368489566,0.0,0.0,0.0,1,0.116908,1,-13.576296
material_701880_position_5_sensor_1,Paper_Cardboard,54.492,21.4341603628689,0.109221818512559,0.0,0.125,0.0625,1,0.079718,1,-20.08871
material_701880_position_5_sensor_2,Paper_Cardboard,53.7686,9.107679690412162,0.0917989318448717,0.0,0.0625,0.0625,-1,-0.005262,-1,-90.73813
material_701880_position_5_sensor_3,Paper_Cardboard,63.7553,19.842356876702404,0.1068194268918491,0.0,0.0,0.0625,1,0.077805,1,-21.485247
material_710320_position_1_sensor_1,Textiles_Leather,62.1165,19.854401576118,0.2103465616064142,0.0,0.0,0.0625,1,0.081039,1,-28.120197
material_710320_position_1_sensor_2,Textiles_Leather,51.9954,20.002402134875545,0.2225104358149503,0.0,0.125,0.0625,1,0.102924,1,-11.275447
material_710320_position_1_sensor_3,Textiles_Leather,59.1654,17.184516131162624,0.3143092591528776,0.0,0.0,0.0625,1,0.081725,1,-17.144878
material_710320_position_2_sensor_1,Textiles_Leather,63.4385,21.069691639998243,0.164370032615912,0.0,0.0,0.0625,1,0.112804,1,-18.337409
material_710320_position_2_sensor_2,Textiles_Leather,64.4097,21.68751018329661,0.1221647901348037,0.0,0.0,0.0625,-1,-0.031697,-1,-181.018765
material_710320_position_2_sensor_3,Textiles_Leather,56.7992,19.23030564519413,0.2111993974673185,0.0,0.0625,0.0625,1,0.091375,1,-14.150762
material_710320_position_3_sensor_1,Textiles_Leather,52.4017,20.004757539712013,0.197006207235496,0.0,0.125,0.0625,1,0.07368,1,-16.848602
material_710320_position_3_sensor_2,Textiles_Leather,77.045,20.10080499280203,0.2223982093162789,0.0,0.0,0.0,1,0.090147,1,-22.452105
material_710320_position_3_sensor_3,Textiles_Leather,59.3274,17.348617450546634,0.3091370538449748,0.0,0.0,0.0625,-1,-0.003923,-1,-81.119293
material_710320_position_4_sensor_1,Textiles_Leather,62.2082,20.09233632320587,0.2118695251863783,0.0,0.0,0.0625,1,0.093371,1,-16.730445
material_710320_position_4_sensor_2,Textiles_Leather,52.5586,20.43500064550852,0.2003111787683789,0.0,0.125,0.0625,1,0.097965,1,-12.535895
material_710320_position_4_sensor_3,Textiles_Leather,59.7377,17.748640134563956,0.2955650690614775,0.0,0.0,0.0625,1,0.105041,1,-15.04893
material_710320_position_5_sensor_1,Textiles_Leather,75.4297,18.712602998314846,0.2815472276475694,0.0,0.0,0.0,1,0.092016,1,-23.482741
material_710320_position_5_sensor_2,Textiles_Leather,55.0468,18.927401878807107,0.3122299708946052,0.0,0.0625,0.0625,1,0.117931,1,-11.746416
material_710320_position_5_sensor_3,Textiles_Leather,50.9995,14.882236370974669,0.4430503552006726,0.0,0.0625,0.0625,1,0.117119,1,-9.649958
