sequence_id,material,quality_score,snr,drift_slope,saturation_ratio,force_anomaly_ratio,spc_out_of_control_ratio
material_0700000_position_1_sensor_1,Plastic_Rubber,58.5168,16.870066136696373,0.104812705844053,0.0,0.058823529411764705,0.058823529411764705
material_0700000_position_1_sensor_2,Plastic_Rubber,81.0993,21.91377479358121,-0.02274384063521278,0.0,0.0,0.0
material_0700000_position_1_sensor_3,Plastic_Rubber,63.9382,17.520224329767352,-0.024154395807805103,0.0,0.0,0.0625
material_0700000_position_2_sensor_1,Plastic_Rubber,58.9597,18.071267998745714,-0.039683135786866656,0.0,0.0625,0.0625
material_0700000_position_2_sensor_2,Plastic_Rubber,64.8922,20.91059783205435,-0.06798863868464403,0.0,0.0,0.0625
material_0700000_position_2_sensor_3,Plastic_Rubber,78.6559,16.584438584222244,-0.013248562282988085,0.0,0.0,0.0
material_0700000_position_3_sensor_1,Plastic_Rubber,54.742,18.864155953805543,-0.014732493681067221,0.0,0.125,0.0625
material_0700000_position_3_sensor_2,Plastic_Rubber,75.6656,22.080753706511494,-0.05515763665492599,0.0,0.0625,0.0
material_0700000_position_3_sensor_3,Plastic_Rubber,54.3294,17.72190095235186,-0.0057085040722019255,0.0,0.125,0.0625
material_0700000_position_4_sensor_1,Plastic_Rubber,54.6881,18.687917131263422,0.012730352264603994,0.0,0.125,0.0625
material_0700000_position_4_sensor_2,Plastic_Rubber,70.7116,21.781585387762647,-0.04309748231975226,0.0,0.125,0.0
material_0700000_position_4_sensor_3,Plastic_Rubber,54.0306,17.339165900175757,0.012787546594156865,0.0,0.125,0.0625
material_0700010_position_1_sensor_1,Plastic_Rubber,78.9733,17.960728480179586,0.035442524828943646,0.0,0.0,0.0
material_0700010_position_1_sensor_2,Plastic_Rubber,59.8849,20.437894153905365,0.05396284754136089,0.0,0.0625,0.0625
material_0700010_position_1_sensor_3,Plastic_Rubber,61.0843,15.646882240251575,0.14639713062959311,0.0,0.0,0.0625
material_0700010_position_2_sensor_1,Plastic_Rubber,79.5849,18.78218103009344,-0.022112381280641157,0.0,0.0,0.0
material_0700010_position_2_sensor_2,Plastic_Rubber,60.1927,21.69846329608434,-0.07321514214409883,0.0,0.0625,0.0625
material_0700010_position_2_sensor_3,Plastic_Rubber,75.1294,16.74382292888218,-0.24012229690053102,0.0,0.0,0.0
material_0700010_position_3_sensor_1,Plastic_Rubber,57.4621,18.028102462266016,0.13263283962673497,0.0,0.0625,0.0625
material_0700010_position_3_sensor_2,Plastic_Rubber,79.8709,20.242872206833546,0.04886613913143289,0.0,0.0,0.0
material_0700010_position_3_sensor_3,Plastic_Rubber,61.33,15.585492813789694,0.12905051317401792,0.0,0.0,0.0625
material_0700010_position_4_sensor_1,Plastic_Rubber,57.5348,17.947244227624548,0.1255779542611308,0.0,0.0625,0.0625
material_0700010_position_4_sensor_2,Plastic_Rubber,59.8862,20.0057438376176,0.0406358730341087,0.0,0.0625,0.0625
material_0700010_position_4_sensor_3,Plastic_Rubber,55.4193,15.406672260070998,0.1809001081878043,0.0,0.0625,0.0625
material_0700030_position_1_sensor_1,Plastic_Rubber,75.3761,18.33241078788789,0.27326873021343867,0.0,0.0,0.0
material_0700030_position_1_sensor_2,Plastic_Rubber,57.2586,15.723430134917209,0.3895694635927272,0.0,0.0,0.0625
material_0700030_position_1_sensor_3,Plastic_Rubber,57.3852,14.67669894247129,0.034783059512866976,0.0,0.0625,0.0625
material_0700030_position_2_sensor_1,Plastic_Rubber,56.4551,22.187989898349567,-0.008749085669426369,0.0,0.125,0.0625
material_0700030_position_2_sensor_2,Plastic_Rubber,60.7562,22.21233879150835,0.05348424734477028,0.0,0.0625,0.0625
material_0700030_position_2_sensor_3,Plastic_Rubber,80.534,20.536694825219215,0.016128853592216663,0.0,0.0,0.0
material_0700030_position_3_sensor_1,Plastic_Rubber,64.6333,21.201817293623183,0.09320816419015233,0.0,0.0,0.0625
material_0700030_position_3_sensor_2,Plastic_Rubber,64.268,21.748173671654282,0.13294565238204767,0.0,0.0,0.0625
material_0700030_position_3_sensor_3,Plastic_Rubber,59.4686,19.743075355634712,0.058875757952920264,0.0,0.0625,0.0625
material_0700030_position_4_sensor_1,Plastic_Rubber,80.5369,21.716419939736333,0.05209626480800347,0.0,0.0,0.0
material_0700030_position_4_sensor_2,Plastic_Rubber,61.0794,22.56108356955973,0.04382942070057242,0.0,0.0625,0.0625
material_0700030_position_4_sensor_3,Plastic_Rubber,65.641,20.66944180804251,-0.01346129972171357,0.0,0.0,0.0625
material_0700050_position_1_sensor_1,Plastic_Rubber,60.1351,17.653733796506916,0.02695720198887011,0.0,0.058823529411764705,0.058823529411764705
material_0700050_position_1_sensor_2,Plastic_Rubber,80.3092,19.840481343790806,0.008944211473650076,0.0,0.0,0.0
material_0700050_position_1_sensor_3,Plastic_Rubber,76.6481,17.36561746013826,0.16357157788245244,0.0,0.0,0.0
material_0700050_position_2_sensor_1,Plastic_Rubber,63.1135,15.573833028938793,0.016423769084453334,0.0,0.0,0.0625
material_0700050_position_2_sensor_2,Plastic_Rubber,49.0117,12.712546996446395,0.5016975033828608,0.0,0.0625,0.0625
material_0700050_position_2_sensor_3,Plastic_Rubber,60.0978,20.131358128505447,0.03116657252093454,0.0,0.0625,0.0625
material_0700050_position_3_sensor_1,Plastic_Rubber,61.0723,21.93759176076524,0.0251730302798221,0.0,0.0625,0.0625
material_0700050_position_3_sensor_2,Plastic_Rubber,61.3398,22.08626525664649,-0.012888667087932631,0.0,0.0625,0.0625
material_0700050_position_3_sensor_3,Plastic_Rubber,74.9588,20.233914863321942,0.04305802089716144,0.0,0.0625,0.0
material_0700050_position_4_sensor_1,Plastic_Rubber,45.1062,13.250999838357396,0.7640389476102922,0.0,0.0625,0.0625
material_0700050_position_4_sensor_2,Plastic_Rubber,65.362,19.91444842394693,0.007891116472629255,0.0,0.0,0.0625
material_0700050_position_4_sensor_3,Plastic_Rubber,61.5971,17.446231557401507,0.16925191801981004,0.0,0.0,0.0625
material_0700050_position_5_sensor_1,Plastic_Rubber,80.9714,21.844526976148344,0.02867000485089734,0.0,0.0,0.0
material_0700050_position_5_sensor_2,Plastic_Rubber,59.6864,18.00415549932496,0.30662433778849996,0.0,0.0,0.0625
material_0700050_position_5_sensor_3,Plastic_Rubber,59.8027,19.944180389958042,0.04401018688724927,0.0,0.0625,0.0625
material_0700060_position_1_sensor_1,Plastic_Rubber,64.6367,18.09347891328196,-0.05329085871545232,0.0,0.0,0.058823529411764705
material_0700060_position_1_sensor_2,Plastic_Rubber,65.3336,21.38539944620865,-0.05474972873264045,0.0,0.0,0.0625
material_0700060_position_1_sensor_3,Plastic_Rubber,77.1767,16.72976003368792,-0.11081753919015667,0.0,0.0,0.0
material_0700060_position_2_sensor_1,Plastic_Rubber,78.9291,19.07813273869096,-0.07246535437091582,0.0,0.0,0.0
material_0700060_position_2_sensor_2,Plastic_Rubber,77.4314,19.353337994825132,0.1751717377706285,0.0,0.0,0.0
material_0700060_position_2_sensor_3,Plastic_Rubber,77.4048,16.97042248676904,-0.10382864519505804,0.0,0.0,0.0
material_0700060_position_3_sensor_1,Plastic_Rubber,76.5182,18.635007637029563,-0.21064711467269337,0.0,0.0,0.0
material_0700060_position_3_sensor_2,Plastic_Rubber,77.5944,21.1930499751158,-0.22128742532169104,0.0,0.0,0.0
material_0700060_position_3_sensor_3,Plastic_Rubber,53.0953,16.232223849174904,-0.35248948440053046,0.0,0.0625,0.0625
material_0700060_position_4_sensor_1,Plastic_Rubber,55.2399,18.38934978380204,-0.28358810285181857,0.0,0.0625,0.0625
material_0700060_position_4_sensor_2,Plastic_Rubber,56.825,8.763147086870651,-0.2035835838567191,0.0,0.0,0.0625
material_0700060_position_4_sensor_3,Plastic_Rubber,51.2789,11.670986079818919,-0.32706596903084406,0.0,0.0625,0.0625
material_0700070_position_1_sensor_1,Plastic_Rubber,65.3387,17.926519350786315,0.0039850824227238195,0.0,0.0,0.058823529411764705
material_0700070_position_1_sensor_2,Plastic_Rubber,63.6333,16.449998040934467,0.010555044934641154,0.0,0.0,0.0625
material_0700070_position_1_sensor_3,Plastic_Rubber,100.0,60.0,0.0,0.0,,
material_0700070_position_2_sensor_1,Plastic_Rubber,61.8563,16.246007560997946,-0.17170217875562038,0.0,0.0,0.058823529411764705
material_0700070_position_2_sensor_2,Plastic_Rubber,59.1261,18.690097722577264,0.36291580180249083,0.0,0.0,0.0625
material_0700070_position_2_sensor_3,Plastic_Rubber,62.8122,17.360765072797953,-0.09014872153288443,0.0,0.0,0.0625
material_0700070_position_3_sensor_1,Plastic_Rubber,77.5567,17.852740349334052,0.12130541832618409,0.0,0.0,0.0
material_0700070_position_3_sensor_2,Plastic_Rubber,59.9731,20.869889069718273,0.061648557176775226,0.0,0.0625,0.0625
material_0700070_position_3_sensor_3,Plastic_Rubber,52.5853,9.425287949299465,0.17601269052542898,0.0,0.0625,0.0625
material_0700070_position_4_sensor_1,Plastic_Rubber,39.1803,11.185057816676613,0.759019891876021,0.0,0.125,0.0625
material_0700070_position_4_sensor_2,Plastic_Rubber,59.4334,20.42825727632668,0.08209131816789134,0.0,0.0625,0.0625
material_0700070_position_4_sensor_3,Plastic_Rubber,76.7281,17.41091692156792,0.15992681685304272,0.0,0.0,0.0
material_0700070_position_5_sensor_1,Plastic_Rubber,78.7177,19.313360315344767,0.09297970281862547,0.0,0.0,0.0
material_0700070_position_5_sensor_2,Plastic_Rubber,66.2003,22.317736847974118,-0.028759116179023696,0.0,0.0,0.0625
material_0700070_position_5_sensor_3,Plastic_Rubber,79.8053,20.549097741118057,0.0623801556755487,0.0,0.0,0.0
material_0700070_position_6_sensor_1,Plastic_Rubber,70.3062,13.443310971882418,0.12786122440512496,0.0,0.0625,0.0
material_0700070_position_6_sensor_2,Plastic_Rubber,60.6978,21.762569516610863,-0.043380012063420494,0.0,0.0625,0.0625
material_0700070_position_6_sensor_3,Plastic_Rubber,60.1297,20.258393625495636,0.03305119134242239,0.0,0.0625,0.0625
material_0700070_position_7_sensor_1,Plastic_Rubber,59.6742,19.231527766053592,0.030261123557492525,0.0,0.0625,0.0625
material_0700070_position_7_sensor_2,Plastic_Rubber,80.8207,21.81975240876367,-0.037396650326798384,0.0,0.0,0.0
material_0700070_position_7_sensor_3,Plastic_Rubber,58.922,19.844800266479986,0.09639947789011391,0.0,0.0625,0.0625
material_0700080_position_1_sensor_1,Plastic_Rubber,57.1332,15.1598808321842,0.06544855813418946,0.0,0.0625,0.0625
material_0700080_position_1_sensor_2,Plastic_Rubber,55.6543,20.652069634919975,0.012094654756431593,0.0,0.125,0.0625
material_0700080_position_1_sensor_3,Plastic_Rubber,77.6614,16.48465630639976,0.07279410169015522,0.0,0.0,0.0
material_0700080_position_2_sensor_1,Plastic_Rubber,58.2586,18.27067663049435,0.08993034492442759,0.0,0.0625,0.0625
material_0700080_position_2_sensor_2,Plastic_Rubber,60.4566,20.643830551151858,0.02428506369995622,0.0,0.0625,0.0625
material_0700080_position_2_sensor_3,Plastic_Rubber,77.2157,16.214947433926685,0.09258613696129615,0.0,0.0,0.0
material_0700080_position_3_sensor_1,Plastic_Rubber,57.9878,16.741377504043953,0.06011596360549366,0.0,0.0625,0.0625
material_0700080_position_3_sensor_2,Plastic_Rubber,66.0869,21.169647768526787,-0.0007211977890132836,0.0,0.0,0.0625
material_0700080_position_3_sensor_3,Plastic_Rubber,55.7101,11.3763825956588,0.0391017938750995,0.0,0.0625,0.0625
material_0700080_position_4_sensor_1,Plastic_Rubber,57.8069,7.391924084104701,0.09976074218749961,0.0,0.0,0.0625
material_0700080_position_4_sensor_2,Plastic_Rubber,57.9375,15.81600787936644,0.034927908305247286,0.0,0.0625,0.0625
material_0700080_position_4_sensor_3,Plastic_Rubber,62.7935,18.17614319226348,0.11630797781351876,0.0,0.0,0.0625
material_0700080_position_5_sensor_1,Plastic_Rubber,60.1668,19.966192896426048,0.021762928283289604,0.0,0.0625,0.0625
material_0700080_position_5_sensor_2,Plastic_Rubber,76.0215,22.468385162227122,-0.044632274752349065,0.0,0.0625,0.0
material_0700080_position_5_sensor_3,Plastic_Rubber,81.2007,21.419740602364293,0.0012194201899505357,0.0,0.0,0.0
material_0700090_position_1_sensor_1,Plastic_Rubber,59.2313,18.037324849364545,0.021548788232741117,0.0,0.0625,0.0625
material_0700090_position_1_sensor_2,Plastic_Rubber,80.5711,20.756792362965548,0.020538671555859513,0.0,0.0,0.0
material_0700090_position_1_sensor_3,Plastic_Rubber,58.3597,18.420338223417613,0.0881469997829863,0.0,0.0625,0.0625
material_0700090_position_2_sensor_1,Plastic_Rubber,58.6159,18.138633843092972,0.0633881804023702,0.0,0.0625,0.0625
material_0700090_position_2_sensor_2,Plastic_Rubber,60.8957,21.003923376723424,0.007677306729981827,0.0,0.0625,0.0625
material_0700090_position_2_sensor_3,Plastic_Rubber,79.1713,19.064983848322157,0.05681316061580857,0.0,0.0,0.0
material_0700090_position_3_sensor_1,Plastic_Rubber,64.4484,18.91265521553271,0.034703618068320535,0.0,0.0,0.0625
material_0700090_position_3_sensor_2,Plastic_Rubber,80.9179,21.492855426351944,-0.021259331597223003,0.0,0.0,0.0
material_0700090_position_3_sensor_3,Plastic_Rubber,53.8183,17.45235605415094,0.029618448095381646,0.0,0.125,0.0625
material_0700090_position_4_sensor_1,Plastic_Rubber,79.9699,19.285272064719702,0.0132939421211164,0.0,0.0,0.0
material_0700090_position_4_sensor_2,Plastic_Rubber,59.2462,18.352888461803502,-0.03028078724979687,0.0,0.0625,0.0625
material_0700090_position_4_sensor_3,Plastic_Rubber,54.4059,17.848309718537966,0.004765060125611145,0.0,0.125,0.0625
material_0700090_position_5_sensor_1,Plastic_Rubber,80.4505,19.92326124549091,0.0025886629391309256,0.0,0.0,0.0
material_0700090_position_5_sensor_2,Plastic_Rubber,57.2982,15.565960489188974,-0.06750831035539469,0.0,0.0625,0.0625
material_0700090_position_5_sensor_3,Plastic_Rubber,64.4811,18.531203459711183,0.020956994549121245,0.0,0.0,0.0625
material_0700100_position_1_sensor_1,Plastic_Rubber,79.2808,18.283174691113615,-0.025961966720284817,0.0,0.0,0.0
material_0700100_position_1_sensor_2,Plastic_Rubber,55.2907,9.709984584926802,-0.014440946691177787,0.0,0.0625,0.0625
material_0700100_position_1_sensor_3,Plastic_Rubber,57.9796,15.610130178371955,0.025968643088744848,0.0,0.0625,0.0625
material_0700100_position_2_sensor_1,Plastic_Rubber,79.1933,18.476796391663143,-0.037409002565870264,0.0,0.0,0.0
material_0700100_position_2_sensor_2,Plastic_Rubber,57.1395,14.05379920935587,-0.031160548789828758,0.0,0.0625,0.0625
material_0700100_position_2_sensor_3,Plastic_Rubber,78.7308,16.666145429791698,-0.011035030190465015,0.0,0.0,0.0
material_0700100_position_3_sensor_1,Plastic_Rubber,59.7493,18.426291383643914,-0.0008572623059646098,0.0,0.0625,0.0625
material_0700100_position_3_sensor_2,Plastic_Rubber,55.6879,21.369605882748242,-0.03196431717218447,0.0,0.125,0.0625
material_0700100_position_3_sensor_3,Plastic_Rubber,57.9584,16.556306191206325,0.056296396292892,0.0,0.0625,0.0625
material_0700100_position_4_sensor_1,Plastic_Rubber,74.1317,18.022459436821695,0.027363643471711947,0.0,0.0625,0.0
material_0700100_position_4_sensor_2,Plastic_Rubber,52.6611,14.276191521604423,0.005140056934229138,0.0,0.125,0.0625
material_0700100_position_4_sensor_3,Plastic_Rubber,77.4665,13.749852928628226,-0.0012605858098468528,0.0,0.0,0.0
material_0700100_position_5_sensor_1,Plastic_Rubber,61.5649,12.447702239620657,-0.018117769926982382,0.0,0.0,0.0625
material_0700100_position_5_sensor_2,Plastic_Rubber,65.6773,21.676693126091884,-0.04204369957618611,0.0,0.0,0.0625
material_0700100_position_5_sensor_3,Plastic_Rubber,61.9619,17.057962682359822,-0.13439217920241336,0.0,0.0,0.0625
material_0700120_position_1_sensor_1,Plastic_Rubber,62.5493,16.001472430693116,0.12058971928615175,0.0,0.0,0.058823529411764705
material_0700120_position_1_sensor_2,Plastic_Rubber,70.6418,21.024942806012067,0.024306225745505002,0.0,0.125,0.0
material_0700120_position_1_sensor_3,Plastic_Rubber,61.8539,18.496311091753654,0.18526772014144002,0.0,0.0,0.0625
material_0700120_position_2_sensor_1,Plastic_Rubber,63.8645,18.70102809051753,0.06497365036509078,0.0,0.0,0.0625
material_0700120_position_2_sensor_2,Plastic_Rubber,60.2186,21.593400498513603,0.06836103292228181,0.0,0.0625,0.0625
material_0700120_position_2_sensor_3,Plastic_Rubber,80.091,19.747509601295285,-0.019832345601001684,0.0,0.0,0.0
material_0700120_position_3_sensor_1,Plastic_Rubber,58.732,20.601853360257465,0.13155697252859364,0.0,0.0625,0.0625
material_0700120_position_3_sensor_2,Plastic_Rubber,59.6743,20.9011381522776,0.08141382633782547,0.0,0.0625,0.0625
material_0700120_position_3_sensor_3,Plastic_Rubber,62.5061,18.685410999337506,0.1500028738383354,0.0,0.0,0.0625
material_0700120_position_4_sensor_1,Plastic_Rubber,63.6113,19.64179065585214,0.10973804668351723,0.0,0.0,0.0625
material_0700120_position_4_sensor_2,Plastic_Rubber,63.9372,20.281445007142224,0.10882365387561237,0.0,0.0,0.0625
material_0700120_position_4_sensor_3,Plastic_Rubber,56.0041,17.280424497463134,0.20149954841962842,0.0,0.0625,0.0625
material_0700120_position_5_sensor_1,Plastic_Rubber,59.1486,21.017131352679947,0.11806009529462551,0.0,0.0625,0.0625
material_0700120_position_5_sensor_2,Plastic_Rubber,60.8749,21.57309211407172,0.026428340737336544,0.0,0.0625,0.0625
material_0700120_position_5_sensor_3,Plastic_Rubber,76.6484,18.27358821791183,0.19137912964664752,0.0,0.0,0.0
material_0700140_position_1_sensor_1,Plastic_Rubber,73.2549,19.324807120908865,0.14097793745319231,0.0,0.058823529411764705,0.0
material_0700140_position_1_sensor_2,Plastic_Rubber,77.0199,18.87316437647504,0.18636187544679184,0.0,0.0,0.0
material_0700140_position_1_sensor_3,Plastic_Rubber,74.4685,15.319200650482468,0.23807148852379367,0.0,0.0,0.0
material_0700140_position_2_sensor_1,Plastic_Rubber,77.5439,19.385755493935527,0.16908447265624985,0.0,0.0,0.0
material_0700140_position_2_sensor_2,Plastic_Rubber,61.0473,19.372818262533777,0.26289554770476004,0.0,0.0,0.0625
material_0700140_position_2_sensor_3,Plastic_Rubber,73.4144,14.940369874724084,0.292818389693114,0.0,0.0,0.0
material_0700140_position_3_sensor_1,Plastic_Rubber,79.8199,21.216969110588604,0.08192337494893517,0.0,0.0,0.0
material_0700140_position_3_sensor_2,Plastic_Rubber,79.8985,21.791709825378614,0.09458746138428954,0.0,0.0,0.0
material_0700140_position_3_sensor_3,Plastic_Rubber,78.8338,17.480927495978577,0.029519802517357606,0.0,0.0,0.0
material_0700140_position_4_sensor_1,Plastic_Rubber,76.0817,19.164316643076976,0.2543410437091474,0.0,0.0,0.0
material_0700140_position_4_sensor_2,Plastic_Rubber,75.9863,19.511191394545314,0.2709754582822692,0.0,0.0,0.0
material_0700140_position_4_sensor_3,Plastic_Rubber,65.4606,11.969613197251851,0.38772776884191085,0.0,0.0625,0.0
material_0700140_position_5_sensor_1,Plastic_Rubber,74.9617,17.035819551825615,0.2596255201950552,0.0,0.0,0.0
material_0700140_position_5_sensor_2,Plastic_Rubber,75.7389,19.505303366874923,0.2863725569980586,0.0,0.0,0.0
material_0700140_position_5_sensor_3,Plastic_Rubber,73.6119,15.242748131023207,0.28964744976766715,0.0,0.0,0.0
material_0700140_position_6_sensor_1,Plastic_Rubber,54.0657,18.42282352929654,0.04378560783037033,0.0,0.125,0.0625
material_0700140_position_6_sensor_2,Plastic_Rubber,81.4344,22.187536697571648,-0.01003282813776663,0.0,0.0,0.0
material_0700140_position_6_sensor_3,Plastic_Rubber,78.0482,17.489637598684165,-0.07924198006025347,0.0,0.0,0.0
material_0700160_position_1_sensor_1,Plastic_Rubber,76.8695,19.32957117604448,0.20981858330354838,0.0,0.0,0.0
material_0700160_position_1_sensor_2,Plastic_Rubber,77.2751,20.086075310044947,0.20746693889144102,0.0,0.0,0.0
material_0700160_position_1_sensor_3,Plastic_Rubber,57.8028,16.034359367631502,0.3648375762739986,0.0,0.0,0.0625
material_0700160_position_2_sensor_1,Plastic_Rubber,60.5155,19.092908955734654,0.2877955043019794,0.0,0.0,0.0625
material_0700160_position_2_sensor_2,Plastic_Rubber,54.9589,19.14874248264951,0.3245428171594165,0.0,0.0625,0.0625
material_0700160_position_2_sensor_3,Plastic_Rubber,53.1764,16.42587025527162,0.3533183482051645,0.0,0.0625,0.0625
material_0700160_position_3_sensor_1,Plastic_Rubber,51.1787,19.3417392726724,0.25367565997752983,0.0,0.125,0.0625
material_0700160_position_3_sensor_2,Plastic_Rubber,71.1124,19.51140450172263,0.26304542132608055,0.0,0.0625,0.0
material_0700160_position_3_sensor_3,Plastic_Rubber,66.9444,15.633011391405159,0.4065743942759365,0.0,0.0625,0.0
material_0700160_position_4_sensor_1,Plastic_Rubber,57.2102,20.120845722160688,0.21261886137918398,0.0,0.0625,0.0625
material_0700160_position_4_sensor_2,Plastic_Rubber,62.52,20.168592358610184,0.19457895156760488,0.0,0.0,0.0625
material_0700160_position_4_sensor_3,Plastic_Rubber,54.6231,17.23492462750639,0.28704294321895063,0.0,0.0625,0.0625
material_0700170_position_1_sensor_1,Plastic_Rubber,78.592,18.050740035162192,-0.06220349998723519,0.0,0.0,0.0
material_0700170_position_1_sensor_2,Plastic_Rubber,60.9156,21.05215571641901,0.007902889476100582,0.0,0.0625,0.0625
material_0700170_position_1_sensor_3,Plastic_Rubber,57.2897,16.246864093085744,0.08890552236519479,0.0,0.0625,0.0625
material_0700170_position_2_sensor_1,Plastic_Rubber,59.2924,18.503848059202944,0.03199501346762862,0.0,0.0625,0.0625
material_0700170_position_2_sensor_2,Plastic_Rubber,81.1369,21.703558636941594,-0.013934043734682414,0.0,0.0,0.0
material_0700170_position_2_sensor_3,Plastic_Rubber,58.7991,17.083758244962375,-0.019534714243771997,0.0,0.0625,0.0625
material_0700170_position_3_sensor_1,Plastic_Rubber,78.4641,18.0279038354334,0.06955042700673962,0.0,0.0,0.0
material_0700170_position_3_sensor_2,Plastic_Rubber,56.2227,11.249538059650426,-0.0029449263429355437,0.0,0.0625,0.0625
material_0700170_position_3_sensor_3,Plastic_Rubber,77.2128,16.234832376098097,0.09337667228349657,0.0,0.0,0.0
material_0700170_position_4_sensor_1,Plastic_Rubber,54.4047,18.795476439844432,-0.03386649497038735,0.0,0.125,0.0625
material_0700170_position_4_sensor_2,Plastic_Rubber,76.2498,13.927336350568867,-0.08329052096098931,0.0,0.0,0.0
material_0700170_position_4_sensor_3,Plastic_Rubber,61.3356,13.889963014829213,-0.07674254972171028,0.0,0.0,0.0625
material_0700170_position_5_sensor_1,Plastic_Rubber,79.7055,18.98861139771142,-0.02084718232996536,0.0,0.0,0.0
material_0700170_position_5_sensor_2,Plastic_Rubber,76.0724,11.070354565221008,-0.0069178235421775355,0.0,0.0,0.0
material_0700170_position_5_sensor_3,Plastic_Rubber,58.124,17.3384480278617,-0.06983550347222256,0.0,0.0625,0.0625
material_0700180_position_1_sensor_1,Plastic_Rubber,79.7784,19.15070351864763,-0.021221508948632617,0.0,0.0,0.0
material_0700180_position_1_sensor_2,Plastic_Rubber,53.9464,20.069721779370006,0.10175604766646099,0.0,0.125,0.0625
material_0700180_position_1_sensor_3,Plastic_Rubber,55.2599,17.197261870636673,0.24579840047998425,0.0,0.0625,0.0625
material_0700180_position_2_sensor_1,Plastic_Rubber,51.9338,17.560162978465563,0.15154898131127498,0.0,0.125,0.0625
material_0700180_position_2_sensor_2,Plastic_Rubber,53.696,20.40231806953426,0.12771140822865434,0.0,0.125,0.0625
material_0700180_position_2_sensor_3,Plastic_Rubber,55.22,17.495313171378715,0.25744463752297897,0.0,0.0625,0.0625
material_0700180_position_3_sensor_1,Plastic_Rubber,55.6882,16.673967025011482,0.2028066007327408,0.0,0.0625,0.0625
material_0700180_position_3_sensor_2,Plastic_Rubber,56.4296,19.11280244134845,0.23086561734068417,0.0,0.0625,0.0625
material_0700180_position_3_sensor_3,Plastic_Rubber,55.0484,16.49560388269536,0.2376152997983053,0.0,0.0625,0.0625
material_0700180_position_4_sensor_1,Plastic_Rubber,51.4078,17.356788366815422,0.17843262516594802,0.0,0.125,0.0625
material_0700180_position_4_sensor_2,Plastic_Rubber,57.575,19.895763780719072,0.1827541679432168,0.0,0.0625,0.0625
material_0700180_position_4_sensor_3,Plastic_Rubber,69.8577,17.175857100904935,0.27046032635058986,0.0,0.0625,0.0
material_070020_position_1_sensor_1,Unknown,53.777,18.27772531346757,-0.05751057942708608,0.0,0.125,0.0625
material_070020_position_1_sensor_2,Unknown,60.5658,21.40546691663859,-0.040748769722734224,0.0,0.0625,0.0625
material_070020_position_1_sensor_3,Unknown,58.4654,16.60578465291312,-0.025891979741116664,0.0,0.0625,0.0625
material_070020_position_2_sensor_1,Unknown,53.0968,18.658619894237887,-0.11200250842524595,0.0,0.125,0.0625
material_070020_position_2_sensor_2,Unknown,80.0902,22.393093296028663,-0.10095006127451116,0.0,0.0,0.0
material_070020_position_2_sensor_3,Unknown,76.4652,17.012639796978153,-0.16427118119383285,0.0,0.0,0.0
material_070020_position_3_sensor_1,Unknown,64.4211,18.288274447525335,-0.01729251397824863,0.0,0.0,0.0625
material_070020_position_3_sensor_2,Unknown,55.5239,21.21179424143262,-0.037449833090790696,0.0,0.125,0.0625
material_070020_position_3_sensor_3,Unknown,58.8838,16.824330224101807,0.006257006676365918,0.0,0.0625,0.0625
material_070020_position_4_sensor_1,Unknown,79.2006,18.49583421781499,0.037528728809233275,0.0,0.0,0.0
material_070020_position_4_sensor_2,Unknown,60.7996,22.217969474671403,-0.050930751825470515,0.0,0.0625,0.0625
material_070020_position_4_sensor_3,Unknown,58.9537,17.351335326013537,0.018000494664010835,0.0,0.0625,0.0625
material_070020_position_5_sensor_1,Unknown,72.9929,18.609888439617215,-0.11704667873008735,0.0,0.0625,0.0
material_070020_position_5_sensor_2,Unknown,76.4186,19.122814640755863,0.23186496949039814,0.0,0.0,0.0
material_070020_position_5_sensor_3,Unknown,60.7117,16.921840729918966,-0.20892286273233465,0.0,0.0,0.0625
material_0700210_position_1_sensor_1,Plastic_Rubber,64.1139,18.2133533856503,0.03433403224571035,0.0,0.0,0.0625
material_0700210_position_1_sensor_2,Plastic_Rubber,60.8901,20.771364065189065,0.0009018331290813794,0.0,0.0625,0.0625
material_0700210_position_1_sensor_3,Plastic_Rubber,62.2699,16.093212042709816,0.08544581354677123,0.0,0.0,0.0625
material_0700210_position_2_sensor_1,Plastic_Rubber,77.416,17.913311429182023,0.1320180137484666,0.0,0.0,0.0
material_0700210_position_2_sensor_2,Plastic_Rubber,65.0245,20.360010145029207,0.042789370468240356,0.0,0.0,0.0625
material_0700210_position_2_sensor_3,Plastic_Rubber,55.873,15.1034946815186,0.1430484802645,0.0,0.0625,0.0625
material_0700210_position_3_sensor_1,Plastic_Rubber,64.6377,19.39643578992469,0.03761202225030577,0.0,0.0,0.0625
material_0700210_position_3_sensor_2,Plastic_Rubber,65.853,22.448719838566515,-0.05463462201286979,0.0,0.0,0.0625
material_0700210_position_3_sensor_3,Plastic_Rubber,58.4692,16.81885230878447,0.032187136182598386,0.0,0.0625,0.0625
material_0700210_position_4_sensor_1,Plastic_Rubber,53.901,18.48361015882213,0.05601303519454384,0.0,0.125,0.0625
material_0700210_position_4_sensor_2,Plastic_Rubber,71.7529,17.403663009307902,0.4728876298891935,0.0,0.0,0.0
material_0700210_position_4_sensor_3,Plastic_Rubber,58.9065,17.71909956543172,0.032243132148691615,0.0,0.0625,0.0625
material_0700210_position_5_sensor_1,Plastic_Rubber,57.4487,17.613108212089134,0.12076196767769433,0.0,0.0625,0.0625
material_0700210_position_5_sensor_2,Plastic_Rubber,60.0432,10.136455688237703,0.04308777892667149,0.0,0.0,0.0625
material_0700210_position_5_sensor_3,Plastic_Rubber,56.601,16.053753096963625,0.12634157347834726,0.0,0.0625,0.0625
material_0700220_position_1_sensor_1,Plastic_Rubber,76.8812,17.784819665682754,0.16174340607553375,0.0,0.0,0.0
material_0700220_position_1_sensor_2,Plastic_Rubber,60.3394,18.405663420772708,0.2778248969183991,0.0,0.0,0.0625
material_0700220_position_1_sensor_3,Plastic_Rubber,52.9447,14.651281801752965,0.31352756714664926,0.0,0.0625,0.0625
material_0700220_position_2_sensor_1,Plastic_Rubber,74.0334,17.36816716210059,0.32824517941942494,0.0,0.0,0.0
material_0700220_position_2_sensor_2,Plastic_Rubber,70.1379,18.355900254584135,0.28898118361928077,0.0,0.0625,0.0
material_0700220_position_2_sensor_3,Plastic_Rubber,70.134,15.00127700374798,0.18643615483302542,0.0,0.0625,0.0
material_0700220_position_3_sensor_1,Plastic_Rubber,50.0617,18.157009219082827,0.2876873484094127,0.0,0.125,0.0625
material_0700220_position_3_sensor_2,Plastic_Rubber,55.6643,18.812665694403112,0.269845720677592,0.0,0.0625,0.0625
material_0700220_position_3_sensor_3,Plastic_Rubber,54.0365,15.427228717886772,0.2685731671900527,0.0,0.0625,0.0625
material_0700220_position_4_sensor_1,Plastic_Rubber,57.8522,16.86601058816573,0.07246753567963343,0.0,0.0625,0.0625
material_0700220_position_4_sensor_2,Plastic_Rubber,55.3062,18.40844260386386,0.27999669372957187,0.0,0.0625,0.0625
material_0700220_position_4_sensor_3,Plastic_Rubber,56.8026,13.480606017969448,-0.03480362796160368,0.0,0.0625,0.0625
material_0700220_position_5_sensor_1,Plastic_Rubber,58.9709,16.22211838821232,0.2970617452384573,0.0,0.0,0.0625
material_0700220_position_5_sensor_2,Plastic_Rubber,61.6998,19.313639038181286,0.22001172832413984,0.0,0.0,0.0625
material_0700220_position_5_sensor_3,Plastic_Rubber,57.8216,13.446815237413986,0.28436734387765206,0.0,0.0,0.0625
material_0700270_position_1_sensor_1,Plastic_Rubber,73.8774,10.323608427940112,-0.12220391486672874,0.0,0.0,0.0
material_0700270_position_1_sensor_2,Plastic_Rubber,82.3205,23.80782683433881,-0.003904635161355249,0.0,0.0,0.0
material_0700270_position_1_sensor_3,Plastic_Rubber,80.5398,20.880546380437124,-0.026301086026860158,0.0,0.0,0.0
material_0700270_position_2_sensor_1,Plastic_Rubber,65.5367,19.033622929403723,-0.025447490085442254,0.0,0.0,0.058823529411764705
material_0700270_position_2_sensor_2,Plastic_Rubber,82.1715,23.543116741514808,0.005173218571282986,0.0,0.0,0.0
material_0700270_position_2_sensor_3,Plastic_Rubber,75.745,20.67780705943564,-0.007173127616933258,0.0,0.0625,0.0
material_0700270_position_3_sensor_1,Plastic_Rubber,79.9468,19.000920634777906,0.006033619600181569,0.0,0.0,0.0
material_0700270_position_3_sensor_2,Plastic_Rubber,81.9421,23.440730677946327,0.016479232089970482,0.0,0.0,0.0
material_0700270_position_3_sensor_3,Plastic_Rubber,80.3725,20.378408903696695,0.021445103464558392,0.0,0.0,0.0
material_0700270_position_4_sensor_1,Plastic_Rubber,74.9478,18.925218422226806,0.003654778773487132,0.0,0.0625,0.0
material_0700270_position_4_sensor_2,Plastic_Rubber,81.8783,22.99263954809526,0.006760474111516684,0.0,0.0,0.0
material_0700270_position_4_sensor_3,Plastic_Rubber,80.6444,20.49378136682172,-0.007866238064236794,0.0,0.0,0.0
material_0700270_position_5_sensor_1,Plastic_Rubber,81.638,22.418869382312863,-0.004309779347937065,0.0,0.0,0.0
material_0700270_position_5_sensor_2,Plastic_Rubber,61.5406,23.134277312944178,-0.03236278499029842,0.0,0.0625,0.0625
material_0700270_position_5_sensor_3,Plastic_Rubber,70.627,20.55530446174828,-0.010845762165543506,0.0,0.125,0.0
material_0700270_position_6_sensor_1,Plastic_Rubber,66.3147,22.251982543878643,-0.019542694291259596,0.0,0.0,0.0625
material_0700270_position_6_sensor_2,Plastic_Rubber,81.9355,23.079741138036272,-0.0058280404284115125,0.0,0.0,0.0
material_0700270_position_6_sensor_3,Plastic_Rubber,80.6325,20.526669893415765,-0.009620565576494093,0.0,0.0,0.0
material_0700290_position_1_sensor_1,Plastic_Rubber,73.5136,18.011578184106924,0.08444942033888307,0.0,0.058823529411764705,0.0
material_0700290_position_1_sensor_2,Plastic_Rubber,61.1005,21.458030586325464,-0.008702777139503735,0.0,0.0625,0.0625
material_0700290_position_1_sensor_3,Plastic_Rubber,77.5805,17.134065883665567,-0.09778318716809978,0.0,0.0,0.0
material_0700290_position_2_sensor_1,Plastic_Rubber,59.6268,8.458195010382196,-0.01787315378625197,0.0,0.0,0.0625
material_0700290_position_2_sensor_2,Plastic_Rubber,65.7844,21.483643681336414,-0.0293855060253272,0.0,0.0,0.0625
material_0700290_position_2_sensor_3,Plastic_Rubber,78.531,17.26673784557864,-0.04201817172181595,0.0,0.0,0.0
material_0700290_position_3_sensor_1,Plastic_Rubber,77.2011,13.49643882023951,-0.010201909083949743,0.0,0.0,0.0
material_0700290_position_3_sensor_2,Plastic_Rubber,80.5657,22.395233792696928,-0.07108579069648743,0.0,0.0,0.0
material_0700290_position_3_sensor_3,Plastic_Rubber,79.6484,18.54412614537725,-0.010822560827717676,0.0,0.0,0.0
material_0700290_position_4_sensor_1,Plastic_Rubber,70.3701,20.018382464899062,0.010566391888786554,0.0,0.125,0.0
material_0700290_position_4_sensor_2,Plastic_Rubber,55.5112,22.468736119123577,-0.07676348198784838,0.0,0.125,0.0625
material_0700290_position_4_sensor_3,Plastic_Rubber,78.3608,15.797660536717933,0.007715368732126116,0.0,0.0,0.0
material_0700290_position_5_sensor_1,Plastic_Rubber,59.155,18.48876811870773,0.040186686197914594,0.0,0.0625,0.0625
material_0700290_position_5_sensor_2,Plastic_Rubber,55.7137,11.891315549577115,-0.054650403390525425,0.0,0.0625,0.0625
material_0700290_position_5_sensor_3,Plastic_Rubber,54.2684,9.68702068135643,-0.0780888384650742,0.0,0.0625,0.0625
material_0700300_position_1_sensor_1,Plastic_Rubber,53.1836,20.24009488929979,0.1549928624770211,0.0,0.125,0.0625
material_0700300_position_1_sensor_2,Plastic_Rubber,57.0935,20.073484975029334,0.21851256606157873,0.0,0.0625,0.0625
material_0700300_position_1_sensor_3,Plastic_Rubber,61.4079,18.142165919955588,0.20248836263020856,0.0,0.0,0.0625
material_0700300_position_2_sensor_1,Plastic_Rubber,78.2065,20.398312468996018,0.15840288947610195,0.0,0.0,0.0
material_0700300_position_2_sensor_2,Plastic_Rubber,76.9513,20.11110655867167,0.22861706144046054,0.0,0.0,0.0
material_0700300_position_2_sensor_3,Plastic_Rubber,76.0651,18.001750122203003,0.2197642878114792,0.0,0.0,0.0
material_0700300_position_3_sensor_1,Plastic_Rubber,53.9735,10.478928890117277,0.12091298221762886,0.0,0.0625,0.0625
material_0700300_position_3_sensor_2,Plastic_Rubber,53.3448,21.371345963546304,0.1795097273284303,0.0,0.125,0.0625
material_0700300_position_3_sensor_3,Plastic_Rubber,58.909,19.831101875183023,0.09680311893637608,0.0,0.0625,0.0625
material_0700300_position_4_sensor_1,Plastic_Rubber,58.2427,20.480514959031787,0.15864424881280353,0.0,0.0625,0.0625
material_0700300_position_4_sensor_2,Plastic_Rubber,57.95,20.657740993777676,0.1824951842064948,0.0,0.0625,0.0625
material_0700300_position_4_sensor_3,Plastic_Rubber,65.6754,18.08855428865528,0.24695592862795884,0.0,0.125,0.0
material_0700300_position_5_sensor_1,Plastic_Rubber,52.9211,20.277817192331632,0.1726778301164222,0.0,0.125,0.0625
material_0700300_position_5_sensor_2,Plastic_Rubber,55.2365,15.462895866536709,0.19413136520884094,0.0,0.0625,0.0625
material_0700300_position_5_sensor_3,Plastic_Rubber,61.7878,18.31188655276225,0.18377651399101033,0.0,0.0,0.0625
material_0700320_position_1_sensor_1,Plastic_Rubber,59.7399,17.923934193407558,0.06011325678274725,0.0,0.058823529411764705,0.058823529411764705
material_0700320_position_1_sensor_2,Plastic_Rubber,79.9116,21.25658546960052,-0.07736718590431114,0.0,0.0,0.0
material_0700320_position_1_sensor_3,Plastic_Rubber,52.7402,16.588460434361522,-0.0710160909415891,0.0,0.125,0.0625
material_0700320_position_2_sensor_1,Plastic_Rubber,59.7655,19.927852508813388,-0.04585022371578936,0.0,0.0625,0.0625
material_0700320_position_2_sensor_2,Plastic_Rubber,64.8784,22.31679863832479,-0.11194171900531034,0.0,0.0,0.0625
material_0700320_position_2_sensor_3,Plastic_Rubber,59.1341,18.73398236925279,-0.04901404207516668,0.0,0.0625,0.0625
material_0700320_position_3_sensor_1,Plastic_Rubber,79.0305,18.87015688637008,-0.05970809238409093,0.0,0.0,0.0
material_0700320_position_3_sensor_2,Plastic_Rubber,57.8647,19.46483897052908,0.15131290211397125,0.0,0.0625,0.0625
material_0700320_position_3_sensor_3,Plastic_Rubber,73.853,17.40495516010158,-0.025982511233662072,0.0,0.0625,0.0
material_0700320_position_4_sensor_1,Plastic_Rubber,55.4503,20.053921129083747,-0.006602989047184274,0.0,0.125,0.0625
material_0700320_position_4_sensor_2,Plastic_Rubber,59.8082,22.305503115397364,-0.11601536968954507,0.0,0.0625,0.0625
material_0700320_position_4_sensor_3,Plastic_Rubber,52.913,15.810135846075228,-0.03628813859528037,0.0,0.125,0.0625
material_0700320_position_5_sensor_1,Plastic_Rubber,65.3451,20.072652427319998,-0.013800999859579548,0.0,0.0,0.0625
material_0700320_position_5_sensor_2,Plastic_Rubber,60.8116,22.800288849401696,-0.06801570638021119,0.0,0.0625,0.0625
material_0700320_position_5_sensor_3,Plastic_Rubber,59.8232,18.916136801891625,-0.011218028747960922,0.0,0.0625,0.0625
material_0700330_position_1_sensor_1,Plastic_Rubber,58.4224,17.755826422191387,0.06384353139041996,0.0,0.0625,0.0625
material_0700330_position_1_sensor_2,Plastic_Rubber,78.8678,20.267552572125783,0.11276786534926372,0.0,0.0,0.0
material_0700330_position_1_sensor_3,Plastic_Rubber,60.2338,15.39969171633366,0.19236353496476663,0.0,0.0,0.0625
material_0700330_position_2_sensor_1,Plastic_Rubber,63.5465,18.777696256678766,-0.08733880176419496,0.0,0.0,0.0625
material_0700330_position_2_sensor_2,Plastic_Rubber,74.5099,22.628862318118976,-0.1447055903416064,0.0,0.0625,0.0
material_0700330_position_2_sensor_3,Plastic_Rubber,50.8767,17.07093931197485,-0.20310596979677592,0.0,0.125,0.0625
material_0700330_position_3_sensor_1,Plastic_Rubber,78.2484,18.781354128514206,-0.10621594158497244,0.0,0.0,0.0
material_0700330_position_3_sensor_2,Plastic_Rubber,60.2305,22.64782962871541,-0.09992618017259078,0.0,0.0625,0.0625
material_0700330_position_3_sensor_3,Plastic_Rubber,72.7047,10.083767692773426,-0.1886791290083738,0.0,0.0,0.0
material_0700330_position_4_sensor_1,Plastic_Rubber,62.6054,17.56284568400185,0.10935541609221801,0.0,0.0,0.0625
material_0700330_position_4_sensor_2,Plastic_Rubber,58.373,19.8940741400409,0.13247326101664333,0.0,0.0625,0.0625
material_0700330_position_4_sensor_3,Plastic_Rubber,73.7958,14.621988024790527,0.25904979511335413,0.0,0.0,0.0
material_0700330_position_5_sensor_1,Plastic_Rubber,78.5541,18.78394852234718,-0.0870530918096428,0.0,0.0,0.0
material_0700330_position_5_sensor_2,Plastic_Rubber,59.9227,22.712744811491127,-0.12128623493668217,0.0,0.0625,0.0625
material_0700330_position_5_sensor_3,Plastic_Rubber,75.8447,16.981314218059147,-0.20237062461703662,0.0,0.0,0.0
material_0700340_position_1_sensor_1,Plastic_Rubber,72.9857,16.863876268200812,-0.06400113772722807,0.0,0.0625,0.0
material_0700340_position_1_sensor_2,Plastic_Rubber,79.6875,19.844032645326095,0.04819178442861585,0.0,0.0,0.0
material_0700340_position_1_sensor_3,Plastic_Rubber,72.4579,16.00373670590273,0.07086593169168681,0.0,0.0625,0.0
material_0700340_position_2_sensor_1,Plastic_Rubber,78.697,16.551078998392367,-0.009637956473822113,0.0,0.0,0.0
material_0700340_position_2_sensor_2,Plastic_Rubber,80.1637,19.610518328017697,0.011056781045748258,0.0,0.0,0.0
material_0700340_position_2_sensor_3,Plastic_Rubber,77.9301,15.118973354065016,-0.01403188668045688,0.0,0.0,0.0
material_0700340_position_3_sensor_1,Plastic_Rubber,79.499,18.274619309461116,-0.011964848537071278,0.0,0.0,0.0
material_0700340_position_3_sensor_2,Plastic_Rubber,79.7169,21.61389658617795,-0.10057213796977275,0.0,0.0,0.0
material_0700340_position_3_sensor_3,Plastic_Rubber,77.5177,17.521704290137574,-0.1136169800602535,0.0,0.0,0.0
material_0700340_position_4_sensor_1,Plastic_Rubber,77.6465,16.08591953617562,0.061511200150633584,0.0,0.0,0.0
material_0700340_position_4_sensor_2,Plastic_Rubber,79.5248,18.43282970477445,0.01519258386948371,0.0,0.0,0.0
material_0700340_position_4_sensor_3,Plastic_Rubber,77.8093,14.943421881939706,0.01625717103247582,0.0,0.0,0.0
material_0700340_position_5_sensor_1,Plastic_Rubber,77.6787,15.844272722021257,0.05208557208690382,0.0,0.0,0.0
material_0700340_position_5_sensor_2,Plastic_Rubber,78.7892,18.53373750507371,0.06458515561172325,0.0,0.0,0.0
material_0700340_position_5_sensor_3,Plastic_Rubber,77.8805,14.96606030620229,0.012472526999078996,0.0,0.0,0.0
material_0700340_position_6_sensor_1,Plastic_Rubber,77.2289,15.916720064272084,0.08261712526807141,0.0,0.0,0.0
material_0700340_position_6_sensor_2,Plastic_Rubber,79.6388,18.937149840121354,0.02346756121068001,0.0,0.0,0.0
material_0700340_position_6_sensor_3,Plastic_Rubber,77.1001,15.181571873956479,0.06819752572252641,0.0,0.0,0.0
material_0700470_position_1_sensor_1,Plastic_Rubber,78.12,15.27252551298125,-0.00678435149016262,0.0,0.0,0.0
material_0700470_position_1_sensor_2,Plastic_Rubber,75.3016,17.2764368958062,0.24560271299274822,0.0,0.0,0.0
material_0700470_position_1_sensor_3,Plastic_Rubber,73.8739,13.761404592617708,0.22776449844260543,0.0,0.0,0.0
material_0700470_position_2_sensor_1,Plastic_Rubber,76.6517,18.41487414975415,0.1954982766544101,0.0,0.0,0.0
material_0700470_position_2_sensor_2,Plastic_Rubber,75.6331,18.047340601486475,0.24835384752859488,0.0,0.0,0.0
material_0700470_position_2_sensor_3,Plastic_Rubber,58.8452,13.673462224337957,0.22687779724520055,0.0,0.0,0.0625
material_0700470_position_3_sensor_1,Plastic_Rubber,50.0768,16.46033949251168,0.23474753146701122,0.0,0.125,0.0625
material_0700470_position_3_sensor_2,Plastic_Rubber,76.301,18.530619054773478,0.22112073631535709,0.0,0.0,0.0
material_0700470_position_3_sensor_3,Plastic_Rubber,59.4871,14.184249608696478,0.20212567657271022,0.0,0.0,0.0625
material_0700470_position_4_sensor_1,Plastic_Rubber,79.7624,18.75855871672719,0.010215900097017769,0.0,0.0,0.0
material_0700470_position_4_sensor_2,Plastic_Rubber,81.6512,22.494080148825333,-0.005782603145427731,0.0,0.0,0.0
material_0700470_position_4_sensor_3,Plastic_Rubber,79.3882,17.93468628217587,-0.008525251799940306,0.0,0.0,0.0
material_0700470_position_5_sensor_1,Plastic_Rubber,70.0136,16.147145096963865,0.22912426757812449,0.0,0.0625,0.0
material_0700470_position_5_sensor_2,Plastic_Rubber,76.4567,18.310495681497493,0.20457733353757984,0.0,0.0,0.0
material_0700470_position_5_sensor_3,Plastic_Rubber,69.3113,13.935619329449507,0.2055731033624364,0.0,0.0625,0.0
material_0700470_position_6_sensor_1,Plastic_Rubber,64.6427,18.665535258766624,0.014900068295546033,0.0,0.0,0.0625
material_0700470_position_6_sensor_2,Plastic_Rubber,80.2036,22.252014675484844,0.08949070510365467,0.0,0.0,0.0
material_0700470_position_6_sensor_3,Plastic_Rubber,79.3687,17.842917118922163,-0.0069417030484066585,0.0,0.0,0.0
material_0700490_position_1_sensor_1,Plastic_Rubber,58.7604,17.773870106385452,0.0431197932623553,0.0,0.0625,0.0625
material_0700490_position_1_sensor_2,Plastic_Rubber,70.8636,20.81771965837,0.003990229587928457,0.0,0.125,0.0
material_0700490_position_1_sensor_3,Plastic_Rubber,57.9601,16.15265914902728,0.04381903594771021,0.0,0.0625,0.0625
material_0700490_position_2_sensor_1,Plastic_Rubber,63.8066,17.91990047716359,0.04468104224111359,0.0,0.0,0.0625
material_0700490_position_2_sensor_2,Plastic_Rubber,60.4765,20.8522054553352,-0.02941923253676615,0.0,0.0625,0.0625
material_0700490_position_2_sensor_3,Plastic_Rubber,68.6518,18.530935046281463,0.0731495576746322,0.0,0.125,0.0
material_0700490_position_3_sensor_1,Plastic_Rubber,58.6137,17.679262039138642,0.04945334680095935,0.0,0.0625,0.0625
material_0700490_position_3_sensor_2,Plastic_Rubber,57.4904,13.963528883521732,0.006305565129695767,0.0,0.0625,0.0625
material_0700490_position_3_sensor_3,Plastic_Rubber,67.7776,16.0908474158109,0.05341479332618268,0.0,0.125,0.0
material_0700490_position_4_sensor_1,Plastic_Rubber,79.0564,17.947293340110107,0.029799817453021422,0.0,0.0,0.0
material_0700490_position_4_sensor_2,Plastic_Rubber,65.2992,21.2291079412414,0.052127399918297325,0.0,0.0,0.0625
material_0700490_position_4_sensor_3,Plastic_Rubber,59.5399,18.89059179925024,-0.028266095728656147,0.0,0.0625,0.0625
material_0700490_position_5_sensor_1,Plastic_Rubber,58.4106,18.433337506856805,0.08534571110344812,0.0,0.0625,0.0625
material_0700490_position_5_sensor_2,Plastic_Rubber,59.5091,21.00848588269368,0.09509943384905914,0.0,0.0625,0.0625
material_0700490_position_5_sensor_3,Plastic_Rubber,77.5091,16.575180638195917,0.08515389476102794,0.0,0.0,0.0
material_0700500_position_1_sensor_1,Plastic_Rubber,59.9953,18.10707494946937,0.04964787102992156,0.0,0.058823529411764705,0.058823529411764705
material_0700500_position_1_sensor_2,Plastic_Rubber,65.7499,20.895140200929497,0.013525408177592884,0.0,0.0,0.0625
material_0700500_position_1_sensor_3,Plastic_Rubber,62.5014,7.021073328969884,0.10762458990757623,0.0,0.125,0.0
material_0700500_position_2_sensor_1,Plastic_Rubber,78.2627,18.407665209211167,0.09386592690461518,0.0,0.0,0.0
material_0700500_position_2_sensor_2,Plastic_Rubber,58.9785,17.81716208248936,0.030712103949651876,0.0,0.0625,0.0625
material_0700500_position_2_sensor_3,Plastic_Rubber,62.7567,18.209465566632026,0.11964386425142931,0.0,0.0,0.0625
material_0700500_position_3_sensor_1,Plastic_Rubber,63.1473,18.35246226658997,0.09944057170393986,0.0,0.0,0.0625
material_0700500_position_3_sensor_2,Plastic_Rubber,80.3748,20.97084119167096,0.039454248366011864,0.0,0.0,0.0
material_0700500_position_3_sensor_3,Plastic_Rubber,52.9861,18.414806508114715,0.11150002233966276,0.0,0.125,0.0625
material_0700500_position_4_sensor_1,Plastic_Rubber,79.9275,19.55690903656683,0.024285869523591117,0.0,0.0,0.0
material_0700500_position_4_sensor_2,Plastic_Rubber,81.5176,22.363061452627427,-0.010174029181987499,0.0,0.0,0.0
material_0700500_position_4_sensor_3,Plastic_Rubber,80.0874,20.688181352867133,0.048884583716296524,0.0,0.0,0.0
material_0700500_position_5_sensor_1,Plastic_Rubber,58.4029,18.423263374987712,0.08551793875101749,0.0,0.0625,0.0625
material_0700500_position_5_sensor_2,Plastic_Rubber,65.6083,20.902239107877243,0.02265134803921545,0.0,0.0,0.0625
material_0700500_position_5_sensor_3,Plastic_Rubber,52.9531,18.286089169204175,0.10963238485498136,0.0,0.125,0.0625
material_0700510_position_1_sensor_1,Plastic_Rubber,81.1878,22.285859239287586,0.028573928334355396,0.0,0.0,0.0
material_0700510_position_1_sensor_2,Plastic_Rubber,79.3456,22.438859367960802,0.14922197967728787,0.0,0.0,0.0
material_0700510_position_1_sensor_3,Plastic_Rubber,77.2556,19.56660978679626,0.19277270986519318,0.0,0.0,0.0
material_0700510_position_2_sensor_1,Plastic_Rubber,79.1614,21.784535242364708,0.14076704516441577,0.0,0.0,0.0
material_0700510_position_2_sensor_2,Plastic_Rubber,52.948,21.817663286052962,0.21816801342933062,0.0,0.125,0.0625
material_0700510_position_2_sensor_3,Plastic_Rubber,72.2386,19.425266359645423,0.1895144394020602,0.0,0.0625,0.0
material_0700510_position_3_sensor_1,Plastic_Rubber,81.2674,22.249033868889082,0.022430501302080675,0.0,0.0,0.0
material_0700510_position_3_sensor_2,Plastic_Rubber,81.1198,22.966084055657635,0.053695325265520615,0.0,0.0,0.0
material_0700510_position_3_sensor_3,Plastic_Rubber,75.7074,20.645596129518825,0.008551437078735437,0.0,0.0625,0.0
material_0700510_position_4_sensor_1,Plastic_Rubber,75.0739,22.018534503351994,0.0905008138020829,0.0,0.0625,0.0
material_0700510_position_4_sensor_2,Plastic_Rubber,73.961,22.351869805702115,0.17076717760671906,0.0,0.0625,0.0
material_0700510_position_4_sensor_3,Plastic_Rubber,76.1201,19.014439525371763,0.24733662364685388,0.0,0.0,0.0
material_0700510_position_5_sensor_1,Plastic_Rubber,81.2988,22.308864731238383,0.022286991293913268,0.0,0.0,0.0
material_0700510_position_5_sensor_2,Plastic_Rubber,80.2872,22.87473520755254,0.1033089017182365,0.0,0.0,0.0
material_0700510_position_5_sensor_3,Plastic_Rubber,62.7284,15.573253583246004,0.04064826197405904,0.0,0.0,0.0625
material_0700520_position_1_sensor_1,Plastic_Rubber,57.5679,22.409864188257572,-0.03806534511591099,0.0,0.11764705882352941,0.058823529411764705
material_0700520_position_1_sensor_2,Plastic_Rubber,55.3531,12.016772128340454,-0.08119618374693661,0.0,0.0625,0.0625
material_0700520_position_1_sensor_3,Plastic_Rubber,80.3888,20.71851962860705,-0.030840118208744518,0.0,0.0,0.0
material_0700520_position_2_sensor_1,Plastic_Rubber,56.6069,21.33085204552705,0.06550049094073274,0.0,0.11764705882352941,0.058823529411764705
material_0700520_position_2_sensor_2,Plastic_Rubber,81.009,21.54544440379476,0.01714119785283701,0.0,0.0,0.0
material_0700520_position_2_sensor_3,Plastic_Rubber,63.209,19.434661888408346,0.12871519799325853,0.0,0.0,0.0625
material_0700520_position_3_sensor_1,Plastic_Rubber,61.6157,22.684677765648935,-0.013858304291768722,0.0,0.0625,0.0625
material_0700520_position_3_sensor_2,Plastic_Rubber,81.7017,22.929220375567848,0.015934284683924344,0.0,0.0,0.0
material_0700520_position_3_sensor_3,Plastic_Rubber,74.905,20.665725817042105,0.05968048853655694,0.0,0.0625,0.0
material_0700520_position_4_sensor_1,Plastic_Rubber,80.0106,22.0294862674483,0.09481908700980152,0.0,0.0,0.0
material_0700520_position_4_sensor_2,Plastic_Rubber,61.6068,23.09165602802162,-0.026887510212418406,0.0,0.0625,0.0625
material_0700520_position_4_sensor_3,Plastic_Rubber,59.0204,20.33912451877214,0.10535244651245824,0.0,0.0625,0.0625
material_0700520_position_5_sensor_1,Plastic_Rubber,64.708,18.783099613239298,0.014392865349263652,0.0,0.0,0.0625
material_0700520_position_5_sensor_2,Plastic_Rubber,75.9202,21.849653236803857,-0.03204960522620464,0.0,0.0625,0.0
material_0700520_position_5_sensor_3,Plastic_Rubber,59.8368,19.786078121075153,0.03701898552389778,0.0,0.0625,0.0625
material_0700520_position_6_sensor_1,Plastic_Rubber,66.7361,22.584076593837473,0.00319526782067017,0.0,0.0,0.0625
material_0700520_position_6_sensor_2,Plastic_Rubber,61.5694,22.963452914860774,0.025315906798916765,0.0,0.0625,0.0625
material_0700520_position_6_sensor_3,Plastic_Rubber,80.1293,20.624599962916005,0.04430113070618828,0.0,0.0,0.0
material_0700600_position_1_sensor_1,Wood_Bamboo_Cork,60.4684,18.450384195207132,-0.030389593120236702,0.0,0.058823529411764705,0.058823529411764705
material_0700600_position_1_sensor_2,Wood_Bamboo_Cork,80.0417,21.257696835863626,-0.06920980296415483,0.0,0.0,0.0
material_0700600_position_1_sensor_3,Wood_Bamboo_Cork,63.7219,17.054323778496123,0.023492613549326094,0.0,0.0,0.0625
material_0700600_position_2_sensor_1,Wood_Bamboo_Cork,55.165,10.03366445379751,-0.03226649624693795,0.0,0.0625,0.0625
material_0700600_position_2_sensor_2,Wood_Bamboo_Cork,60.6222,21.87996269384655,-0.051738265293097496,0.0,0.0625,0.0625
material_0700600_position_2_sensor_3,Wood_Bamboo_Cork,73.8082,17.520924373998934,-0.03235632244434396,0.0,0.0625,0.0
material_0700600_position_3_sensor_1,Wood_Bamboo_Cork,64.1876,18.93270639505722,-0.05173320376327733,0.0,0.0,0.0625
material_0700600_position_3_sensor_2,Wood_Bamboo_Cork,54.9002,21.443717100993545,-0.08382053908803307,0.0,0.125,0.0625
material_0700600_position_3_sensor_3,Wood_Bamboo_Cork,57.6426,16.99393960424271,-0.08957977653952538,0.0,0.0625,0.0625
material_0700600_position_4_sensor_1,Wood_Bamboo_Cork,59.9028,19.1503600470222,-0.013384213516136079,0.0,0.0625,0.0625
material_0700600_position_4_sensor_2,Wood_Bamboo_Cork,65.5321,21.92153241930392,-0.058685637829351114,0.0,0.0,0.0625
material_0700600_position_4_sensor_3,Wood_Bamboo_Cork,63.7259,17.396415090196108,-0.033724167368771235,0.0,0.0,0.0625
material_0700600_position_5_sensor_1,Wood_Bamboo_Cork,64.3973,19.33802103559541,-0.05095358455882318,0.0,0.0,0.0625
material_0700600_position_5_sensor_2,Wood_Bamboo_Cork,79.978,20.867546498344787,0.06126992538551712,0.0,0.0,0.0
material_0700600_position_5_sensor_3,Wood_Bamboo_Cork,58.4487,17.378983405459575,-0.05064139252706369,0.0,0.0625,0.0625
material_0700610_position_1_sensor_1,Wood_Bamboo_Cork,59.4509,19.071577159662393,-0.039413325291055484,0.0,0.0625,0.0625
material_0700610_position_1_sensor_2,Wood_Bamboo_Cork,81.1371,22.014877454212126,-0.023462561912786388,0.0,0.0,0.0
material_0700610_position_1_sensor_3,Wood_Bamboo_Cork,58.9465,17.419409618034695,-0.020543016620713384,0.0,0.0625,0.0625
material_0700610_position_2_sensor_1,Wood_Bamboo_Cork,54.6746,18.543109006696096,0.009141663794424668,0.0,0.125,0.0625
material_0700610_position_2_sensor_2,Wood_Bamboo_Cork,55.1853,18.540600569080002,0.29165878555197977,0.0,0.0625,0.0625
material_0700610_position_2_sensor_3,Wood_Bamboo_Cork,78.6703,17.04584510593548,0.02648060597937196,0.0,0.0,0.0
material_0700610_position_3_sensor_1,Wood_Bamboo_Cork,54.6066,18.808924118151463,0.02156747376684723,0.0,0.125,0.0625
material_0700610_position_3_sensor_2,Wood_Bamboo_Cork,55.219,9.97681797709019,-0.02712648718341742,0.0,0.0625,0.0625
material_0700610_position_3_sensor_3,Wood_Bamboo_Cork,63.8161,17.236153453940744,0.02313360715379638,0.0,0.0,0.0625
material_0700610_position_4_sensor_1,Wood_Bamboo_Cork,59.3851,18.553723214129253,0.02768867123672281,0.0,0.0625,0.0625
material_0700610_position_4_sensor_2,Wood_Bamboo_Cork,61.2328,21.449346794952085,0.00010785749846555938,0.0,0.0625,0.0625
material_0700610_position_4_sensor_3,Wood_Bamboo_Cork,58.5626,16.91453881581874,-0.029235271777985336,0.0,0.0625,0.0625
material_0700610_position_5_sensor_1,Wood_Bamboo_Cork,59.6008,18.858336422716796,0.0234475033828635,0.0,0.0625,0.0625
material_0700610_position_5_sensor_2,Wood_Bamboo_Cork,80.9944,21.62524808695428,-0.020502975962521913,0.0,0.0,0.0
material_0700610_position_5_sensor_3,Wood_Bamboo_Cork,78.3341,16.971163410354954,0.04535421613306424,0.0,0.0,0.0
material_0700640_position_1_sensor_1,Wood_Bamboo_Cork,60.772,20.605216860841868,0.07730312904241511,0.0,0.058823529411764705,0.058823529411764705
material_0700640_position_1_sensor_2,Wood_Bamboo_Cork,73.2326,18.241381148835174,0.40541108494178935,0.0,0.0,0.0
material_0700640_position_1_sensor_3,Wood_Bamboo_Cork,78.0104,19.061253440098522,0.12977599060457404,0.0,0.0,0.0
material_0700640_position_2_sensor_1,Wood_Bamboo_Cork,63.659,20.02124506603925,0.11836219937193569,0.0,0.0,0.0625
material_0700640_position_2_sensor_2,Wood_Bamboo_Cork,79.3506,20.9265182195451,0.10257018644046288,0.0,0.0,0.0
material_0700640_position_2_sensor_3,Wood_Bamboo_Cork,55.0147,16.874093063306464,0.2513343162785952,0.0,0.0625,0.0625
material_0700640_position_3_sensor_1,Wood_Bamboo_Cork,58.9317,20.10817352349321,0.10385883246527505,0.0,0.0625,0.0625
material_0700640_position_3_sensor_2,Wood_Bamboo_Cork,51.6575,17.479356987369844,0.48121245978859745,0.0,0.0625,0.0625
material_0700640_position_3_sensor_3,Wood_Bamboo_Cork,62.1012,18.226577607950624,0.16143539847579527,0.0,0.0,0.0625
material_0700640_position_4_sensor_1,Wood_Bamboo_Cork,59.7021,20.944827295572097,0.08099987872753026,0.0,0.0625,0.0625
material_0700640_position_4_sensor_2,Wood_Bamboo_Cork,60.1269,18.779920892205592,0.3026684793709133,0.0,0.0,0.0625
material_0700640_position_4_sensor_3,Wood_Bamboo_Cork,57.8408,18.937923581322437,0.13667117608762297,0.0,0.0625,0.0625
material_0700640_position_5_sensor_1,Wood_Bamboo_Cork,58.1441,19.652221765076515,0.1394714722477517,0.0,0.0625,0.0625
material_0700640_position_5_sensor_2,Wood_Bamboo_Cork,54.0198,18.339333637531276,0.35885604798559884,0.0,0.0625,0.0625
material_0700640_position_5_sensor_3,Wood_Bamboo_Cork,54.338,16.319231542850723,0.2769270147186471,0.0,0.0625,0.0625
material_0700650_position_1_sensor_1,Wood_Bamboo_Cork,79.2308,18.557807806960163,-0.037528150637423284,0.0,0.0,0.0
material_0700650_position_1_sensor_2,Wood_Bamboo_Cork,61.0622,21.637521702081486,0.016614061542585108,0.0,0.0625,0.0625
material_0700650_position_1_sensor_3,Wood_Bamboo_Cork,58.7793,19.16977566464786,0.08470201599519821,0.0,0.0625,0.0625
material_0700650_position_2_sensor_1,Wood_Bamboo_Cork,64.0821,18.330048442937276,0.039911019518482575,0.0,0.0,0.0625
material_0700650_position_2_sensor_2,Wood_Bamboo_Cork,61.0005,21.164066145035836,0.005987520105696937,0.0,0.0625,0.0625
material_0700650_position_2_sensor_3,Wood_Bamboo_Cork,58.8826,18.63841414184002,0.06191657730800555,0.0,0.0625,0.0625
material_0700650_position_3_sensor_1,Wood_Bamboo_Cork,79.2034,18.60980113791373,0.04084525473600735,0.0,0.0,0.0
material_0700650_position_3_sensor_2,Wood_Bamboo_Cork,61.0994,21.70021668665681,0.016189923853654788,0.0,0.0625,0.0625
material_0700650_position_3_sensor_3,Wood_Bamboo_Cork,58.9534,19.17675079760816,0.07395673126021216,0.0,0.0625,0.0625
material_0700650_position_4_sensor_1,Wood_Bamboo_Cork,59.1163,18.21490335434558,0.034225214141643916,0.0,0.0625,0.0625
material_0700650_position_4_sensor_2,Wood_Bamboo_Cork,76.0068,21.428817979355756,0.013703953163295047,0.0,0.0625,0.0
material_0700650_position_4_sensor_3,Wood_Bamboo_Cork,65.0096,19.071231250359247,0.004232536764703756,0.0,0.0,0.0625
material_0700660_position_1_sensor_1,Wood_Bamboo_Cork,65.7926,19.986563827953315,0.03853867740672354,0.0,0.0,0.058823529411764705
material_0700660_position_1_sensor_2,Wood_Bamboo_Cork,64.5621,20.827816641004127,0.0862316639220811,0.0,0.0,0.0625
material_0700660_position_1_sensor_3,Wood_Bamboo_Cork,77.0323,18.06424728547048,0.16079893822763616,0.0,0.0,0.0
material_0700660_position_2_sensor_1,Wood_Bamboo_Cork,58.8311,20.135891930348556,0.11104056404462687,0.0,0.0625,0.0625
material_0700660_position_2_sensor_2,Wood_Bamboo_Cork,53.5543,20.809436252996644,0.14910602724162353,0.0,0.125,0.0625
material_0700660_position_2_sensor_3,Wood_Bamboo_Cork,68.5306,11.697244929896545,0.1861266291998538,0.0,0.0625,0.0
material_0700660_position_3_sensor_1,Wood_Bamboo_Cork,78.518,20.277421998687487,0.13509164209303398,0.0,0.0,0.0
material_0700660_position_3_sensor_2,Wood_Bamboo_Cork,58.7426,20.97227251042888,0.1422446065665828,0.0,0.0625,0.0625
material_0700660_position_3_sensor_3,Wood_Bamboo_Cork,57.01,18.379536119792192,0.17186042655994563,0.0,0.0625,0.0625
material_0700660_position_4_sensor_1,Wood_Bamboo_Cork,79.5092,20.62284319163404,0.08328046970741297,0.0,0.0,0.0
material_0700660_position_4_sensor_2,Wood_Bamboo_Cork,64.02,21.080576709574913,0.12809787645526644,0.0,0.0,0.0625
material_0700660_position_4_sensor_3,Wood_Bamboo_Cork,79.7356,19.641522935239472,0.038956180747036745,0.0,0.0,0.0
material_0700660_position_5_sensor_1,Wood_Bamboo_Cork,58.7802,20.33856554050856,0.12045706954656843,0.0,0.0625,0.0625
material_0700660_position_5_sensor_2,Wood_Bamboo_Cork,56.7144,17.66328242174718,0.48326603668811147,0.0,0.0,0.0625
material_0700660_position_5_sensor_3,Wood_Bamboo_Cork,57.7218,18.61496230259385,0.13426902860753706,0.0,0.0625,0.0625
material_0700680_position_1_sensor_1,Wood_Bamboo_Cork,79.4582,20.124677872356166,0.07122767363238748,0.0,0.0,0.0
material_0700680_position_1_sensor_2,Wood_Bamboo_Cork,58.9811,20.62061656071738,0.11645718443627302,0.0,0.0625,0.0625
material_0700680_position_1_sensor_3,Wood_Bamboo_Cork,63.3116,18.32334903912473,0.08820718762765345,0.0,0.0,0.0625
material_0700680_position_2_sensor_1,Wood_Bamboo_Cork,59.8603,20.59799389090424,0.06041339550143205,0.0,0.0625,0.0625
material_0700680_position_2_sensor_2,Wood_Bamboo_Cork,59.6668,20.926451559662365,0.08265974775326708,0.0,0.0625,0.0625
material_0700680_position_2_sensor_3,Wood_Bamboo_Cork,77.8635,18.332397138400342,0.11668767233455617,0.0,0.0,0.0
material_0700680_position_3_sensor_1,Wood_Bamboo_Cork,59.446,9.38002659118879,-0.05750086326848561,0.0,0.0,0.0625
material_0700680_position_3_sensor_2,Wood_Bamboo_Cork,61.3579,22.81765984274786,-0.034162141288809796,0.0,0.0625,0.0625
material_0700680_position_3_sensor_3,Wood_Bamboo_Cork,59.9636,20.48686283187589,-0.0505082146139736,0.0,0.0625,0.0625
material_0700680_position_4_sensor_1,Wood_Bamboo_Cork,79.9997,20.831254045711837,0.05879116402419977,0.0,0.0,0.0
material_0700680_position_4_sensor_2,Wood_Bamboo_Cork,73.9247,18.70015087016532,0.3759010145399288,0.0,0.0,0.0
material_0700680_position_4_sensor_3,Wood_Bamboo_Cork,59.5304,19.180011472399055,0.03773089639501315,0.0,0.0625,0.0625
material_0700680_position_5_sensor_1,Wood_Bamboo_Cork,72.2918,16.036762257474106,0.39707557189542453,0.0,0.0,0.0
material_0700680_position_5_sensor_2,Wood_Bamboo_Cork,57.1246,17.925170625429622,0.46546605807035996,0.0,0.0,0.0625
material_0700680_position_5_sensor_3,Wood_Bamboo_Cork,59.0857,18.99217439742514,0.059972903582004015,0.0,0.0625,0.0625
material_0700680_position_6_sensor_1,Wood_Bamboo_Cork,52.0406,17.589205001469143,0.2382908826507993,0.0,0.11764705882352941,0.058823529411764705
material_0700680_position_6_sensor_2,Wood_Bamboo_Cork,74.0441,9.663192276204752,0.09147403492647158,0.0,0.0,0.0
material_0700680_position_6_sensor_3,Wood_Bamboo_Cork,58.122,18.36478730467753,0.1014073621961774,0.0,0.0625,0.0625
material_0700690_position_1_sensor_1,Paper_Cardboard,79.3449,18.52505713015448,0.029339695350796464,0.0,0.0,0.0
material_0700690_position_1_sensor_2,Paper_Cardboard,61.4789,22.115588898577883,0.005029876110602065,0.0,0.0625,0.0625
material_0700690_position_1_sensor_3,Paper_Cardboard,78.6365,19.500551515936312,0.10382290070976209,0.0,0.0,0.0
material_0700690_position_2_sensor_1,Paper_Cardboard,58.3745,18.618273675392082,-0.09328063406352194,0.0,0.0625,0.0625
material_0700690_position_2_sensor_2,Paper_Cardboard,68.5375,18.84765434435479,0.40479419264450595,0.0,0.0625,0.0
material_0700690_position_2_sensor_3,Paper_Cardboard,64.8124,20.588077010377432,-0.0631266004774344,0.0,0.0,0.0625
material_0700690_position_3_sensor_1,Paper_Cardboard,73.0328,17.95450367017533,0.09445388454860869,0.0,0.0625,0.0
material_0700690_position_3_sensor_2,Paper_Cardboard,57.4421,9.150709239276413,0.17661654922385642,0.0,0.0,0.0625
material_0700690_position_3_sensor_3,Paper_Cardboard,79.0534,18.73295625094019,0.05406251755259404,0.0,0.0,0.0
material_0700690_position_4_sensor_1,Paper_Cardboard,59.0084,18.098129635495,0.03744082382301585,0.0,0.0625,0.0625
material_0700690_position_4_sensor_2,Paper_Cardboard,75.9195,18.778603553891084,0.25273321174172686,0.0,0.0,0.0
material_0700690_position_4_sensor_3,Paper_Cardboard,54.9623,18.914369544635324,0.0024045075061271794,0.0,0.125,0.0625
material_0700700_position_1_sensor_1,Paper_Cardboard,53.6841,10.728321811555784,0.14677247051164058,0.0,0.0625,0.0625
material_0700700_position_1_sensor_2,Paper_Cardboard,52.693,12.864960140339093,0.5893749297896224,0.0,0.0,0.0625
material_0700700_position_1_sensor_3,Paper_Cardboard,78.8161,18.96763669869581,0.07619123231975058,0.0,0.0,0.0
material_0700700_position_2_sensor_1,Paper_Cardboard,78.2532,18.40296188099077,0.0943210071572017,0.0,0.0,0.0
material_0700700_position_2_sensor_2,Paper_Cardboard,60.1049,21.37742351245768,0.06890315116932037,0.0,0.0625,0.0625
material_0700700_position_2_sensor_3,Paper_Cardboard,63.0726,18.776392625182382,0.11713467626634003,0.0,0.0,0.0625
material_0700700_position_3_sensor_1,Paper_Cardboard,59.3483,21.446668101238863,0.11865006989123675,0.0,0.0625,0.0625
material_0700700_position_3_sensor_2,Paper_Cardboard,76.9367,13.7801351563309,0.03553953163296489,0.0,0.0,0.0
material_0700700_position_3_sensor_3,Paper_Cardboard,58.9404,19.96888071273752,0.09904496495863972,0.0,0.0625,0.0625
material_0700700_position_4_sensor_1,Paper_Cardboard,49.0088,15.151185221433622,0.5766054671543078,0.0,0.0625,0.0625
material_0700700_position_4_sensor_2,Paper_Cardboard,60.4238,12.70492923648337,0.09782744683159622,0.0,0.0,0.0625
material_0700700_position_4_sensor_3,Paper_Cardboard,57.5271,18.28769184923469,0.13649364436529776,0.0,0.0625,0.0625
material_0700700_position_5_sensor_1,Paper_Cardboard,79.6213,21.588841677889185,0.10582280177695681,0.0,0.0,0.0
material_0700700_position_5_sensor_2,Paper_Cardboard,65.6572,22.129894726987512,0.057193324269811587,0.0,0.0,0.0625
material_0700700_position_5_sensor_3,Paper_Cardboard,69.2377,20.09449688278658,0.08417723651960476,0.0,0.125,0.0
material_0700700_position_6_sensor_1,Paper_Cardboard,78.0147,18.094071772092306,0.09987198574091131,0.0,0.0,0.0
material_0700700_position_6_sensor_2,Paper_Cardboard,55.7365,13.793920363254951,0.11151607019760894,0.0,0.0625,0.0625
material_0700700_position_6_sensor_3,Paper_Cardboard,73.1048,18.734479987849394,0.11381894818474096,0.0,0.0625,0.0
material_0700720_position_1_sensor_1,Paper_Cardboard,59.3271,19.164504018270712,-0.050059013416566205,0.0,0.0625,0.0625
material_0700720_position_1_sensor_2,Paper_Cardboard,80.4903,22.165273980536412,-0.06878565570108217,0.0,0.0,0.0
material_0700720_position_1_sensor_3,Paper_Cardboard,79.0798,17.99270468020204,-0.029717676100388744,0.0,0.0,0.0
material_0700720_position_2_sensor_1,Paper_Cardboard,79.7164,19.233563599592653,-0.027668279909620848,0.0,0.0,0.0
material_0700720_position_2_sensor_2,Paper_Cardboard,60.8614,22.278467252198627,-0.04889078935610668,0.0,0.0625,0.0625
material_0700720_position_2_sensor_3,Paper_Cardboard,74.0141,18.162539638869333,-0.03905630712571558,0.0,0.0625,0.0
material_0700720_position_3_sensor_1,Paper_Cardboard,57.2573,16.32487195777671,-0.09333363491881254,0.0,0.0625,0.0625
material_0700720_position_3_sensor_2,Paper_Cardboard,64.1678,21.36078051674434,-0.1273810412837012,0.0,0.0,0.0625
material_0700720_position_3_sensor_3,Paper_Cardboard,61.5037,16.77116853063554,-0.15445182132097837,0.0,0.0,0.0625
material_0700720_position_4_sensor_1,Paper_Cardboard,59.4069,19.188828277101305,0.04577668632557381,0.0,0.0625,0.0625
material_0700720_position_4_sensor_2,Paper_Cardboard,80.8714,22.379115992375166,-0.0513481078303742,0.0,0.0,0.0
material_0700720_position_4_sensor_3,Paper_Cardboard,63.9287,17.998475981491687,-0.03940649892769661,0.0,0.0,0.0625
material_0700730_position_1_sensor_1,Paper_Cardboard,78.3184,18.698290265739235,-0.09926618827869776,0.0,0.0,0.0
material_0700730_position_1_sensor_2,Paper_Cardboard,59.8251,21.10395066096754,-0.07813399331086805,0.0,0.0625,0.0625
material_0700730_position_1_sensor_3,Paper_Cardboard,58.0292,16.87785258013437,-0.061691926445057846,0.0,0.0625,0.0625
material_0700730_position_2_sensor_1,Paper_Cardboard,74.0957,18.66349088176355,-0.049271849788094894,0.0,0.0625,0.0
material_0700730_position_2_sensor_2,Paper_Cardboard,64.2428,20.86432082412027,-0.1074488756765715,0.0,0.0,0.0625
material_0700730_position_2_sensor_3,Paper_Cardboard,56.8576,16.755387864651407,-0.13168864251430115,0.0,0.0625,0.0625
material_0700730_position_3_sensor_1,Paper_Cardboard,79.2749,18.709338309584552,-0.0393939392488781,0.0,0.0,0.0
material_0700730_position_3_sensor_2,Paper_Cardboard,59.402,20.910544046014998,-0.09884307502297987,0.0,0.0625,0.0625
material_0700730_position_3_sensor_3,Paper_Cardboard,61.5825,16.702879282995603,-0.1473946222043514,0.0,0.0,0.0625
material_0700730_position_4_sensor_1,Paper_Cardboard,60.5037,20.039800242793063,0.0028085187525536343,0.0,0.0625,0.0625
material_0700730_position_4_sensor_2,Paper_Cardboard,65.546,22.386401997109402,-0.07205109240962221,0.0,0.0,0.0625
material_0700730_position_4_sensor_3,Paper_Cardboard,59.019,18.434589534775125,-0.047087378408397995,0.0,0.0625,0.0625
material_0700750_position_1_sensor_1,Paper_Cardboard,60.3132,21.079887365764787,0.04667012452767377,0.0,0.0625,0.0625
material_0700750_position_1_sensor_2,Paper_Cardboard,55.6909,21.77667315123867,0.04424996649050047,0.0,0.125,0.0625
material_0700750_position_1_sensor_3,Paper_Cardboard,63.2551,19.330834267965482,0.12263346035028751,0.0,0.0,0.0625
material_0700750_position_2_sensor_1,Paper_Cardboard,53.354,18.466648374306445,0.08992704503676213,0.0,0.125,0.0625
material_0700750_position_2_sensor_2,Paper_Cardboard,56.5133,12.41834296968823,0.020468086192805685,0.0,0.0625,0.0625
material_0700750_position_2_sensor_3,Paper_Cardboard,59.024,19.97373072379343,0.09393052842881926,0.0,0.0625,0.0625
material_0700750_position_3_sensor_1,Paper_Cardboard,58.3745,18.541481132191883,0.09093312621272055,0.0,0.0625,0.0625
material_0700750_position_3_sensor_2,Paper_Cardboard,61.0958,22.03383901498739,0.026640864353552934,0.0,0.0625,0.0625
material_0700750_position_3_sensor_3,Paper_Cardboard,53.7277,19.62671556583698,0.1019524627884978,0.0,0.125,0.0625
material_0700750_position_4_sensor_1,Paper_Cardboard,59.0572,18.071482820632973,0.033550950393176744,0.0,0.0625,0.0625
material_0700750_position_4_sensor_2,Paper_Cardboard,60.6172,21.519791181603217,0.04101436440461489,0.0,0.0625,0.0625
material_0700750_position_4_sensor_3,Paper_Cardboard,64.6763,19.333758638180086,0.03326275754442091,0.0,0.0,0.0625
material_0700770_position_1_sensor_1,Paper_Cardboard,80.7771,20.775312032439924,-0.008135935266034592,0.0,0.0,0.0
material_0700770_position_1_sensor_2,Paper_Cardboard,59.3222,21.35147861690929,0.11737426279105224,0.0,0.0625,0.0625
material_0700770_position_1_sensor_3,Paper_Cardboard,57.2465,18.725367084840855,0.16757283688214855,0.0,0.0625,0.0625
material_0700770_position_2_sensor_1,Paper_Cardboard,59.9196,18.932642944057566,0.005653851677389843,0.0,0.0625,0.0625
material_0700770_position_2_sensor_2,Paper_Cardboard,56.543,22.437107210843067,0.010845961626837278,0.0,0.125,0.0625
material_0700770_position_2_sensor_3,Paper_Cardboard,59.5844,20.346519306090016,-0.07008052332261026,0.0,0.0625,0.0625
material_0700770_position_3_sensor_1,Paper_Cardboard,57.466,18.29084781179151,0.14043763084660854,0.0,0.0625,0.0625
material_0700770_position_3_sensor_2,Paper_Cardboard,60.1317,12.59648830987331,0.11289583173764275,0.0,0.0,0.0625
material_0700770_position_3_sensor_3,Paper_Cardboard,56.4537,7.267387195701146,0.18112282986110934,0.0,0.0,0.0625
material_0700770_position_4_sensor_1,Paper_Cardboard,56.1031,17.40321217990227,0.19903196965635117,0.0,0.0625,0.0625
material_0700770_position_4_sensor_2,Paper_Cardboard,64.0807,20.78124965844762,0.11510617244944846,0.0,0.0,0.0625
material_0700770_position_4_sensor_3,Paper_Cardboard,50.7085,5.299758256373154,0.1677464240579023,0.0,0.0625,0.0625
material_0700780_position_1_sensor_1,Paper_Cardboard,52.3013,13.225988620740146,0.08818274537462471,0.0,0.11764705882352941,0.058823529411764705
material_0700780_position_1_sensor_2,Paper_Cardboard,55.2323,18.945774712327268,0.30111789758220864,0.0,0.0625,0.0625
material_0700780_position_1_sensor_3,Paper_Cardboard,74.3527,15.59640553496341,0.2538559283088223,0.0,0.0,0.0
material_0700780_position_2_sensor_1,Paper_Cardboard,63.9707,20.697294490217786,0.11946064708435286,0.0,0.0,0.0625
material_0700780_position_2_sensor_2,Paper_Cardboard,58.8412,21.17111266058886,0.14212897965175675,0.0,0.0625,0.0625
material_0700780_position_2_sensor_3,Paper_Cardboard,58.427,18.935488044472795,0.09969742519403389,0.0,0.0625,0.0625
material_0700780_position_3_sensor_1,Paper_Cardboard,59.5072,21.00149507779196,0.09500678806678647,0.0,0.0625,0.0625
material_0700780_position_3_sensor_2,Paper_Cardboard,59.6485,21.705254393916707,0.10767610038807017,0.0,0.0625,0.0625
material_0700780_position_3_sensor_3,Paper_Cardboard,64.6182,19.611212007136196,0.045417373557494485,0.0,0.0,0.0625
material_0700780_position_4_sensor_1,Paper_Cardboard,56.0962,18.95559906869699,0.2470370886310251,0.0,0.0625,0.0625
material_0700780_position_4_sensor_2,Paper_Cardboard,75.7634,19.167114913898338,0.2744640315436096,0.0,0.0,0.0
material_0700780_position_4_sensor_3,Paper_Cardboard,78.156,15.641608168622021,-0.015828177657784073,0.0,0.0,0.0
material_0700790_position_1_sensor_1,Paper_Cardboard,73.0078,19.832011816498763,0.1535551678027967,0.0,0.0625,0.0
material_0700790_position_1_sensor_2,Paper_Cardboard,53.6607,13.232030424279934,0.22496776705473948,0.0,0.0625,0.0625
material_0700790_position_1_sensor_3,Paper_Cardboard,71.1175,10.763978585005948,0.309432637931474,0.0,0.0,0.0
material_0700790_position_2_sensor_1,Paper_Cardboard,57.737,20.56722797727621,0.19313181678921512,0.0,0.0625,0.0625
material_0700790_position_2_sensor_2,Paper_Cardboard,50.9233,15.581460455869285,0.15452634325214315,0.0,0.125,0.0625
material_0700790_position_2_sensor_3,Paper_Cardboard,54.1447,16.493338568895034,-0.29442849392361164,0.0,0.0625,0.0625
material_0700790_position_3_sensor_1,Paper_Cardboard,62.1895,19.722200513627644,0.20170492174734594,0.0,0.0,0.0625
material_0700790_position_3_sensor_2,Paper_Cardboard,52.7888,9.158441607008537,0.15502734853707067,0.0,0.0625,0.0625
material_0700790_position_3_sensor_3,Paper_Cardboard,53.709,15.86678404460827,-0.30266211416207367,0.0,0.0625,0.0625
material_0700790_position_4_sensor_1,Paper_Cardboard,52.79,16.29908149832682,-0.3737540386923008,0.0,0.0625,0.0625
material_0700790_position_4_sensor_2,Paper_Cardboard,72.371,17.74891035581646,0.12981412281709437,0.0,0.0625,0.0
material_0700790_position_4_sensor_3,Paper_Cardboard,55.624,16.506013006163265,-0.20169965916053925,0.0,0.0625,0.0625
material_0700800_position_1_sensor_1,Paper_Cardboard,62.7703,20.02308030842957,0.17436012178308458,0.0,0.0,0.0625
material_0700800_position_1_sensor_2,Paper_Cardboard,62.5546,20.297367310008863,0.19634549568525145,0.0,0.0,0.0625
material_0700800_position_1_sensor_3,Paper_Cardboard,70.936,17.622071995164806,0.21625958690768002,0.0,0.0625,0.0
material_0700800_position_2_sensor_1,Paper_Cardboard,57.7507,20.308875689097906,0.18435579267514351,0.0,0.0625,0.0625
material_0700800_position_2_sensor_2,Paper_Cardboard,58.189,21.018761950834197,0.1785133208231223,0.0,0.0625,0.0625
material_0700800_position_2_sensor_3,Paper_Cardboard,61.5126,18.328602512605123,0.20161100579554564,0.0,0.0,0.0625
material_0700800_position_3_sensor_1,Paper_Cardboard,52.9742,10.996436498727197,0.1996762328303724,0.0,0.0625,0.0625
material_0700800_position_3_sensor_2,Paper_Cardboard,47.1909,10.950691992859262,0.24758492423662093,0.0,0.125,0.0625
material_0700800_position_3_sensor_3,Paper_Cardboard,55.4038,17.366886057612994,0.24193754946640464,0.0,0.0625,0.0625
material_0700800_position_4_sensor_1,Paper_Cardboard,58.5179,11.82218204597526,0.19075514291002496,0.0,0.0,0.0625
material_0700800_position_4_sensor_2,Paper_Cardboard,76.4656,19.833149600993348,0.25067050908905003,0.0,0.0,0.0
material_0700800_position_4_sensor_3,Paper_Cardboard,75.9247,17.478316772278525,0.21256337603400755,0.0,0.0,0.0
material_0700800_position_5_sensor_1,Paper_Cardboard,57.4767,19.853280033091746,0.1876386032603133,0.0,0.0625,0.0625
material_0700800_position_5_sensor_2,Paper_Cardboard,62.8288,20.770095605780654,0.19356909817963333,0.0,0.0,0.0625
material_0700800_position_5_sensor_3,Paper_Cardboard,56.0069,18.05081102588993,0.22493123053257438,0.0,0.0625,0.0625
material_0700810_position_1_sensor_1,Paper_Cardboard,65.6139,19.489253867168188,0.03454976000816758,0.0,0.0,0.058823529411764705
material_0700810_position_1_sensor_2,Paper_Cardboard,76.2137,19.62426516443583,0.26012756267871634,0.0,0.0,0.0
material_0700810_position_1_sensor_3,Paper_Cardboard,55.0088,16.951331279155625,0.2540682588465061,0.0,0.0625,0.0625
material_0700810_position_2_sensor_1,Paper_Cardboard,65.0465,5.264886977180364,0.20834611162173097,0.0,0.0625,0.0
material_0700810_position_2_sensor_2,Paper_Cardboard,53.9049,14.090864719504243,0.23591169130412673,0.0,0.0625,0.0625
material_0700810_position_2_sensor_3,Paper_Cardboard,62.4463,17.317669930216873,0.11185979785794385,0.0,0.0,0.0625
material_0700810_position_3_sensor_1,Paper_Cardboard,61.5488,22.254485722006926,-0.004884692223246726,0.0,0.0625,0.0625
material_0700810_position_3_sensor_2,Paper_Cardboard,59.1116,7.897838784252997,0.033131245532064826,0.0,0.0,0.0625
material_0700810_position_3_sensor_3,Paper_Cardboard,60.7968,20.669010321775268,0.003640492557696972,0.0,0.0625,0.0625
material_0700810_position_4_sensor_1,Paper_Cardboard,72.5983,10.595138662149846,0.21104394850387853,0.0,0.0,0.0
material_0700810_position_4_sensor_2,Paper_Cardboard,55.8196,19.491179941335364,0.28085687295751643,0.0,0.0625,0.0625
material_0700810_position_4_sensor_3,Paper_Cardboard,54.4015,10.961909056446311,-0.10877454171773011,0.0,0.0625,0.0625
material_0700810_position_5_sensor_1,Paper_Cardboard,71.4612,19.16308474637631,0.2304186245787381,0.0,0.0625,0.0
material_0700810_position_5_sensor_2,Paper_Cardboard,71.2193,19.651649707267403,0.2606121371400138,0.0,0.0625,0.0
material_0700810_position_5_sensor_3,Paper_Cardboard,58.3107,10.159295410864056,-0.1528435648999211,0.0,0.0,0.0625
material_0700830_position_1_sensor_1,Paper_Cardboard,59.0878,20.16875963899302,0.0958944099775342,0.0,0.0625,0.0625
material_0700830_position_1_sensor_2,Paper_Cardboard,53.2569,20.74688011961957,0.1659097046696252,0.0,0.125,0.0625
material_0700830_position_1_sensor_3,Paper_Cardboard,59.8112,17.33164016511076,0.27816202639909937,0.0,0.0,0.0625
material_0700830_position_2_sensor_1,Paper_Cardboard,56.6215,19.622960398777757,0.23442045802696063,0.0,0.0625,0.0625
material_0700830_position_2_sensor_2,Paper_Cardboard,78.1187,20.926531989130602,0.1801127403109662,0.0,0.0,0.0
material_0700830_position_2_sensor_3,Paper_Cardboard,49.7957,17.420586657265357,0.2818624259599656,0.0,0.125,0.0625
material_0700830_position_3_sensor_1,Paper_Cardboard,59.7962,14.841896094250114,0.20281988166360046,0.0,0.0,0.0625
material_0700830_position_3_sensor_2,Paper_Cardboard,77.0123,17.998508847661082,0.16004168900632984,0.0,0.0,0.0
material_0700830_position_3_sensor_3,Paper_Cardboard,46.3024,11.089921008295265,0.3077763991013052,0.0,0.125,0.0625
material_0700830_position_4_sensor_1,Paper_Cardboard,61.9179,19.929809181452914,0.2251610849417844,0.0,0.0,0.0625
material_0700830_position_4_sensor_2,Paper_Cardboard,57.7416,20.77696891912131,0.19927073599622025,0.0,0.0625,0.0625
material_0700830_position_4_sensor_3,Paper_Cardboard,55.5626,17.721124436135554,0.24279576918657741,0.0,0.0625,0.0625
material_0700840_position_1_sensor_1,Paper_Cardboard,59.2854,11.143385558152241,0.1771842660675375,0.0,0.0,0.058823529411764705
material_0700840_position_1_sensor_2,Paper_Cardboard,64.1712,21.089984287657536,0.1188695156122328,0.0,0.0,0.0625
material_0700840_position_1_sensor_3,Paper_Cardboard,66.7826,18.56117559887979,0.1917423247293716,0.0,0.125,0.0
material_0700840_position_2_sensor_1,Paper_Cardboard,62.7604,19.84747011619898,0.16960216726664598,0.0,0.0,0.0625
material_0700840_position_2_sensor_2,Paper_Cardboard,63.5476,20.6838624220369,0.14567932208690607,0.0,0.0,0.0625
material_0700840_position_2_sensor_3,Paper_Cardboard,61.4135,18.131911890589546,0.2018251490374794,0.0,0.0,0.0625
material_0700840_position_3_sensor_1,Paper_Cardboard,73.1236,19.674393275959293,0.14144078233506785,0.0,0.0625,0.0
material_0700840_position_3_sensor_2,Paper_Cardboard,79.1532,20.561128979591846,0.10379741753472232,0.0,0.0,0.0
material_0700840_position_3_sensor_3,Paper_Cardboard,76.0662,17.69772565274391,0.21037829988766213,0.0,0.0,0.0
material_0700840_position_4_sensor_1,Paper_Cardboard,77.2351,17.536554929297857,0.13186259350745433,0.0,0.0,0.0
material_0700840_position_4_sensor_2,Paper_Cardboard,62.9565,19.93198946808282,0.15985296192044368,0.0,0.0,0.0625
material_0700840_position_4_sensor_3,Paper_Cardboard,61.1356,17.648844811370843,0.20451072942197648,0.0,0.0,0.0625
material_0700840_position_5_sensor_2,Paper_Cardboard,63.5257,20.970957555196016,0.15585896650326883,0.0,0.0,0.0625
material_0700840_position_5_sensor_3,Paper_Cardboard,78.7318,19.169372194465545,0.08767924070669872,0.0,0.0,0.0
material_0700940_position_1_sensor_1,Paper_Cardboard,61.2763,19.119353869200385,3.3272803477327676e-05,0.0,0.058823529411764705,0.058823529411764705
material_0700940_position_1_sensor_2,Paper_Cardboard,55.4054,21.612228668579313,-0.05718106617647367,0.0,0.125,0.0625
material_0700940_position_1_sensor_3,Paper_Cardboard,78.4884,17.413590134161527,-0.04920236226001187,0.0,0.0,0.0
material_0700940_position_2_sensor_1,Paper_Cardboard,54.528,19.02290881237461,-0.03306927370557726,0.0,0.125,0.0625
material_0700940_position_2_sensor_2,Paper_Cardboard,57.2532,16.68212492593225,-0.10454020820567972,0.0,0.0625,0.0625
material_0700940_position_2_sensor_3,Paper_Cardboard,56.5042,13.443971799147523,-0.05246316827512461,0.0,0.0625,0.0625
material_0700940_position_3_sensor_1,Paper_Cardboard,59.6994,19.127163235184497,-0.02547605347477913,0.0,0.0625,0.0625
material_0700940_position_3_sensor_2,Paper_Cardboard,55.4585,21.345249225244117,-0.04565935521343968,0.0,0.125,0.0625
material_0700940_position_3_sensor_3,Paper_Cardboard,53.1631,17.143922154501716,-0.06141290083741768,0.0,0.125,0.0625
material_0700940_position_4_sensor_1,Paper_Cardboard,79.9343,19.603780598179405,-0.025292395897162426,0.0,0.0,0.0
material_0700940_position_4_sensor_2,Paper_Cardboard,65.1808,21.78438585763344,-0.07659427338644086,0.0,0.0,0.0625
material_0700940_position_4_sensor_3,Paper_Cardboard,58.3626,17.627961816686696,-0.06368902388429615,0.0,0.0625,0.0625
material_0700950_position_1_sensor_1,Paper_Cardboard,79.2718,18.442019067950994,-0.03139740189695777,0.0,0.0,0.0
material_0700950_position_1_sensor_2,Paper_Cardboard,57.293,15.665197474571755,0.07087450374029824,0.0,0.0625,0.0625
material_0700950_position_1_sensor_3,Paper_Cardboard,58.0088,16.942594070850667,-0.0649555233226131,0.0,0.0625,0.0625
material_0700950_position_2_sensor_1,Paper_Cardboard,64.7455,19.605052739062213,-0.037219934002246415,0.0,0.0,0.0625
material_0700950_position_2_sensor_2,Paper_Cardboard,80.6122,22.321999234268763,-0.06591174874897973,0.0,0.0,0.0
material_0700950_position_2_sensor_3,Paper_Cardboard,63.3412,16.028678540624803,0.016028929866216887,0.0,0.0,0.0625
material_0700950_position_3_sensor_1,Paper_Cardboard,54.7074,19.111855081767825,-0.024501412185972196,0.0,0.125,0.0625
material_0700950_position_3_sensor_2,Paper_Cardboard,77.7641,19.932766824557685,0.171985297309028,0.0,0.0,0.0
material_0700950_position_3_sensor_3,Paper_Cardboard,53.4698,17.761811098528977,-0.06104313948886745,0.0,0.125,0.0625
material_0700950_position_4_sensor_1,Paper_Cardboard,62.2794,18.23171771226574,-0.15037057834201425,0.0,0.0,0.0625
material_0700950_position_4_sensor_2,Paper_Cardboard,77.9044,21.111877574785755,-0.19928127074397525,0.0,0.0,0.0
material_0700950_position_4_sensor_3,Paper_Cardboard,60.0666,16.747812215904005,-0.2441959092881967,0.0,0.0,0.0625
material_0700950_position_5_sensor_1,Paper_Cardboard,58.2652,18.472475031925313,-0.09569615662020459,0.0,0.0625,0.0625
material_0700950_position_5_sensor_2,Paper_Cardboard,63.7249,21.271659536082176,-0.1525330036637066,0.0,0.0,0.0625
material_0700960_position_1_sensor_1,Paper_Cardboard,56.3992,20.397978991845896,0.04998953759020841,0.0,0.11764705882352941,0.058823529411764705
material_0700960_position_1_sensor_2,Paper_Cardboard,54.6109,21.06598076411293,0.09045665466707419,0.0,0.125,0.0625
material_0700960_position_1_sensor_3,Paper_Cardboard,73.3238,18.806337565394607,0.1022362690844552,0.0,0.0625,0.0
material_0700960_position_2_sensor_1,Paper_Cardboard,60.2064,20.789487046366215,0.04449651501225314,0.0,0.0625,0.0625
material_0700960_position_2_sensor_2,Paper_Cardboard,60.3432,21.686210077232573,0.06336413973141196,0.0,0.0625,0.0625
material_0700960_position_2_sensor_3,Paper_Cardboard,60.2779,19.579006500962564,-0.0029065595639315074,0.0,0.0625,0.0625
material_0700960_position_3_sensor_1,Paper_Cardboard,79.4052,20.575279938046258,0.08836846405228524,0.0,0.0,0.0
material_0700960_position_3_sensor_2,Paper_Cardboard,79.5055,21.03155420571686,0.09603744446997398,0.0,0.0,0.0
material_0700960_position_3_sensor_3,Paper_Cardboard,77.7391,18.788879537739785,0.13850818110447427,0.0,0.0,0.0
material_0700960_position_4_sensor_1,Paper_Cardboard,79.5634,20.431210058712264,0.07399771178002022,0.0,0.0,0.0
material_0700960_position_4_sensor_2,Paper_Cardboard,60.0753,21.02049343458088,0.05983052970537061,0.0,0.0625,0.0625
material_0700960_position_4_sensor_3,Paper_Cardboard,77.889,18.658686233735477,0.12508506944444317,0.0,0.0,0.0
material_0700970_position_1_sensor_1,Paper_Cardboard,79.2585,18.826745231293888,-0.044024685329863054,0.0,0.0,0.0
material_0700970_position_1_sensor_2,Paper_Cardboard,59.8859,21.23466150567954,-0.07831415473090382,0.0,0.0625,0.0625
material_0700970_position_1_sensor_3,Paper_Cardboard,59.1695,17.54697195438677,0.010412005655125128,0.0,0.0625,0.0625
material_0700970_position_2_sensor_1,Paper_Cardboard,79.9673,19.358127762375197,-0.0156878797743048,0.0,0.0,0.0
material_0700970_position_2_sensor_2,Paper_Cardboard,65.2771,21.90218458819914,-0.07414379563674743,0.0,0.0,0.0625
material_0700970_position_2_sensor_3,Paper_Cardboard,59.2286,17.945552421897734,-0.0189066569010407,0.0,0.0625,0.0625
material_0700970_position_3_sensor_1,Paper_Cardboard,62.1743,13.700821995167125,-0.0181543335758756,0.0,0.0,0.0625
material_0700970_position_3_sensor_2,Paper_Cardboard,60.0203,21.858139410729652,-0.08895942638122997,0.0,0.0625,0.0625
material_0700970_position_3_sensor_3,Paper_Cardboard,79.2604,18.11557044675878,-0.02211319986979411,0.0,0.0,0.0
material_0700970_position_4_sensor_1,Paper_Cardboard,61.6828,13.54633948525644,-0.044358551623774646,0.0,0.0,0.0625
material_0700970_position_4_sensor_2,Paper_Cardboard,73.7469,7.761983342162912,-0.05192662377451185,0.0,0.0,0.0
material_0700970_position_4_sensor_3,Paper_Cardboard,58.8931,16.799825587965852,-0.004919329873875869,0.0,0.0625,0.0625
material_0700970_position_5_sensor_1,Paper_Cardboard,65.122,19.250339609277194,-0.002649034288196235,0.0,0.0,0.0625
material_0700970_position_5_sensor_2,Paper_Cardboard,54.3648,18.9914564740292,0.3571256701899496,0.0,0.0625,0.0625
material_0700970_position_5_sensor_3,Paper_Cardboard,59.3019,18.020781639826748,-0.01659641799428193,0.0,0.0625,0.0625
material_0701010_position_1_sensor_1,Paper_Cardboard,58.8119,17.644901009143744,0.10998307770373596,0.0,0.058823529411764705,0.058823529411764705
material_0701010_position_1_sensor_2,Paper_Cardboard,65.8644,21.195924693100068,0.01552882295496159,0.0,0.0,0.0625
material_0701010_position_1_sensor_3,Paper_Cardboard,68.8207,16.685122413579602,0.005958922143076984,0.0,0.125,0.0
material_0701010_position_2_sensor_1,Paper_Cardboard,74.7025,19.248950259603337,0.02901433249081034,0.0,0.0625,0.0
material_0701010_position_2_sensor_2,Paper_Cardboard,75.8973,21.870824860605424,-0.03414273928972638,0.0,0.0625,0.0
material_0701010_position_2_sensor_3,Paper_Cardboard,58.8634,17.652125753795286,0.032901874617032686,0.0,0.0625,0.0625
material_0701010_position_3_sensor_1,Paper_Cardboard,80.1483,19.848526844516613,0.019323808657576165,0.0,0.0,0.0
material_0701010_position_3_sensor_2,Paper_Cardboard,60.9008,22.387662416158,-0.04975475675296187,0.0,0.0625,0.0625
material_0701010_position_3_sensor_3,Paper_Cardboard,53.3052,16.91251466484246,0.04537934027777511,0.0,0.125,0.0625
material_0701010_position_4_sensor_1,Paper_Cardboard,58.7575,18.302136247290285,0.05948856049580911,0.0,0.0625,0.0625
material_0701010_position_4_sensor_2,Paper_Cardboard,66.0164,21.067319363466627,0.002024709265215123,0.0,0.0,0.0625
material_0701010_position_4_sensor_3,Paper_Cardboard,63.2694,16.570411394933704,0.037149806602329756,0.0,0.0,0.0625
material_0701060_position_1_sensor_1,Paper_Cardboard,75.8982,19.10049758439865,0.2639387095332929,0.0,0.0,0.0
material_0701060_position_1_sensor_2,Paper_Cardboard,56.546,19.998598123477578,0.25067977685865955,0.0,0.0625,0.0625
material_0701060_position_1_sensor_3,Paper_Cardboard,52.3564,15.98727363251269,0.391496120876733,0.0,0.0625,0.0625
material_0701060_position_2_sensor_1,Paper_Cardboard,59.6018,22.11810080831349,0.12326805204503939,0.0,0.0625,0.0625
material_0701060_position_2_sensor_2,Paper_Cardboard,80.0088,21.91579626727144,0.09144632097630838,0.0,0.0,0.0
material_0701060_position_2_sensor_3,Paper_Cardboard,62.9721,19.982704352798606,0.16041972720077513,0.0,0.0,0.0625
material_0701060_position_3_sensor_1,Paper_Cardboard,77.0398,19.738759279341174,0.21163374757454867,0.0,0.0,0.0
material_0701060_position_3_sensor_2,Paper_Cardboard,57.0299,20.144889114483245,0.2247003947737963,0.0,0.0625,0.0625
material_0701060_position_3_sensor_3,Paper_Cardboard,74.3432,16.993840667210122,0.29727085248161395,0.0,0.0,0.0
material_0701060_position_4_sensor_1,Paper_Cardboard,56.8957,19.745783869018023,0.22092177925857784,0.0,0.0625,0.0625
material_0701060_position_4_sensor_2,Paper_Cardboard,57.0899,20.195545119991813,0.22247996929891575,0.0,0.0625,0.0625
material_0701060_position_4_sensor_3,Paper_Cardboard,74.4237,17.026311300227523,0.2932000979753882,0.0,0.0,0.0
material_0701110_position_1_sensor_1,Paper_Cardboard,78.1519,17.883281249576402,0.08477416726239179,0.0,0.0,0.0
material_0701110_position_1_sensor_2,Paper_Cardboard,79.6785,21.220461096521213,-0.0909347139246317,0.0,0.0,0.0
material_0701110_position_1_sensor_3,Paper_Cardboard,58.4873,17.37690543582652,-0.04814341267105834,0.0,0.0625,0.0625
material_0701110_position_2_sensor_1,Paper_Cardboard,59.4465,18.96801364800549,-0.03651777279922512,0.0,0.0625,0.0625
material_0701110_position_2_sensor_2,Paper_Cardboard,64.8794,21.418146372914315,-0.08434327607996467,0.0,0.0,0.0625
material_0701110_position_2_sensor_3,Paper_Cardboard,78.3403,17.144849470234313,-0.05028845932904481,0.0,0.0,0.0
material_0701110_position_3_sensor_1,Paper_Cardboard,74.9027,18.941358100450373,-0.006984430849161501,0.0,0.0625,0.0
material_0701110_position_3_sensor_2,Paper_Cardboard,79.9414,21.453135250481576,-0.0815135442197716,0.0,0.0,0.0
material_0701110_position_3_sensor_3,Paper_Cardboard,56.7007,14.657467057677234,-0.07728135212418383,0.0,0.0625,0.0625
material_0701110_position_4_sensor_1,Paper_Cardboard,79.3347,18.3340607449295,-0.0241337922538813,0.0,0.0,0.0
material_0701110_position_4_sensor_2,Paper_Cardboard,60.1229,21.132881145759356,-0.060274947023081706,0.0,0.0625,0.0625
material_0701110_position_4_sensor_3,Paper_Cardboard,62.9966,16.52822372804993,-0.053029263365501955,0.0,0.0,0.0625
material_0701150_position_1_sensor_1,Paper_Cardboard,75.9535,21.14603509986153,0.008394461039619586,0.0,0.0625,0.0
material_0701150_position_1_sensor_2,Paper_Cardboard,73.6515,18.197318310293177,0.37769035947712215,0.0,0.0,0.0
material_0701150_position_1_sensor_3,Paper_Cardboard,78.2064,18.612825891973323,0.10369851345485676,0.0,0.0,0.0
material_0701150_position_2_sensor_1,Paper_Cardboard,59.2756,18.634181079913837,0.037050691891335134,0.0,0.0625,0.0625
material_0701150_position_2_sensor_2,Paper_Cardboard,79.6342,21.122940909035023,0.09073237559997731,0.0,0.0,0.0
material_0701150_position_2_sensor_3,Paper_Cardboard,63.3217,18.705893000733557,0.09929241823682387,0.0,0.0,0.0625
material_0701150_position_3_sensor_1,Paper_Cardboard,78.0135,18.319903691800214,0.10686523597068953,0.0,0.0,0.0
material_0701150_position_3_sensor_2,Paper_Cardboard,69.5301,16.746866166639478,0.5926834357766522,0.0,0.0,0.0
material_0701150_position_3_sensor_3,Paper_Cardboard,78.6586,19.227719086071332,0.09407195127399832,0.0,0.0,0.0
material_0701150_position_4_sensor_1,Paper_Cardboard,78.0804,18.199407600554288,0.09896074601715689,0.0,0.0,0.0
material_0701150_position_4_sensor_2,Paper_Cardboard,77.0076,19.687740449337255,0.21209699403850055,0.0,0.0,0.0
material_0701150_position_4_sensor_3,Paper_Cardboard,78.3731,18.46010019537426,0.0885224338107616,0.0,0.0,0.0
material_0701150_position_5_sensor_1,Paper_Cardboard,79.7879,18.983900552487253,-0.015517798330269814,0.0,0.0,0.0
material_0701150_position_5_sensor_2,Paper_Cardboard,81.4732,23.14887721060707,-0.03705102698631634,0.0,0.0,0.0
material_0701150_position_5_sensor_3,Paper_Cardboard,79.6471,20.461311576848217,-0.0696508757148702,0.0,0.0,0.0
material_0701150_position_6_sensor_1,Paper_Cardboard,77.5494,18.079805914933527,0.12872223498774427,0.0,0.0,0.0
material_0701150_position_6_sensor_2,Paper_Cardboard,69.6194,16.80358738563526,0.5887979361340864,0.0,0.0,0.0
material_0701150_position_6_sensor_3,Paper_Cardboard,77.9467,18.736778276807705,0.12384192133884642,0.0,0.0,0.0
material_0701180_position_1_sensor_1,Paper_Cardboard,77.7068,14.342291420856384,-0.004290353945395204,0.0,0.0,0.0
material_0701180_position_1_sensor_2,Paper_Cardboard,60.4853,21.189484015899467,0.03919739966298943,0.0,0.0625,0.0625
material_0701180_position_1_sensor_3,Paper_Cardboard,53.4663,19.333058130884396,0.1094045729294289,0.0,0.125,0.0625
material_0701180_position_2_sensor_1,Paper_Cardboard,79.9783,19.467482320838624,0.018346304700264614,0.0,0.0,0.0
material_0701180_position_2_sensor_2,Paper_Cardboard,81.0593,22.16206410486477,-0.032864369510826,0.0,0.0,0.0
material_0701180_position_2_sensor_3,Paper_Cardboard,70.6574,21.168146546448675,0.027712644888682032,0.0,0.125,0.0
material_0701180_position_3_sensor_1,Paper_Cardboard,60.0192,19.928164395405126,0.029886436312805333,0.0,0.0625,0.0625
material_0701180_position_3_sensor_2,Paper_Cardboard,61.6592,22.364480573479582,0.0013086863000382502,0.0,0.0625,0.0625
material_0701180_position_3_sensor_3,Paper_Cardboard,70.5103,21.209810680971927,0.03824646075878082,0.0,0.125,0.0
material_0701180_position_4_sensor_1,Paper_Cardboard,59.9618,19.200752388726833,0.011210248161761298,0.0,0.0625,0.0625
material_0701180_position_4_sensor_2,Paper_Cardboard,61.2596,22.33776076869247,0.025641116472628168,0.0,0.0625,0.0625
material_0701180_position_4_sensor_3,Paper_Cardboard,80.0105,20.991347606649114,0.0630174775965065,0.0,0.0,0.0
material_0701180_position_5_sensor_1,Paper_Cardboard,75.0986,19.439989105073273,0.0099307773565132,0.0,0.0625,0.0
material_0701180_position_5_sensor_2,Paper_Cardboard,66.4632,22.280270364486483,-0.011066937614891043,0.0,0.0,0.0625
material_0701180_position_5_sensor_3,Paper_Cardboard,65.625,21.27305779697821,0.0329640746272442,0.0,0.0,0.0625
material_0701200_position_1_sensor_1,Paper_Cardboard,63.2715,18.068858542870018,0.08293153690512566,0.0,0.0,0.0625
material_0701200_position_1_sensor_2,Paper_Cardboard,58.9899,18.323148894878045,0.04549929949193167,0.0,0.0625,0.0625
material_0701200_position_1_sensor_3,Paper_Cardboard,56.9181,15.941360541546974,0.10293695427389508,0.0,0.0625,0.0625
material_0701200_position_2_sensor_1,Paper_Cardboard,57.3072,16.45466828608805,0.09417067504084854,0.0,0.0625,0.0625
material_0701200_position_2_sensor_2,Paper_Cardboard,54.5218,18.425783795531046,0.015166556564029599,0.0,0.125,0.0625
material_0701200_position_2_sensor_3,Paper_Cardboard,76.4011,15.603857746368938,0.12513600388071788,0.0,0.0,0.0
material_0701200_position_3_sensor_1,Paper_Cardboard,78.894,19.418170326042393,0.08509437231923828,0.0,0.0,0.0
material_0701200_position_3_sensor_2,Paper_Cardboard,59.0901,19.972120959032736,0.0897241322635789,0.0,0.0625,0.0625
material_0701200_position_3_sensor_3,Paper_Cardboard,50.5658,14.403309621758236,0.4556773944929517,0.0,0.0625,0.0625
material_0701200_position_4_sensor_1,Paper_Cardboard,58.6795,19.232568698490216,0.09290857492085197,0.0,0.0625,0.0625
material_0701200_position_4_sensor_2,Paper_Cardboard,54.2253,19.873754837562,0.07819882780585764,0.0,0.125,0.0625
material_0701200_position_4_sensor_3,Paper_Cardboard,50.5278,14.119207942760923,0.44935946276296845,0.0,0.0625,0.0625
material_0701210_position_1_sensor_1,Paper_Cardboard,59.8841,20.20702407217309,0.12099516293062505,0.0,0.058823529411764705,0.058823529411764705
material_0701210_position_1_sensor_2,Paper_Cardboard,74.9381,13.74906167637078,0.1603969184027767,0.0,0.0,0.0
material_0701210_position_1_sensor_3,Paper_Cardboard,76.1353,17.719945825169646,0.20671187097885818,0.0,0.0,0.0
material_0701210_position_2_sensor_1,Paper_Cardboard,79.4837,20.713151413656824,0.08764873429840278,0.0,0.0,0.0
material_0701210_position_2_sensor_2,Paper_Cardboard,59.6992,21.15361967781648,0.08758377055248964,0.0,0.0625,0.0625
material_0701210_position_2_sensor_3,Paper_Cardboard,63.8347,19.11908178716438,0.07965937755310244,0.0,0.0,0.0625
material_0701210_position_3_sensor_1,Paper_Cardboard,56.6211,15.410214659163637,0.10535659530739463,0.0,0.0625,0.0625
material_0701210_position_3_sensor_2,Paper_Cardboard,64.3644,20.90234036601848,0.10096049708945902,0.0,0.0,0.0625
material_0701210_position_3_sensor_3,Paper_Cardboard,57.3658,18.122831294897214,0.14159802485447232,0.0,0.0625,0.0625
material_0701210_position_4_sensor_1,Paper_Cardboard,57.4943,20.007659597707615,0.19126558191635934,0.0,0.0625,0.0625
material_0701210_position_4_sensor_2,Paper_Cardboard,58.2284,20.672663977869902,0.16542847477532432,0.0,0.0625,0.0625
material_0701210_position_4_sensor_3,Paper_Cardboard,55.5222,16.61256431542752,0.21137406173406714,0.0,0.0625,0.0625
material_0701210_position_5_sensor_1,Paper_Cardboard,77.5259,19.644133133787175,0.1781366150301273,0.0,0.0,0.0
material_0701210_position_5_sensor_2,Paper_Cardboard,59.2895,20.80342541511131,0.10264339352277094,0.0,0.0625,0.0625
material_0701210_position_5_sensor_3,Paper_Cardboard,77.3531,18.340899937808913,0.14907876806321277,0.0,0.0,0.0
material_0701220_position_1_sensor_1,Paper_Cardboard,79.1331,19.365329656883222,0.068423245166122,0.0,0.0,0.0
material_0701220_position_1_sensor_2,Paper_Cardboard,59.0623,20.87393394460014,0.11910433900122522,0.0,0.0625,0.0625
material_0701220_position_1_sensor_3,Paper_Cardboard,76.6211,18.39129817875435,0.19670409677542838,0.0,0.0,0.0
material_0701220_position_2_sensor_1,Paper_Cardboard,78.819,18.81659010497337,0.0713779695797567,0.0,0.0,0.0
material_0701220_position_2_sensor_2,Paper_Cardboard,75.5587,22.347891942440942,0.07007066993464067,0.0,0.0625,0.0
material_0701220_position_2_sensor_3,Paper_Cardboard,74.611,20.53553586211377,0.07419400562959223,0.0,0.0625,0.0
material_0701220_position_3_sensor_1,Paper_Cardboard,62.7991,19.95906843707622,0.17058539975235,0.0,0.0,0.0625
material_0701220_position_3_sensor_2,Paper_Cardboard,73.8147,10.513065436634164,0.13195633393331252,0.0,0.0,0.0
material_0701220_position_3_sensor_3,Paper_Cardboard,71.3857,17.96258606880978,0.19838595601000533,0.0,0.0625,0.0
material_0701220_position_4_sensor_1,Paper_Cardboard,79.8941,21.712797169399938,0.09244781932955341,0.0,0.0,0.0
material_0701220_position_4_sensor_2,Paper_Cardboard,75.1773,22.071706742654094,0.08561681570414646,0.0,0.0625,0.0
material_0701220_position_4_sensor_3,Paper_Cardboard,78.507,20.177834587419042,0.13272886188980706,0.0,0.0,0.0
material_0701220_position_5_sensor_1,Paper_Cardboard,62.6931,19.997281487754172,0.17843333205677905,0.0,0.0,0.0625
material_0701220_position_5_sensor_2,Paper_Cardboard,78.7768,20.719535857520267,0.13234552600336996,0.0,0.0,0.0
material_0701220_position_5_sensor_3,Paper_Cardboard,76.0736,17.948494237338597,0.21759679936427426,0.0,0.0,0.0
material_0701240_position_1_sensor_1,Paper_Cardboard,63.8422,18.46874220420925,-0.05925758112490201,0.0,0.0,0.0625
material_0701240_position_1_sensor_2,Paper_Cardboard,75.1457,21.17581135991057,-0.060157906326594096,0.0,0.0625,0.0
material_0701240_position_1_sensor_3,Paper_Cardboard,71.689,14.81490624687467,0.08283889431423386,0.0,0.0625,0.0
material_0701240_position_2_sensor_1,Paper_Cardboard,58.4832,18.3386534884456,0.077873241549223,0.0,0.0625,0.0625
material_0701240_position_2_sensor_2,Paper_Cardboard,66.0283,21.23413904613122,-0.0063828124999987645,0.0,0.0,0.0625
material_0701240_position_2_sensor_3,Paper_Cardboard,58.688,16.865790960123327,0.019850153505411902,0.0,0.0625,0.0625
material_0701240_position_3_sensor_1,Paper_Cardboard,60.9793,12.579660206123986,-0.059021951912275473,0.0,0.0,0.0625
material_0701240_position_3_sensor_2,Paper_Cardboard,80.1226,21.688780249822624,-0.07732688993566429,0.0,0.0,0.0
material_0701240_position_3_sensor_3,Paper_Cardboard,78.2966,17.041985656185293,-0.04988440659466835,0.0,0.0,0.0
material_0701240_position_4_sensor_1,Paper_Cardboard,78.3561,18.477842245989958,-0.09013862719567095,0.0,0.0,0.0
material_0701240_position_4_sensor_2,Paper_Cardboard,59.8776,21.79001399492534,-0.09585593788296495,0.0,0.0625,0.0625
material_0701240_position_4_sensor_3,Paper_Cardboard,56.6153,15.73102218568254,-0.11555103496476823,0.0,0.0625,0.0625
material_0701250_position_1_sensor_1,Paper_Cardboard,78.9746,19.920124836863046,0.09540060763888561,0.0,0.0,0.0
material_0701250_position_1_sensor_2,Paper_Cardboard,62.399,19.36033494555901,0.17742523871527827,0.0,0.0,0.0625
material_0701250_position_1_sensor_3,Paper_Cardboard,60.8542,17.262955585207475,0.21040253682853027,0.0,0.0,0.0625
material_0701250_position_2_sensor_1,Paper_Cardboard,78.7699,17.82729970833347,0.04415661860447345,0.0,0.0,0.0
material_0701250_position_2_sensor_2,Paper_Cardboard,79.8142,21.69576534782125,0.09695417975132778,0.0,0.0,0.0
material_0701250_position_2_sensor_3,Paper_Cardboard,77.6562,17.9175935004181,0.11702957292943213,0.0,0.0,0.0
material_0701250_position_3_sensor_1,Paper_Cardboard,63.0788,16.202026853171468,0.03786151960784165,0.0,0.0,0.0625
material_0701250_position_3_sensor_2,Paper_Cardboard,81.5291,22.789937102319765,0.022533959482230418,0.0,0.0,0.0
material_0701250_position_3_sensor_3,Paper_Cardboard,60.6542,20.41258775528526,-0.004758757148695099,0.0,0.0625,0.0625
material_0701250_position_4_sensor_1,Paper_Cardboard,74.8502,18.798224961970085,0.005904992595994381,0.0,0.0625,0.0
material_0701250_position_4_sensor_2,Paper_Cardboard,81.4569,22.806673117567698,0.02758932515063356,0.0,0.0,0.0
material_0701250_position_4_sensor_3,Paper_Cardboard,80.402,20.513335730776937,-0.023723012088953867,0.0,0.0,0.0
material_0701250_position_5_sensor_1,Paper_Cardboard,76.9315,17.602364648871895,0.15299018969566777,0.0,0.0,0.0
material_0701250_position_5_sensor_2,Paper_Cardboard,76.2927,19.39670372820499,0.24817911624284958,0.0,0.0,0.0
material_0701250_position_5_sensor_3,Paper_Cardboard,60.8314,17.916335185787613,0.2318585197099679,0.0,0.0,0.0625
material_0701260_position_1_sensor_1,Paper_Cardboard,78.7732,18.227555262101326,-0.05621180183227918,0.0,0.0,0.0
material_0701260_position_1_sensor_2,Paper_Cardboard,59.8599,21.251883286453776,-0.08047558434181032,0.0,0.0625,0.0625
material_0701260_position_1_sensor_3,Paper_Cardboard,58.8159,16.787111974539282,-0.009390487770630075,0.0,0.0625,0.0625
material_0701260_position_2_sensor_1,Paper_Cardboard,64.6378,18.341768019905395,-0.005288559857539449,0.0,0.0,0.0625
material_0701260_position_2_sensor_2,Paper_Cardboard,75.096,21.213357072002523,-0.0644367675781277,0.0,0.0625,0.0
material_0701260_position_2_sensor_3,Paper_Cardboard,61.3939,13.858166330311327,-0.07209961097069123,0.0,0.0,0.0625
material_0701260_position_3_sensor_1,Paper_Cardboard,77.5485,18.64821912561051,-0.14619601460376255,0.0,0.0,0.0
material_0701260_position_3_sensor_2,Paper_Cardboard,60.6959,15.97599318870996,-0.18093159275429155,0.0,0.0,0.0625
material_0701260_position_3_sensor_3,Paper_Cardboard,74.8521,16.81628554981203,-0.2597952122906456,0.0,0.0,0.0
material_0701260_position_4_sensor_1,Paper_Cardboard,78.9851,18.50037403597694,-0.05123665524152827,0.0,0.0,0.0
material_0701260_position_4_sensor_2,Paper_Cardboard,64.874,21.133176989855876,-0.07595049530228802,0.0,0.0,0.0625
material_0701260_position_4_sensor_3,Paper_Cardboard,62.9539,16.91129606570938,-0.06745291915594535,0.0,0.0,0.0625
material_0701260_position_5_sensor_1,Paper_Cardboard,71.3269,13.040709594533517,-0.05127080141952874,0.0,0.0625,0.0
material_0701260_position_5_sensor_2,Paper_Cardboard,55.2827,21.192024128241865,-0.05202946282679834,0.0,0.125,0.0625
material_0701260_position_5_sensor_3,Paper_Cardboard,73.1346,16.713843946303435,-0.050027066099875096,0.0,0.0625,0.0
material_0701280_position_1_sensor_1,Metal,59.4349,17.787042667331583,0.07511996134174063,0.0,0.058823529411764705,0.058823529411764705
material_0701280_position_1_sensor_2,Metal,57.7298,19.996233494988008,0.17609058893739685,0.0,0.0625,0.0625
material_0701280_position_1_sensor_3,Metal,54.2438,16.573377817681063,0.2906457663143367,0.0,0.0625,0.0625
material_0701280_position_2_sensor_1,Metal,58.4626,18.86565617551692,0.09531988485498372,0.0,0.0625,0.0625
material_0701280_position_2_sensor_2,Metal,75.6252,21.52254468759707,0.04059582599315459,0.0,0.0625,0.0
material_0701280_position_2_sensor_3,Metal,53.7668,19.523086120229344,0.09631497332005606,0.0,0.125,0.0625
material_0701280_position_3_sensor_1,Metal,66.9622,17.78935973034306,0.15678874655330619,0.0,0.125,0.0
material_0701280_position_3_sensor_2,Metal,57.5319,19.987632972411333,0.1882845945669943,0.0,0.0625,0.0625
material_0701280_position_3_sensor_3,Metal,54.0841,16.42241248170125,0.29607320389092956,0.0,0.0625,0.0625
material_0701280_position_4_sensor_1,Metal,58.1666,19.01871777519152,0.11863815327563101,0.0,0.0625,0.0625
material_0701280_position_4_sensor_2,Metal,61.2276,22.15979621896718,0.02220071231617493,0.0,0.0625,0.0625
material_0701280_position_4_sensor_3,Metal,54.0783,19.94894716669608,0.08975673221762287,0.0,0.125,0.0625
material_0701290_position_1_sensor_1,Metal,79.0444,18.277883912014595,0.04068671172896131,0.0,0.0,0.0
material_0701290_position_1_sensor_2,Metal,59.6129,20.554556266970696,0.07466134184793637,0.0,0.0625,0.0625
material_0701290_position_1_sensor_3,Metal,65.4352,15.768015052214533,0.1909711770450354,0.0,0.125,0.0
material_0701290_position_2_sensor_1,Metal,58.485,19.07367432476405,0.10027863147212154,0.0,0.0625,0.0625
material_0701290_position_2_sensor_2,Metal,61.1613,21.701965444391544,0.012349982766541779,0.0,0.0625,0.0625
material_0701290_position_2_sensor_3,Metal,57.3388,17.106241626437942,0.11214718647875747,0.0,0.0625,0.0625
material_0701290_position_3_sensor_1,Metal,57.7918,18.513486401621467,0.12675125899968964,0.0,0.0625,0.0625
material_0701290_position_3_sensor_2,Metal,60.5367,21.32938204484525,-0.04024825750613026,0.0,0.0625,0.0625
material_0701290_position_3_sensor_3,Metal,77.0681,17.05584675525443,0.12764268344055937,0.0,0.0,0.0
material_0701290_position_4_sensor_1,Metal,76.5181,17.881444286083884,0.18756521905637177,0.0,0.0,0.0
material_0701290_position_4_sensor_2,Metal,64.9178,20.506519488195526,0.05399584322660989,0.0,0.0,0.0625
material_0701290_position_4_sensor_3,Metal,55.6634,16.179695041675515,0.18922269295087848,0.0,0.0625,0.0625
material_0701300_position_1_sensor_1,Metal,78.6243,17.405747567594698,0.040402507574208345,0.0,0.0,0.0
material_0701300_position_1_sensor_2,Metal,80.9431,21.0915388066001,-0.00737984770731456,0.0,0.0,0.0
material_0701300_position_1_sensor_3,Metal,77.4702,16.32090276667568,0.07981138461243852,0.0,0.0,0.0
material_0701300_position_2_sensor_1,Metal,78.4773,17.03068398541832,0.038162884348619176,0.0,0.0,0.0
material_0701300_position_2_sensor_2,Metal,64.8367,19.27400043794767,0.02133433223549716,0.0,0.0,0.0625
material_0701300_position_2_sensor_3,Metal,77.037,15.09628923267978,0.06955485185610238,0.0,0.0,0.0
material_0701300_position_3_sensor_1,Metal,73.551,17.875931597628703,0.059425982306983594,0.0,0.0625,0.0
material_0701300_position_3_sensor_2,Metal,80.517,20.31445687232224,0.010389174517459594,0.0,0.0,0.0
material_0701300_position_3_sensor_3,Metal,77.7284,16.50785111259048,0.06928693544474834,0.0,0.0,0.0
material_0701300_position_4_sensor_1,Metal,78.3088,18.0644695859312,0.08044659383935872,0.0,0.0,0.0
material_0701300_position_4_sensor_2,Metal,80.5828,20.362194435219415,0.007712579465379397,0.0,0.0,0.0
material_0701300_position_4_sensor_3,Metal,77.5326,16.79618844612256,0.0904505782781838,0.0,0.0,0.0
material_0701300_position_5_sensor_1,Metal,57.9049,7.05971365586292,0.0834105104932581,0.0,0.0,0.0625
material_0701300_position_5_sensor_2,Metal,78.6348,16.697449165535428,-0.01804130604064804,0.0,0.0,0.0
material_0701300_position_5_sensor_3,Metal,77.6299,15.407782163520068,0.04177903518178021,0.0,0.0,0.0
material_0701300_position_6_sensor_1,Metal,73.0293,16.816666519559362,0.0598106601690168,0.0,0.0625,0.0
material_0701300_position_6_sensor_2,Metal,80.0013,19.437373385540415,-0.015978506050858595,0.0,0.0,0.0
material_0701300_position_6_sensor_3,Metal,76.6252,14.78014050394832,0.08579466337316075,0.0,0.0,0.0
material_0701320_position_1_sensor_1,Metal,45.7767,10.393317386044492,-0.0047826318678521025,0.0,0.1875,0.0625
material_0701320_position_1_sensor_2,Metal,76.5848,19.1670875451705,0.22276168843188307,0.0,0.0,0.0
material_0701320_position_1_sensor_3,Metal,15.0,-1.6300760407047323,1.2589709009906047,0.06091685353973766,0.0,0.0625
material_0701320_position_2_sensor_1,Metal,82.0355,23.381514866008516,-0.008783605238971415,0.0,0.0,0.0
material_0701320_position_2_sensor_2,Metal,77.3282,14.011963401497756,-0.01799817931730265,0.0,0.0,0.0
material_0701320_position_2_sensor_3,Metal,75.6201,15.846265649676623,0.18172869115093931,0.0,0.0,0.0
material_0701320_position_3_sensor_1,Metal,63.197,17.81369386331465,0.13534562653186213,0.0,0.0,0.058823529411764705
material_0701320_position_3_sensor_2,Metal,72.5822,19.785956922148618,0.1789357208052468,0.0,0.0625,0.0
material_0701320_position_3_sensor_3,Metal,60.7276,15.860313569341445,0.1753956131280617,0.0,0.0,0.0625
material_0701320_position_4_sensor_1,Metal,78.4009,19.165680402463625,0.1083940844566987,0.0,0.0,0.0
material_0701320_position_4_sensor_2,Metal,81.0283,21.701439602767575,0.020702434066072205,0.0,0.0,0.0
material_0701320_position_4_sensor_3,Metal,78.0034,17.793876288121044,0.09138486455780219,0.0,0.0,0.0
material_0701320_position_5_sensor_1,Metal,77.292,18.07126084461017,0.14466366676878967,0.0,0.0,0.0
material_0701320_position_5_sensor_2,Metal,73.025,19.88582991629061,0.15412313623365945,0.0,0.0625,0.0
material_0701320_position_5_sensor_3,Metal,75.4932,15.884027996875423,0.1908763691023286,0.0,0.0,0.0
material_0701320_position_6_sensor_1,Metal,52.4161,18.158100110298633,0.1395103751787169,0.0,0.125,0.0625
material_0701320_position_6_sensor_2,Metal,78.7014,20.215797808123842,0.12165767973856124,0.0,0.0,0.0
material_0701320_position_6_sensor_3,Metal,60.7738,16.102482818903873,0.17990797972834802,0.0,0.0,0.0625
material_0701320_position_7_sensor_1,Metal,78.964,18.44521059582095,0.05087521382250617,0.0,0.0,0.0
material_0701320_position_7_sensor_2,Metal,64.9404,21.23450965311436,0.07487859349469139,0.0,0.0,0.0625
material_0701320_position_7_sensor_3,Metal,77.6221,17.551229361215828,0.10794914215685804,0.0,0.0,0.0
material_0701330_position_1_sensor_1,Metal,78.9664,19.898616965612902,0.09525645456750241,0.0,0.0,0.0
material_0701330_position_1_sensor_2,Metal,51.6905,19.572763030668703,0.22853805721507608,0.0,0.125,0.0625
material_0701330_position_1_sensor_3,Metal,74.5541,16.733211574831316,0.2760118495966071,0.0,0.0,0.0
material_0701330_position_2_sensor_1,Metal,51.2849,17.71124627851213,0.19702469171261958,0.0,0.125,0.0625
material_0701330_position_2_sensor_2,Metal,61.9515,20.129783992516955,0.22917523871527531,0.0,0.0,0.0625
material_0701330_position_2_sensor_3,Metal,64.8013,17.156135873388617,0.27340696486927846,0.0,0.125,0.0
material_0701330_position_3_sensor_1,Metal,56.1789,17.538534377760012,0.1984103573069861,0.0,0.0625,0.0625
material_0701330_position_3_sensor_2,Metal,66.3723,19.215601804441,0.2376233293121924,0.0,0.125,0.0
material_0701330_position_3_sensor_3,Metal,74.4621,16.841097509340727,0.28510437729779203,0.0,0.0,0.0
material_0701330_position_4_sensor_1,Metal,50.8193,17.35234249107697,0.21533795285692167,0.0,0.125,0.0625
material_0701330_position_4_sensor_2,Metal,76.1328,19.115670480757615,0.24963642035590072,0.0,0.0,0.0
material_0701330_position_4_sensor_3,Metal,54.1054,16.435189674968715,0.2951240154590483,0.0,0.0625,0.0625
material_0701340_position_1_sensor_1,Metal,55.0899,9.364595326639014,0.09055224715754132,0.0,0.058823529411764705,0.058823529411764705
material_0701340_position_1_sensor_2,Metal,59.6424,20.848871303023103,0.0818203970715883,0.0,0.0625,0.0625
material_0701340_position_1_sensor_3,Metal,76.1746,17.679683415525275,0.20300432432087337,0.0,0.0,0.0
material_0701340_position_2_sensor_1,Metal,76.4799,16.42899460402586,0.14545982370812952,0.0,0.0,0.0
material_0701340_position_2_sensor_2,Metal,59.5033,20.851643943491617,0.09065927702460971,0.0,0.0625,0.0625
material_0701340_position_2_sensor_3,Metal,56.1064,17.807371376067668,0.21121057527829015,0.0,0.0625,0.0625
material_0701340_position_3_sensor_1,Metal,60.7756,12.329969780601807,0.06419313438265772,0.0,0.0,0.0625
material_0701340_position_3_sensor_2,Metal,72.9872,18.077097884900304,0.4158215746910718,0.0,0.0,0.0
material_0701340_position_3_sensor_3,Metal,72.8792,16.648862117966782,0.06411346156300664,0.0,0.0625,0.0
material_0701340_position_4_sensor_1,Metal,56.9777,17.947212910093477,0.16064480730443167,0.0,0.0625,0.0625
material_0701340_position_4_sensor_2,Metal,58.1446,20.286521378897024,0.1588760531556349,0.0,0.0625,0.0625
material_0701340_position_4_sensor_3,Metal,57.9641,12.537106536478609,0.24752405184078635,0.0,0.0,0.0625
material_0701340_position_5_sensor_1,Metal,77.1075,18.282371174873337,0.1627474947661322,0.0,0.0,0.0
material_0701340_position_5_sensor_2,Metal,64.023,21.161404028073818,0.13038681608711206,0.0,0.0,0.0625
material_0701340_position_5_sensor_3,Metal,57.6092,16.129571553128844,0.06519634331597182,0.0,0.0625,0.0625
material_0701350_position_1_sensor_1,Metal,52.6646,17.39711411603674,0.19312482979302797,0.0,0.11764705882352941,0.058823529411764705
material_0701350_position_1_sensor_2,Metal,73.1384,20.05888643838327,0.15228941195618792,0.0,0.0625,0.0
material_0701350_position_1_sensor_3,Metal,74.0522,16.517296664107086,0.3009902854370903,0.0,0.0,0.0
material_0701350_position_2_sensor_1,Metal,65.2844,13.947402121485501,0.14467901092728713,0.0,0.125,0.0
material_0701350_position_2_sensor_2,Metal,79.6114,20.827155802601105,0.08310530279820058,0.0,0.0,0.0
material_0701350_position_2_sensor_3,Metal,56.8922,18.044258183569426,0.16900351849724177,0.0,0.0625,0.0625
material_0701350_position_3_sensor_1,Metal,65.2469,21.855213686323467,0.07460713624642164,0.0,0.0,0.0625
material_0701350_position_3_sensor_2,Metal,66.0825,21.821786195269773,0.020982575061270572,0.0,0.0,0.0625
material_0701350_position_3_sensor_3,Metal,63.302,19.85489012477085,0.13574005725336874,0.0,0.0,0.0625
material_0701350_position_4_sensor_1,Metal,56.5726,18.40809984987256,0.20027038973140748,0.0,0.0625,0.0625
material_0701350_position_4_sensor_2,Metal,76.6718,12.509981657564031,0.013297569125306287,0.0,0.0,0.0
material_0701350_position_4_sensor_3,Metal,50.0676,13.164338285743774,0.13432936166002743,0.0,0.125,0.0625
material_0701360_position_1_sensor_1,Metal,58.2938,15.129474266621305,0.06551541064559391,0.0,0.058823529411764705,0.058823529411764705
material_0701360_position_1_sensor_2,Metal,56.8947,19.897526862708176,0.22563042694291066,0.0,0.0625,0.0625
material_0701360_position_1_sensor_3,Metal,60.2351,16.917624555480973,0.2387904826644197,0.0,0.0,0.0625
material_0701360_position_2_sensor_1,Metal,50.8746,17.348323879872837,0.21173181551266163,0.0,0.125,0.0625
material_0701360_position_2_sensor_2,Metal,57.1657,19.996627898215714,0.21161184353298398,0.0,0.0625,0.0625
material_0701360_position_2_sensor_3,Metal,54.1368,12.917175971687447,0.18535077103758024,0.0,0.0625,0.0625
material_0701360_position_3_sensor_1,Metal,77.1921,14.921334796141272,-0.054430755016850636,0.0,0.0,0.0
material_0701360_position_3_sensor_2,Metal,75.0906,9.789117893867425,-0.029460091784106846,0.0,0.0,0.0
material_0701360_position_3_sensor_3,Metal,79.309,20.445916178032274,-0.09046272148182335,0.0,0.0,0.0
material_0701360_position_4_sensor_1,Metal,44.8768,5.195235224505545,0.21689224462571532,0.0,0.125,0.0625
material_0701360_position_4_sensor_2,Metal,56.391,19.34057322180611,0.24027703578175963,0.0,0.0625,0.0625
material_0701360_position_4_sensor_3,Metal,58.1796,15.6717096809676,0.33000518439797905,0.0,0.0,0.0625
material_0701370_position_1_sensor_1,Metal,74.9681,13.700688303561982,0.15702659324363158,0.0,0.0,0.0
material_0701370_position_1_sensor_2,Metal,58.8819,20.416308526871028,0.11643777765012044,0.0,0.0625,0.0625
material_0701370_position_1_sensor_3,Metal,55.6786,15.852644644649576,0.1782430427900308,0.0,0.0625,0.0625
material_0701370_position_2_sensor_1,Metal,77.4077,17.735041816291588,0.1270805584278003,0.0,0.0,0.0
material_0701370_position_2_sensor_2,Metal,78.9598,20.48000751521797,0.1134869249131926,0.0,0.0,0.0
material_0701370_position_2_sensor_3,Metal,59.9897,15.415336394918455,0.20820511642156808,0.0,0.0,0.0625
material_0701370_position_3_sensor_1,Metal,57.6563,17.850431862109893,0.11496522990706527,0.0,0.0625,0.0625
material_0701370_position_3_sensor_2,Metal,63.658,20.394768004382875,0.12987211818320954,0.0,0.0,0.0625
material_0701370_position_3_sensor_3,Metal,54.7087,15.257410467917305,0.22105489653543664,0.0,0.0625,0.0625
material_0701370_position_4_sensor_1,Metal,61.779,17.61082912631549,0.1628466764961195,0.0,0.0,0.0625
material_0701370_position_4_sensor_2,Metal,63.4165,20.272417065215418,0.14132847126480758,0.0,0.0,0.0625
material_0701370_position_4_sensor_3,Metal,60.0167,15.374796674121807,0.20526771854575185,0.0,0.0,0.0625
material_0701380_position_1_sensor_1,Metal,77.7081,17.645442025069464,0.10542495149101223,0.0,0.0,0.0
material_0701380_position_1_sensor_2,Metal,72.1032,20.069891819996567,0.21778985236672646,0.0,0.0625,0.0
material_0701380_position_1_sensor_3,Metal,60.7766,17.20713263912527,0.2135787792330463,0.0,0.0,0.0625
material_0701380_position_2_sensor_1,Metal,57.1217,17.721673604530825,0.14466990272671243,0.0,0.0625,0.0625
material_0701380_position_2_sensor_2,Metal,77.7024,20.44227120601441,0.19148342715992495,0.0,0.0,0.0
material_0701380_position_2_sensor_3,Metal,70.6196,17.334787960013415,0.2273697789011414,0.0,0.0625,0.0
material_0701380_position_3_sensor_1,Metal,55.4165,14.331710418140071,0.14813650652318155,0.0,0.0625,0.0625
material_0701380_position_3_sensor_2,Metal,57.2527,7.883314635667352,0.14970299415338717,0.0,0.0,0.0625
material_0701380_position_3_sensor_3,Metal,59.5556,18.70396485824483,0.021563530815972884,0.0,0.0625,0.0625
material_0701380_position_4_sensor_1,Metal,76.3792,17.390152159658278,0.18125355041104674,0.0,0.0,0.0
material_0701380_position_4_sensor_2,Metal,56.9166,19.83007516116405,0.22218930153441538,0.0,0.0625,0.0625
material_0701380_position_4_sensor_3,Metal,74.6691,16.830952882206297,0.27176543830422506,0.0,0.0,0.0
material_0701400_position_1_sensor_1,Metal,77.0447,17.177414799413718,0.13284065861587535,0.0,0.0,0.0
material_0701400_position_1_sensor_2,Metal,74.4119,8.22908769192525,0.02437796000561595,0.0,0.0,0.0
material_0701400_position_1_sensor_3,Metal,76.9131,16.26695577240347,0.113230582044014,0.0,0.0,0.0
material_0701400_position_2_sensor_1,Metal,75.221,12.33591533508096,0.09928946940104302,0.0,0.0,0.0
material_0701400_position_2_sensor_2,Metal,74.9829,21.10699855513914,0.06829381287020124,0.0,0.0625,0.0
material_0701400_position_2_sensor_3,Metal,52.0543,16.660832016680107,0.11640598990247268,0.0,0.125,0.0625
material_0701400_position_3_sensor_1,Metal,78.2245,18.71756965224265,0.10577058121425531,0.0,0.0,0.0
material_0701400_position_3_sensor_2,Metal,80.0585,21.37426109993462,0.07172862891901652,0.0,0.0,0.0
material_0701400_position_3_sensor_3,Metal,73.0164,16.875091045187606,0.062412224264705364,0.0,0.0625,0.0
material_0701400_position_4_sensor_1,Metal,62.7052,18.0379553324995,0.11763060087316098,0.0,0.0,0.0625
material_0701400_position_4_sensor_2,Metal,80.8192,20.651099706425676,0.0016813869102316138,0.0,0.0,0.0
material_0701400_position_4_sensor_3,Metal,61.402,16.525234849872263,0.15331389303768223,0.0,0.0,0.0625
material_0701400_position_5_sensor_1,Metal,77.9153,18.120995971819543,0.10695346488204621,0.0,0.0,0.0
material_0701400_position_5_sensor_2,Metal,80.4111,20.45511181553271,0.02136630189184846,0.0,0.0,0.0
material_0701400_position_5_sensor_3,Metal,75.0871,13.84213236078697,0.1538714176751393,0.0,0.0,0.0
material_0701420_position_1_sensor_1,Metal,78.332,19.769292495438812,0.1312257981643145,0.0,0.0,0.0
material_0701420_position_1_sensor_2,Metal,78.9297,20.31147813844246,0.1102193483838853,0.0,0.0,0.0
material_0701420_position_1_sensor_3,Metal,77.1984,17.48218725985001,0.13250222279666835,0.0,0.0,0.0
material_0701420_position_2_sensor_1,Metal,78.0434,18.545170915757065,0.11188681874659462,0.0,0.0,0.0
material_0701420_position_2_sensor_2,Metal,64.2232,19.85591502259195,0.07778057342728725,0.0,0.0,0.0625
material_0701420_position_2_sensor_3,Metal,76.0324,16.374971258712787,0.1719751391441975,0.0,0.0,0.0
material_0701420_position_3_sensor_1,Metal,79.9862,21.110942140679605,0.06821172736672787,0.0,0.0,0.0
material_0701420_position_3_sensor_2,Metal,80.6744,20.826784291988353,0.016178988587622053,0.0,0.0,0.0
material_0701420_position_3_sensor_3,Metal,49.0261,19.379844573136463,0.07560383316737836,0.0,0.1875,0.0625
material_0701420_position_4_sensor_1,Metal,78.6687,20.535577611207856,0.13351443780637148,0.0,0.0,0.0
material_0701420_position_4_sensor_2,Metal,80.8896,21.351459567728085,0.018710221035026505,0.0,0.0,0.0
material_0701420_position_4_sensor_3,Metal,58.8847,19.067321875554036,0.0749240467345763,0.0,0.0625,0.0625
material_0701420_position_5_sensor_1,Metal,73.5286,18.35813519977321,0.07561425781250146,0.0,0.0625,0.0
material_0701420_position_5_sensor_2,Metal,70.4507,16.480001817640904,0.5265536694495515,0.0,0.0,0.0
material_0701420_position_5_sensor_3,Metal,78.3632,18.634014492606134,0.09447730768739573,0.0,0.0,0.0
material_0701420_position_6_sensor_1,Metal,78.2085,17.5454877892495,0.07086017124948665,0.0,0.0,0.0
material_0701420_position_6_sensor_2,Metal,73.7948,19.4766036240882,0.09312632601868687,0.0,0.0625,0.0
material_0701420_position_6_sensor_3,Metal,72.2448,17.08211690276934,0.11732752502042303,0.0,0.0625,0.0
material_0701430_position_1_sensor_1,Metal,76.1362,12.514746595446546,-0.04716063336141827,0.0,0.0,0.0
material_0701430_position_1_sensor_2,Metal,79.0264,19.005950292533967,-0.06412394844005141,0.0,0.0,0.0
material_0701430_position_1_sensor_3,Metal,69.2279,12.290779631717566,0.47516552415236907,0.0,0.0,0.0
material_0701430_position_2_sensor_1,Metal,76.6042,12.806093274481968,-0.026624704797283728,0.0,0.0,0.0
material_0701430_position_2_sensor_2,Metal,74.3608,19.891607299477403,-0.0702151820363553,0.0,0.0625,0.0
material_0701430_position_2_sensor_3,Metal,64.4272,11.55155978430872,0.7547072323069836,0.0,0.0,0.0
material_0701430_position_3_sensor_1,Metal,73.6734,16.753102869081925,0.01731775620404218,0.0,0.0625,0.0
material_0701430_position_3_sensor_2,Metal,79.0801,17.351091963090024,0.010038363587621809,0.0,0.0,0.0
material_0701430_position_3_sensor_3,Metal,60.2806,10.982875022089008,0.6835656945720984,0.0,0.0625,0.0
material_0701430_position_4_sensor_1,Metal,78.6115,17.408419214101034,0.04129079063265967,0.0,0.0,0.0
material_0701430_position_4_sensor_2,Metal,79.1342,19.546348822315036,-0.07390144058925742,0.0,0.0,0.0
material_0701430_position_4_sensor_3,Metal,43.1795,11.15647431769217,0.8211454711116192,0.0,0.0625,0.0625
material_0701430_position_5_sensor_1,Metal,80.6993,21.415811881768875,-0.03266356783598611,0.0,0.0,0.0
material_0701430_position_5_sensor_2,Metal,75.346,17.34218092381129,0.24481850777420186,0.0,0.0,0.0
material_0701430_position_5_sensor_3,Metal,77.9684,17.752470765738725,-0.09231720888225262,0.0,0.0,0.0
material_0701430_position_6_sensor_1,Metal,64.5199,18.058987119400086,-0.004044388914418854,0.0,0.0,0.0625
material_0701430_position_6_sensor_2,Metal,80.0116,20.29227699623929,-0.04152659377553361,0.0,0.0,0.0
material_0701430_position_6_sensor_3,Metal,78.536,16.602492914159974,-0.02134702435662094,0.0,0.0,0.0
material_0701460_position_1_sensor_1,Metal,61.1967,13.431082122662195,0.7009148794934646,0.0,0.0625,0.0
material_0701460_position_1_sensor_2,Metal,71.844,16.03862819263217,0.425322752310562,0.0,0.0,0.0
material_0701460_position_1_sensor_3,Metal,76.6068,14.8257089583674,0.08834717913858167,0.0,0.0,0.0
material_0701460_position_2_sensor_1,Metal,61.2329,11.52380720305336,0.954937048419628,0.0,0.0,0.0
material_0701460_position_2_sensor_2,Metal,71.1038,15.454254760531434,0.4540140085656651,0.0,0.0,0.0
material_0701460_position_2_sensor_3,Metal,76.9735,13.831031214083612,0.03478509242238466,0.0,0.0,0.0
material_0701460_position_3_sensor_1,Metal,77.9525,17.233236207106923,0.07740925468494424,0.0,0.0,0.0
material_0701460_position_3_sensor_2,Metal,76.0887,11.26218571542313,-0.01176670368668276,0.0,0.0,0.0
material_0701460_position_3_sensor_3,Metal,51.939,14.328686288318016,0.05220668977226392,0.0,0.125,0.0625
material_0701460_position_4_sensor_1,Metal,51.0004,13.436539820296012,0.7134402812882943,0.0,0.0,0.0625
material_0701460_position_4_sensor_2,Metal,46.5323,15.715022243437877,0.4350282532935014,0.0,0.125,0.0625
material_0701460_position_4_sensor_3,Metal,62.0742,14.260335689984307,0.04160122261795234,0.0,0.0,0.0625
material_0701460_position_5_sensor_1,Metal,77.085,15.43626557746515,0.07695571959252319,0.0,0.0,0.0
material_0701460_position_5_sensor_2,Metal,53.8115,15.562033383089439,0.28686710452409997,0.0,0.0625,0.0625
material_0701460_position_5_sensor_3,Metal,61.6788,12.665336845020985,0.01761347911560425,0.0,0.0,0.0625
material_0701490_position_1_sensor_1,Metal,78.1945,17.110124265378033,0.05840450644233151,0.0,0.0,0.0
material_0701490_position_1_sensor_2,Metal,73.1751,19.731955158782196,0.13996183427797812,0.0,0.0625,0.0
material_0701490_position_1_sensor_3,Metal,75.8519,16.048489904040547,0.17333172168606908,0.0,0.0,0.0
material_0701490_position_10_sensor_1,Metal,77.8075,17.64174285298227,0.09905033924376987,0.0,0.0,0.0
material_0701490_position_10_sensor_2,Metal,73.2971,20.14868437835052,0.1450514386744253,0.0,0.0625,0.0
material_0701490_position_10_sensor_3,Metal,75.1209,15.612531367158464,0.20599129710478148,0.0,0.0,0.0
material_0701490_position_11_sensor_1,Metal,78.5838,17.93621348271048,0.059210624744689286,0.0,0.0,0.0
material_0701490_position_11_sensor_2,Metal,79.6661,20.548218645020174,0.07111304508782705,0.0,0.0,0.0
material_0701490_position_11_sensor_3,Metal,77.6502,16.470973311905574,0.07308053608813339,0.0,0.0,0.0
material_0701490_position_12_sensor_1,Metal,77.6502,17.745305495312515,0.11212622708588646,0.0,0.0,0.0
material_0701490_position_12_sensor_2,Metal,78.9222,20.19729680215262,0.10719243068320743,0.0,0.0,0.0
material_0701490_position_12_sensor_3,Metal,77.1107,16.425212973203315,0.10564088350183724,0.0,0.0,0.0
material_0701490_position_13_sensor_1,Metal,78.034,17.902318982024795,0.09278140318627502,0.0,0.0,0.0
material_0701490_position_13_sensor_2,Metal,78.3613,20.30012531050549,0.14565002521190795,0.0,0.0,0.0
material_0701490_position_13_sensor_3,Metal,61.3737,16.25821418394476,0.1469128928589643,0.0,0.0,0.0625
material_0701490_position_14_sensor_1,Metal,76.0443,17.280856367137186,0.19898478030535205,0.0,0.0,0.0
material_0701490_position_14_sensor_2,Metal,79.0184,20.376294592194974,0.10661958741829955,0.0,0.0,0.0
material_0701490_position_14_sensor_3,Metal,54.9715,15.643195892762956,0.21633501519097031,0.0,0.0625,0.0625
material_0701490_position_2_sensor_1,Metal,61.6284,17.581799351564783,0.17143861698325086,0.0,0.0,0.0625
material_0701490_position_2_sensor_2,Metal,78.4429,20.121747405354338,0.13504597503063673,0.0,0.0,0.0
material_0701490_position_2_sensor_3,Metal,61.4994,16.62586305918486,0.15026469949958873,0.0,0.0,0.0625
material_0701490_position_3_sensor_1,Metal,64.2756,18.600739988596025,0.03602468054279021,0.0,0.0,0.0625
material_0701490_position_3_sensor_2,Metal,79.4584,21.053834905063333,0.09968187997855209,0.0,0.0,0.0
material_0701490_position_3_sensor_3,Metal,79.0192,17.511881961143985,0.018797687206392306,0.0,0.0,0.0
material_0701490_position_4_sensor_1,Metal,74.2373,18.263287978932837,0.028095490898181436,0.0,0.0625,0.0
material_0701490_position_4_sensor_2,Metal,79.7331,21.161769468557363,0.08569913349454457,0.0,0.0,0.0
material_0701490_position_4_sensor_3,Metal,100.0,60.0,0.0,0.0,,
material_0701490_position_5_sensor_1,Metal,65.799,18.805555829585426,-0.0019472315836074603,0.0,0.0,0.058823529411764705
material_0701490_position_5_sensor_2,Metal,81.1825,23.141394000758822,-0.05512123576644465,0.0,0.0,0.0
material_0701490_position_5_sensor_3,Metal,78.0428,17.747665417787903,-0.08748812327665484,0.0,0.0,0.0
material_0701490_position_6_sensor_1,Metal,78.9267,18.869936054813518,-0.0662333154616031,0.0,0.0,0.0
material_0701490_position_6_sensor_2,Metal,65.384,22.935885737183618,-0.09908636993208958,0.0,0.0,0.0625
material_0701490_position_6_sensor_3,Metal,78.1133,17.892884067333796,-0.08749765433517291,0.0,0.0,0.0
material_0701490_position_7_sensor_1,Metal,78.7187,18.62180477217505,-0.07172350675296471,0.0,0.0,0.0
material_0701490_position_7_sensor_2,Metal,80.9525,23.026225462756923,-0.06606683229932649,0.0,0.0,0.0
material_0701490_position_7_sensor_3,Metal,79.1366,17.84209908565495,-0.02152924581290749,0.0,0.0,0.0
material_0701490_position_8_sensor_1,Metal,76.3399,13.140583919093562,-0.05350985019659014,0.0,0.0,0.0
material_0701490_position_8_sensor_2,Metal,81.0302,23.6980761758271,-0.08176475694445115,0.0,0.0,0.0
material_0701490_position_8_sensor_3,Metal,100.0,60.0,0.0,0.0,,
material_0701490_position_9_sensor_1,Metal,63.1483,17.573548035295126,0.07551011029411678,0.0,0.0,0.0625
material_0701490_position_9_sensor_2,Metal,78.6568,20.021820244832746,0.11851809672436549,0.0,0.0,0.0
material_0701490_position_9_sensor_3,Metal,77.1017,16.34804791627693,0.10384100700826927,0.0,0.0,0.0
material_0701500_position_1_sensor_1,Metal,80.9364,23.5851974705373,-0.08420843120234499,0.0,0.0,0.0
material_0701500_position_1_sensor_2,Metal,74.3905,13.443464968561372,0.1855036668964431,0.0,0.0,0.0
material_0701500_position_1_sensor_3,Metal,59.9986,13.266724467333058,0.1418087581061058,0.0,0.0,0.0625
material_0701500_position_2_sensor_1,Metal,81.5468,24.157421571058684,0.06331790460324624,0.0,0.0,0.0
material_0701500_position_2_sensor_2,Metal,74.1686,20.58568626937953,0.10357881433823612,0.0,0.0625,0.0
material_0701500_position_2_sensor_3,Metal,77.4118,17.399160430141638,0.11652634484783397,0.0,0.0,0.0
material_0701500_position_3_sensor_1,Metal,78.2003,17.70445806583214,0.07624941225404923,0.0,0.0,0.0
material_0701500_position_3_sensor_2,Metal,78.6131,20.48871449979827,0.13557451554840733,0.0,0.0,0.0
material_0701500_position_3_sensor_3,Metal,78.2519,18.01323037578324,0.08246106355953843,0.0,0.0,0.0
material_0701500_position_4_sensor_1,Metal,63.2741,18.026642501322637,0.08147699174070433,0.0,0.0,0.0625
material_0701500_position_4_sensor_2,Metal,79.4802,20.960936083695607,0.09546425813163362,0.0,0.0,0.0
material_0701500_position_4_sensor_3,Metal,78.369,18.610972738922293,0.09340771165236723,0.0,0.0,0.0
material_0701500_position_5_sensor_1,Metal,63.2323,17.977250247803134,0.08259371329912062,0.0,0.0,0.0625
material_0701500_position_5_sensor_2,Metal,79.2698,20.73329717931635,0.10173435425602362,0.0,0.0,0.0
material_0701500_position_5_sensor_3,Metal,63.6486,18.612051034884274,0.07584105487898052,0.0,0.0,0.0625
material_0701500_position_6_sensor_1,Metal,71.104,12.550215640705712,-0.05027228062449033,0.0,0.0625,0.0
material_0701500_position_6_sensor_2,Metal,65.8843,23.452301324634384,-0.08341896446078638,0.0,0.0,0.0625
material_0701500_position_6_sensor_3,Metal,72.3808,16.08685586125886,-0.07826548138786803,0.0,0.0625,0.0
material_0701500_position_7_sensor_1,Metal,78.0317,17.89069904518098,0.09256701580371635,0.0,0.0,0.0
material_0701500_position_7_sensor_2,Metal,79.3413,20.665003464215175,0.09514074786815774,0.0,0.0,0.0
material_0701500_position_7_sensor_3,Metal,63.8552,18.53541366759997,0.06048668077256846,0.0,0.0,0.0625
material_0701610_position_1_sensor_1,Textiles_Leather,53.0477,19.640735587595042,0.1451874952129299,0.0,0.125,0.0625
material_0701610_position_1_sensor_2,Textiles_Leather,76.7374,19.713889902556183,0.22991050730187823,0.0,0.0,0.0
material_0701610_position_1_sensor_3,Textiles_Leather,58.9339,16.37229429424092,0.30399148699193224,0.0,0.0,0.0625
material_0701610_position_2_sensor_1,Textiles_Leather,79.8361,18.984709235290296,0.01250385359221657,0.0,0.0,0.0
material_0701610_position_2_sensor_2,Textiles_Leather,57.0123,23.164837170542697,-0.0036069463592772757,0.0,0.125,0.0625
material_0701610_position_2_sensor_3,Textiles_Leather,80.8753,20.80262253393661,-0.0027951787811491035,0.0,0.0,0.0
material_0701610_position_3_sensor_1,Textiles_Leather,51.5026,17.611774426893753,0.18027663366778818,0.0,0.125,0.0625
material_0701610_position_3_sensor_2,Textiles_Leather,78.5697,20.756761851546802,0.1465245002297781,0.0,0.0,0.0
material_0701610_position_3_sensor_3,Textiles_Leather,58.0072,18.604633834476346,0.11598770361009042,0.0,0.0625,0.0625
material_0701610_position_4_sensor_1,Textiles_Leather,55.5083,17.024736530675618,0.22487895252501935,0.0,0.0625,0.0625
material_0701610_position_4_sensor_2,Textiles_Leather,56.5625,19.70666312345467,0.24069368330014132,0.0,0.0625,0.0625
material_0701610_position_4_sensor_3,Textiles_Leather,74.7104,16.642973761204274,0.26340555747038397,0.0,0.0,0.0
material_0701650_position_1_sensor_1,Textiles_Leather,58.1826,18.11624694966059,-0.16403549294066525,0.0,0.058823529411764705,0.058823529411764705
material_0701650_position_1_sensor_2,Textiles_Leather,59.9746,21.87379142661652,-0.09231324040032857,0.0,0.0625,0.0625
material_0701650_position_1_sensor_3,Textiles_Leather,79.1,17.140465238402637,-0.0023328067555172566,0.0,0.0,0.0
material_0701650_position_2_sensor_1,Textiles_Leather,54.1074,18.775403628328682,-0.05196121195874259,0.0,0.125,0.0625
material_0701650_position_2_sensor_2,Textiles_Leather,57.8229,18.077964596531146,-0.11144801879085017,0.0,0.0625,0.0625
material_0701650_position_2_sensor_3,Textiles_Leather,58.8201,17.07599396086161,-0.01797758693321097,0.0,0.0625,0.0625
material_0701650_position_3_sensor_1,Textiles_Leather,73.5961,18.588254789176748,-0.0784120088465093,0.0,0.0625,0.0
material_0701650_position_3_sensor_2,Textiles_Leather,63.9115,20.94536669356836,-0.1307857658037198,0.0,0.0,0.0625
material_0701650_position_3_sensor_3,Textiles_Leather,78.0423,17.32041354353545,-0.07442485415390021,0.0,0.0,0.0
material_0701650_position_4_sensor_1,Textiles_Leather,54.6883,18.61846617366853,-0.010588862400427463,0.0,0.125,0.0625
material_0701650_position_4_sensor_2,Textiles_Leather,54.0061,20.93851526244439,-0.12462270539726326,0.0,0.125,0.0625
material_0701650_position_4_sensor_3,Textiles_Leather,58.201,16.98311849541942,-0.05410316616881318,0.0,0.0625,0.0625
material_0701710_position_1_sensor_1,Crafts,73.8715,18.643833328188418,-0.06278074257046685,0.0,0.0625,0.0
material_0701710_position_1_sensor_2,Crafts,76.1606,18.610160286742303,0.23239639022926742,0.0,0.0,0.0
material_0701710_position_1_sensor_3,Crafts,77.7043,16.917153015116956,-0.08334545260161406,0.0,0.0,0.0
material_0701710_position_2_sensor_1,Crafts,62.9846,17.556809190975414,-0.08530277267156855,0.0,0.0,0.0625
material_0701710_position_2_sensor_2,Crafts,78.8137,20.64636483846355,-0.12778112394046356,0.0,0.0,0.0
material_0701710_position_2_sensor_3,Crafts,76.1102,15.9649695053863,-0.15451321550755917,0.0,0.0,0.0
material_0701710_position_3_sensor_1,Crafts,79.317,17.778815640626476,0.008230883629493278,0.0,0.0,0.0
material_0701710_position_3_sensor_2,Crafts,79.6049,20.738649252796538,-0.0808060151143808,0.0,0.0,0.0
material_0701710_position_3_sensor_3,Crafts,78.2321,16.372727912543834,-0.033440895629087065,0.0,0.0,0.0
material_0701710_position_4_sensor_1,Crafts,79.5599,18.70810604016693,-0.021419581992954875,0.0,0.0,0.0
material_0701710_position_4_sensor_2,Crafts,79.9355,20.794799042110444,-0.06171145769505843,0.0,0.0,0.0
material_0701710_position_4_sensor_3,Crafts,78.9425,17.13473716822766,-0.012068172679228203,0.0,0.0,0.0
material_0701710_position_5_sensor_1,Crafts,74.4297,18.61665607665756,-0.02681023092830981,0.0,0.0625,0.0
material_0701710_position_5_sensor_2,Crafts,59.03,17.890137179674422,0.3444534888173989,0.0,0.0,0.0625
material_0701710_position_5_sensor_3,Crafts,63.4281,17.167998427732105,-0.04546831916360485,0.0,0.0,0.0625
material_0701720_position_1_sensor_1,Crafts,78.4844,18.004733659117022,0.06756314465890323,0.0,0.0,0.0
material_0701720_position_1_sensor_2,Crafts,78.032,19.96491690380358,0.15610778409670992,0.0,0.0,0.0
material_0701720_position_1_sensor_3,Crafts,75.6884,15.039464913847116,0.1527054211984245,0.0,0.0,0.0
material_0701720_position_2_sensor_1,Crafts,77.8918,18.051834704945428,0.10631275318286759,0.0,0.0,0.0
material_0701720_position_2_sensor_2,Crafts,79.2348,21.068475565418886,0.11420956201491021,0.0,0.0,0.0
material_0701720_position_2_sensor_3,Crafts,71.1457,16.150600715034603,0.15796994676777135,0.0,0.0625,0.0
material_0701720_position_3_sensor_1,Crafts,61.8531,17.59328417798584,0.1576433392692999,0.0,0.0,0.0625
material_0701720_position_3_sensor_2,Crafts,80.3552,21.204024100986537,0.047834217345790665,0.0,0.0,0.0
material_0701720_position_3_sensor_3,Crafts,59.8289,15.389751121194884,0.21754280758527544,0.0,0.0,0.0625
material_0701720_position_4_sensor_1,Crafts,79.2108,18.21112584349607,0.02816414068882552,0.0,0.0,0.0
material_0701720_position_4_sensor_2,Crafts,81.1602,21.844160553710132,0.01677678685406629,0.0,0.0,0.0
material_0701720_position_4_sensor_3,Crafts,78.2934,16.39897803562783,-0.030383420458030577,0.0,0.0,0.0
material_0701720_position_5_sensor_1,Crafts,63.7705,18.199162903705833,0.055514739391848415,0.0,0.0,0.0625
material_0701720_position_5_sensor_2,Crafts,68.0889,17.24764971278872,-0.06926370538449649,0.0,0.125,0.0
material_0701720_position_5_sensor_3,Crafts,77.5245,16.2346248632363,0.0737491447099651,0.0,0.0,0.0
material_0701720_position_6_sensor_1,Crafts,77.7404,18.108610535651376,0.11758292164521718,0.0,0.0,0.0
material_0701720_position_6_sensor_2,Crafts,65.417,20.968423682113414,0.036724279067092726,0.0,0.0,0.0625
material_0701720_position_6_sensor_3,Crafts,75.6828,16.389127118635574,0.1944164735881312,0.0,0.0,0.0
material_0701720_position_7_sensor_1,Crafts,79.5091,18.077200022224392,-0.0052821632667845175,0.0,0.0,0.0
material_0701720_position_7_sensor_2,Crafts,80.1221,20.944911429045337,0.05456679559844581,0.0,0.0,0.0
material_0701720_position_7_sensor_3,Crafts,76.2348,15.95718622378158,0.14643623780892712,0.0,0.0,0.0
material_0701840_position_1_sensor_1,Plastic_Rubber,58.3869,17.705667301478172,0.13859430051317392,0.0,0.058823529411764705,0.058823529411764705
material_0701840_position_1_sensor_2,Plastic_Rubber,55.4009,21.063499545025614,0.04064952256944451,0.0,0.125,0.0625
material_0701840_position_1_sensor_3,Plastic_Rubber,61.3826,16.50009602545434,0.15376337986366462,0.0,0.0,0.0625
material_0701840_position_2_sensor_1,Plastic_Rubber,77.157,18.206624206443156,0.15730695657168844,0.0,0.0,0.0
material_0701840_position_2_sensor_2,Plastic_Rubber,64.3248,20.87255411988314,0.10253867953431238,0.0,0.0,0.0625
material_0701840_position_2_sensor_3,Plastic_Rubber,56.7502,18.027430050924753,0.17742330314287152,0.0,0.0625,0.0625
material_0701840_position_3_sensor_1,Plastic_Rubber,59.0272,19.49964150651982,0.07920539407168942,0.0,0.0625,0.0625
material_0701840_position_3_sensor_2,Plastic_Rubber,56.3324,22.10833523118336,-0.014029202729272168,0.0,0.125,0.0625
material_0701840_position_3_sensor_3,Plastic_Rubber,59.1646,20.169459213323798,0.09107732236774822,0.0,0.0625,0.0625
material_0701840_position_4_sensor_1,Plastic_Rubber,58.4152,18.829590144667055,0.09719658426521442,0.0,0.0625,0.0625
material_0701840_position_4_sensor_2,Plastic_Rubber,81.2343,22.017392369964334,0.017418169806982253,0.0,0.0,0.0
material_0701840_position_4_sensor_3,Plastic_Rubber,52.9104,17.527292687889176,0.08906744664011146,0.0,0.125,0.0625
material_0701850_position_1_sensor_1,Plastic_Rubber,58.6374,17.554204285559127,0.11818608036747488,0.0,0.058823529411764705,0.058823529411764705
material_0701850_position_1_sensor_2,Plastic_Rubber,61.0177,21.103700026773986,-0.0030535146675875896,0.0,0.0625,0.0625
material_0701850_position_1_sensor_3,Plastic_Rubber,78.2783,16.87418985828099,0.04589478815614753,0.0,0.0,0.0
material_0701850_position_2_sensor_1,Plastic_Rubber,55.0748,19.828866433160446,-0.023346208958843147,0.0,0.125,0.0625
material_0701850_position_2_sensor_2,Plastic_Rubber,80.9745,22.585893645217215,-0.051190064274408455,0.0,0.0,0.0
material_0701850_position_2_sensor_3,Plastic_Rubber,64.8435,18.652769283107713,0.0018717064950965667,0.0,0.0,0.0625
material_0701850_position_3_sensor_1,Plastic_Rubber,59.7191,19.406884786084508,-0.032804934832006555,0.0,0.0625,0.0625
material_0701850_position_3_sensor_2,Plastic_Rubber,77.6048,17.268303020643575,-0.10036721462673351,0.0,0.0,0.0
material_0701850_position_3_sensor_3,Plastic_Rubber,59.2696,18.542693648622098,0.034622186797897185,0.0,0.0625,0.0625
material_0701850_position_4_sensor_1,Plastic_Rubber,63.9891,18.696380730448823,0.05699032373365994,0.0,0.0,0.0625
material_0701850_position_4_sensor_2,Plastic_Rubber,79.9864,20.917248265711713,-0.0622624384063538,0.0,0.0,0.0
material_0701850_position_4_sensor_3,Plastic_Rubber,63.2771,16.857587725471205,0.04546584584354417,0.0,0.0,0.0625
material_0701890_position_1_sensor_1,Paper_Cardboard,79.2069,17.71276869180323,-0.013136533649918888,0.0,0.0,0.0
material_0701890_position_1_sensor_2,Paper_Cardboard,60.3296,20.12080475841431,0.01625209035436948,0.0,0.0625,0.0625
material_0701890_position_1_sensor_3,Paper_Cardboard,72.8987,16.031235942806067,0.04396512778288213,0.0,0.0625,0.0
material_0701890_position_2_sensor_1,Paper_Cardboard,78.6705,18.1382340484735,0.05994053659875108,0.0,0.0,0.0
material_0701890_position_2_sensor_2,Paper_Cardboard,80.6086,20.907361210235315,-0.022788939631842604,0.0,0.0,0.0
material_0701890_position_2_sensor_3,Paper_Cardboard,77.71,17.020377485851494,0.08615216024560722,0.0,0.0,0.0
material_0701890_position_3_sensor_1,Paper_Cardboard,77.7498,18.47770447358663,-0.12829903237336904,0.0,0.0,0.0
material_0701890_position_3_sensor_2,Paper_Cardboard,80.311,21.300385231301682,-0.05356829714307916,0.0,0.0,0.0
material_0701890_position_3_sensor_3,Paper_Cardboard,61.7529,16.55654710373497,-0.13218743138531552,0.0,0.0,0.0625
material_0701890_position_4_sensor_1,Paper_Cardboard,77.7842,17.65185883371137,0.1008279063904221,0.0,0.0,0.0
material_0701890_position_4_sensor_2,Paper_Cardboard,65.0742,20.107502595597584,-0.03192494989532217,0.0,0.0,0.0625
material_0701890_position_4_sensor_3,Paper_Cardboard,76.7519,15.871976744612574,0.11127349015777976,0.0,0.0,0.0
material_0701890_position_5_sensor_1,Paper_Cardboard,76.8699,18.565635739787854,-0.18638382257199898,0.0,0.0,0.0
material_0701890_position_5_sensor_2,Paper_Cardboard,78.4157,21.569789797327907,-0.18112774777880014,0.0,0.0,0.0
material_0701890_position_5_sensor_3,Paper_Cardboard,69.9341,16.77199185589503,-0.2532758198657089,0.0,0.0625,0.0
material_0701990_position_1_sensor_1,Textiles_Leather,55.9943,19.712970978580223,0.05448755733847274,0.0,0.11764705882352941,0.058823529411764705
material_0701990_position_1_sensor_2,Textiles_Leather,78.3485,21.05579112415759,0.16960916756025268,0.0,0.0,0.0
material_0701990_position_1_sensor_3,Textiles_Leather,71.0898,18.0525817134301,0.21976860734528048,0.0,0.0625,0.0
material_0701990_position_2_sensor_1,Textiles_Leather,56.4912,17.687806446993136,0.1833245953329225,0.0,0.0625,0.0625
material_0701990_position_2_sensor_2,Textiles_Leather,58.019,20.58622444915001,0.17596145929074367,0.0,0.0625,0.0625
material_0701990_position_2_sensor_3,Textiles_Leather,60.9179,17.697377168370927,0.21970284415849503,0.0,0.0,0.0625
material_0701990_position_3_sensor_1,Textiles_Leather,51.4033,17.503612031382087,0.18321009337980032,0.0,0.125,0.0625
material_0701990_position_3_sensor_2,Textiles_Leather,77.8783,20.3674939464694,0.17811912307240382,0.0,0.0,0.0
material_0701990_position_3_sensor_3,Textiles_Leather,75.9905,17.70600180135214,0.21539673808976595,0.0,0.0,0.0
material_0701990_position_4_sensor_1,Textiles_Leather,50.9402,17.441690681046186,0.2104672755821055,0.0,0.125,0.0625
material_0701990_position_4_sensor_2,Textiles_Leather,57.3274,9.320141196542407,0.18903073618770438,0.0,0.0,0.0625
material_0701990_position_4_sensor_3,Textiles_Leather,58.7084,13.5312811642354,0.2311320417815544,0.0,0.0,0.0625
material_0701990_position_5_sensor_1,Textiles_Leather,55.8948,17.542423258120152,0.21641169289981552,0.0,0.0625,0.0625
material_0701990_position_5_sensor_2,Textiles_Leather,58.2211,20.71502825820405,0.1671865393944046,0.0,0.0625,0.0625
material_0701990_position_5_sensor_3,Textiles_Leather,56.1853,17.90565191681289,0.20925554023692977,0.0,0.0625,0.0625
material_0702130_position_1_sensor_1,Paper_Cardboard,63.8085,18.03178188798292,0.04799346405228545,0.0,0.0,0.0625
material_0702130_position_1_sensor_2,Paper_Cardboard,80.0785,20.539628783016084,0.04489285737081128,0.0,0.0,0.0
material_0702130_position_1_sensor_3,Paper_Cardboard,62.0325,16.096108188195373,0.1004789113562078,0.0,0.0,0.0625
material_0702130_position_2_sensor_1,Paper_Cardboard,62.6462,18.098951895329026,0.12321634689031812,0.0,0.0,0.0625
material_0702130_position_2_sensor_2,Paper_Cardboard,79.5045,20.56527095346917,0.08181070963541562,0.0,0.0,0.0
material_0702130_position_2_sensor_3,Paper_Cardboard,51.0504,15.706651474525234,0.15036510831546082,0.0,0.125,0.0625
material_0702130_position_3_sensor_1,Paper_Cardboard,59.4026,19.154082526194614,0.04498415798611089,0.0,0.0625,0.0625
material_0702130_position_3_sensor_2,Paper_Cardboard,66.0677,21.9586855643623,-0.026106129365808955,0.0,0.0,0.0625
material_0702130_position_3_sensor_3,Paper_Cardboard,58.6827,17.66960913702833,0.04481419621884864,0.0,0.0625,0.0625
material_0702130_position_4_sensor_1,Paper_Cardboard,63.8235,18.540501436186265,0.06263858411202762,0.0,0.0,0.0625
material_0702130_position_4_sensor_2,Paper_Cardboard,60.6915,21.153288831457967,0.025106301700367293,0.0,0.0625,0.0625
material_0702130_position_4_sensor_3,Paper_Cardboard,57.6255,16.65211930899204,0.08018665268841692,0.0,0.0625,0.0625
material_0710010_position_1_sensor_1,Plastic_Rubber,78.8535,20.492587185758243,0.12056342869178782,0.0,0.0,0.0
material_0710010_position_1_sensor_2,Plastic_Rubber,52.6623,20.525027603179065,0.1965423113255704,0.0,0.125,0.0625
material_0710010_position_1_sensor_3,Plastic_Rubber,56.1685,17.854107566494168,0.20873474360447267,0.0,0.0625,0.0625
material_0710010_position_2_sensor_1,Plastic_Rubber,63.1808,20.355098661679065,0.15869568110447174,0.0,0.0,0.0625
material_0710010_position_2_sensor_2,Plastic_Rubber,58.0218,20.74765894403637,0.18073642386641856,0.0,0.0625,0.0625
material_0710010_position_2_sensor_3,Plastic_Rubber,56.7959,18.23725692211012,0.18098086607689703,0.0,0.0625,0.0625
material_0710010_position_3_sensor_1,Plastic_Rubber,57.6491,19.875805672632968,0.1774774465124583,0.0,0.0625,0.0625
material_0710010_position_3_sensor_2,Plastic_Rubber,56.7394,20.08822247520433,0.2412526169321856,0.0,0.0625,0.0625
material_0710010_position_3_sensor_3,Plastic_Rubber,55.2078,17.544057165094898,0.25970875778696756,0.0,0.0625,0.0625
material_0710010_position_4_sensor_1,Plastic_Rubber,52.7479,20.021037666060202,0.1757092029845763,0.0,0.125,0.0625
material_0710010_position_4_sensor_2,Plastic_Rubber,77.6334,20.575375493592322,0.19990202461192877,0.0,0.0,0.0
material_0710010_position_4_sensor_3,Plastic_Rubber,56.515,17.95949297545096,0.19014709392871615,0.0,0.0625,0.0625
material_0710020_position_1_sensor_1,Plastic_Rubber,59.0111,17.616732951991267,0.09657818829571539,0.0,0.058823529411764705,0.058823529411764705
material_0710020_position_1_sensor_2,Plastic_Rubber,80.9945,21.101403032174485,-0.004444479549634007,0.0,0.0,0.0
material_0710020_position_1_sensor_3,Plastic_Rubber,57.8652,17.14497395841412,0.0801986427057804,0.0,0.0625,0.0625
material_0710020_position_2_sensor_1,Plastic_Rubber,63.374,18.27479152530777,0.0827922155841487,0.0,0.0,0.0625
material_0710020_position_2_sensor_2,Plastic_Rubber,76.4593,13.96600437701447,0.07128667215584147,0.0,0.0,0.0
material_0710020_position_2_sensor_3,Plastic_Rubber,77.9423,18.836334904875926,0.1271690346711604,0.0,0.0,0.0
material_0710020_position_3_sensor_1,Plastic_Rubber,43.9972,11.61489574385731,0.7837154676649286,0.0,0.0625,0.0625
material_0710020_position_3_sensor_2,Plastic_Rubber,60.7301,22.235734938921553,-0.05584780145782317,0.0,0.0625,0.0625
material_0710020_position_3_sensor_3,Plastic_Rubber,56.3847,12.636061968583236,0.34997772416258216,0.0,0.0,0.0625
material_0710020_position_4_sensor_1,Plastic_Rubber,74.5256,10.149332043871315,-0.0760613479115608,0.0,0.0,0.0
material_0710020_position_4_sensor_2,Plastic_Rubber,65.3842,22.29827922296367,-0.07953826465482003,0.0,0.0,0.0625
material_0710020_position_4_sensor_3,Plastic_Rubber,53.6663,14.076006106737108,0.250475210950262,0.0,0.0625,0.0625
material_0710050_position_1_sensor_1,Plastic_Rubber,77.2521,19.285210671053747,0.18437164107179083,0.0,0.0,0.0
material_0710050_position_1_sensor_2,Plastic_Rubber,57.8704,19.82987508760954,0.16214382914624095,0.0,0.0625,0.0625
material_0710050_position_1_sensor_3,Plastic_Rubber,57.775,15.913257040863272,0.36287446863510747,0.0,0.0,0.0625
material_0710050_position_2_sensor_1,Plastic_Rubber,56.787,19.315874583421138,0.21459022192861277,0.0,0.0625,0.0625
material_0710050_position_2_sensor_2,Plastic_Rubber,77.6612,19.60569468037281,0.16843784786049684,0.0,0.0,0.0
material_0710050_position_2_sensor_3,Plastic_Rubber,50.5293,14.074256024416519,0.4478884181602332,0.0,0.0625,0.0625
material_0710050_position_3_sensor_1,Plastic_Rubber,60.7508,18.558211661846382,0.25659973383884793,0.0,0.0,0.0625
material_0710050_position_3_sensor_2,Plastic_Rubber,76.378,19.174533563218553,0.2360023185380863,0.0,0.0,0.0
material_0710050_position_3_sensor_3,Plastic_Rubber,72.0179,15.400527503722534,0.394825881459354,0.0,0.0,0.0
material_0710050_position_4_sensor_1,Plastic_Rubber,76.3368,19.063123247845,0.235183604919832,0.0,0.0,0.0
material_0710050_position_4_sensor_2,Plastic_Rubber,63.2038,20.006608191276754,0.14656960401347827,0.0,0.0,0.0625
material_0710050_position_4_sensor_3,Plastic_Rubber,75.2909,17.276774724487577,0.2462831121706475,0.0,0.0,0.0
material_0710050_position_5_sensor_1,Plastic_Rubber,59.8228,13.472536664881096,0.15918507774203153,0.0,0.0,0.0625
material_0710050_position_5_sensor_2,Plastic_Rubber,59.8666,21.567141786093558,0.0897173266441984,0.0,0.0625,0.0625
material_0710050_position_5_sensor_3,Plastic_Rubber,77.7753,19.537389847463835,0.15916738791870555,0.0,0.0,0.0
material_0710070_position_1_sensor_1,Wood_Bamboo_Cork,78.0889,19.625075145588553,0.1421109520739702,0.0,0.0,0.0
material_0710070_position_1_sensor_2,Wood_Bamboo_Cork,79.6466,20.90761017048581,0.08335763410181776,0.0,0.0,0.0
material_0710070_position_1_sensor_3,Wood_Bamboo_Cork,72.4397,18.261590278374438,0.14120106815512526,0.0,0.0625,0.0
material_0710070_position_2_sensor_1,Wood_Bamboo_Cork,74.9344,20.992999774711684,0.06785576235702484,0.0,0.0625,0.0
material_0710070_position_2_sensor_2,Wood_Bamboo_Cork,80.3193,21.629433830260595,0.06312797915389917,0.0,0.0,0.0
material_0710070_position_2_sensor_3,Wood_Bamboo_Cork,62.0472,18.586100821140544,0.1758513678257763,0.0,0.0,0.0625
material_0710070_position_3_sensor_1,Wood_Bamboo_Cork,72.9608,17.9951973048429,0.10023168626174492,0.0,0.0625,0.0
material_0710070_position_3_sensor_2,Wood_Bamboo_Cork,79.5369,20.793198696878854,0.08675624872344873,0.0,0.0,0.0
material_0710070_position_3_sensor_3,Wood_Bamboo_Cork,74.8494,13.437132961861868,0.15642159415849274,0.0,0.0,0.0
material_0710070_position_4_sensor_1,Wood_Bamboo_Cork,79.975,20.74003293311842,0.0575489350362515,0.0,0.0,0.0
material_0710070_position_4_sensor_2,Wood_Bamboo_Cork,59.8958,21.26870504335951,0.07873397288602438,0.0,0.0625,0.0625
material_0710070_position_4_sensor_3,Wood_Bamboo_Cork,74.1158,18.91568679963258,0.05573207241880879,0.0,0.0625,0.0
material_0710070_position_6_sensor_1,Wood_Bamboo_Cork,71.2735,14.25376961387986,0.11031530043657943,0.0,0.058823529411764705,0.0
material_0710070_position_6_sensor_2,Wood_Bamboo_Cork,80.6112,21.70931916562642,0.04720302447150443,0.0,0.0,0.0
material_0710070_position_6_sensor_3,Wood_Bamboo_Cork,77.6827,19.09998133501757,0.15159180644913917,0.0,0.0,0.0
material_0710080_position_1_sensor_1,Paper_Cardboard,69.7873,9.801804998129303,0.06745664775241593,0.0,0.058823529411764705,0.0
material_0710080_position_1_sensor_2,Paper_Cardboard,75.8733,10.66507136957429,0.007029051138682356,0.0,0.0,0.0
material_0710080_position_1_sensor_3,Paper_Cardboard,78.694,19.361911225427523,0.0959599752987135,0.0,0.0,0.0
material_0710080_position_2_sensor_1,Paper_Cardboard,59.3723,19.31345094297535,0.051773426330166496,0.0,0.0625,0.0625
material_0710080_position_2_sensor_2,Paper_Cardboard,61.6626,22.812077089605204,0.014805778952203311,0.0,0.0625,0.0625
material_0710080_position_2_sensor_3,Paper_Cardboard,65.766,21.111278440535862,0.01912886157066632,0.0,0.0,0.0625
material_0710080_position_3_sensor_1,Paper_Cardboard,78.6987,19.055842640509525,0.0862833419500604,0.0,0.0,0.0
material_0710080_position_3_sensor_2,Paper_Cardboard,81.3148,22.250312885669658,0.019487331814234208,0.0,0.0,0.0
material_0710080_position_3_sensor_3,Paper_Cardboard,60.5909,20.89882444822017,0.023643270654612587,0.0,0.0625,0.0625
material_0710080_position_4_sensor_1,Paper_Cardboard,79.2958,19.139362344030527,0.051257809308617515,0.0,0.0,0.0
material_0710080_position_4_sensor_2,Paper_Cardboard,66.5287,22.814548497591723,-0.02331166864532259,0.0,0.0,0.0625
material_0710080_position_4_sensor_3,Paper_Cardboard,54.8127,21.027071051421302,0.07656088356566619,0.0,0.125,0.0625
material_0710100_position_1_sensor_1,Paper_Cardboard,56.5772,11.13436549696165,0.051159234472867056,0.0,0.058823529411764705,0.058823529411764705
material_0710100_position_1_sensor_2,Paper_Cardboard,66.4033,21.99177034720858,-0.005993936376634646,0.0,0.0,0.0625
material_0710100_position_1_sensor_3,Paper_Cardboard,68.7581,17.129434512634912,0.023516716452203962,0.0,0.125,0.0
material_0710100_position_2_sensor_1,Paper_Cardboard,64.5908,18.587006688219798,0.01576048208997068,0.0,0.0,0.0625
material_0710100_position_2_sensor_2,Paper_Cardboard,81.0295,21.737398861648067,-0.021732549530228795,0.0,0.0,0.0
material_0710100_position_2_sensor_3,Paper_Cardboard,77.8412,17.1645982863871,0.0823098543453824,0.0,0.0,0.0
material_0710100_position_3_sensor_1,Paper_Cardboard,59.4467,9.864866522013319,-0.07231073516646518,0.0,0.0,0.0625
material_0710100_position_3_sensor_2,Paper_Cardboard,64.1968,21.47141858355721,-0.1289443375331937,0.0,0.0,0.0625
material_0710100_position_3_sensor_3,Paper_Cardboard,56.9641,17.044908258424087,-0.1338555293862369,0.0,0.0625,0.0625
material_0710100_position_4_sensor_1,Paper_Cardboard,59.3568,18.415540561549136,-0.025233976077411045,0.0,0.0625,0.0625
material_0710100_position_4_sensor_2,Paper_Cardboard,60.7395,21.493598242218543,-0.03251588988460145,0.0,0.0625,0.0625
material_0710100_position_4_sensor_3,Paper_Cardboard,58.7518,16.831519629348954,-0.014782390918609363,0.0,0.0625,0.0625
material_0710100_position_5_sensor_1,Paper_Cardboard,63.9976,18.20733325475986,0.04146751014858936,0.0,0.0,0.0625
material_0710100_position_5_sensor_2,Paper_Cardboard,61.1013,21.454674115542627,0.008545955882350796,0.0,0.0625,0.0625
material_0710100_position_5_sensor_3,Paper_Cardboard,58.4779,16.743069942042602,-0.029313050513175242,0.0,0.0625,0.0625
material_0710140_position_1_sensor_1,Paper_Cardboard,77.2007,18.601023470292688,0.16664100158292638,0.0,0.0,0.0
material_0710140_position_1_sensor_2,Paper_Cardboard,78.9687,21.049944371997356,0.13039163666768733,0.0,0.0,0.0
material_0710140_position_1_sensor_3,Paper_Cardboard,55.3104,16.5587094022089,0.22305600394454536,0.0,0.0625,0.0625
material_0710140_position_2_sensor_1,Paper_Cardboard,57.5034,18.56596293457965,0.14651404845792643,0.0,0.0625,0.0625
material_0710140_position_2_sensor_2,Paper_Cardboard,58.8167,21.054957077533064,0.14011460567299877,0.0,0.0625,0.0625
material_0710140_position_2_sensor_3,Paper_Cardboard,55.59,16.57055224459449,0.2058207225924206,0.0,0.0625,0.0625
material_0710140_position_3_sensor_1,Paper_Cardboard,75.8105,18.080785620765365,0.23821511023029018,0.0,0.0,0.0
material_0710140_position_3_sensor_2,Paper_Cardboard,77.0506,20.227068803244034,0.22591744217217818,0.0,0.0,0.0
material_0710140_position_3_sensor_3,Paper_Cardboard,61.6517,16.280093132511013,0.13008182859732265,0.0,0.0,0.0625
material_0710140_position_4_sensor_1,Paper_Cardboard,72.6287,20.235091710080862,0.18977457522722388,0.0,0.0625,0.0
material_0710140_position_4_sensor_2,Paper_Cardboard,59.4193,21.064328036687144,0.10246398526858612,0.0,0.0625,0.0625
material_0710140_position_4_sensor_3,Paper_Cardboard,50.5987,16.48211596142304,0.2025594825495318,0.0,0.125,0.0625
material_0710150_position_1_sensor_1,Paper_Cardboard,58.6219,18.592205194518552,-0.07691006689134278,0.0,0.0625,0.0625
material_0710150_position_1_sensor_2,Paper_Cardboard,56.4678,22.146373426535067,0.006674519058923903,0.0,0.125,0.0625
material_0710150_position_1_sensor_3,Paper_Cardboard,58.272,17.057049082686962,0.05189823803870497,0.0,0.0625,0.0625
material_0710150_position_2_sensor_1,Paper_Cardboard,57.8845,18.233297528033503,0.11233091107536664,0.0,0.0625,0.0625
material_0710150_position_2_sensor_2,Paper_Cardboard,55.4728,21.474202621325343,0.04870883278441486,0.0,0.125,0.0625
material_0710150_position_2_sensor_3,Paper_Cardboard,55.0259,11.560794613171634,0.08782021356719677,0.0,0.0625,0.0625
material_0710150_position_3_sensor_1,Paper_Cardboard,63.8131,18.36431231924952,0.05788912824243836,0.0,0.0,0.0625
material_0710150_position_3_sensor_2,Paper_Cardboard,59.6655,20.988242212084177,0.08463564165900528,0.0,0.0625,0.0625
material_0710150_position_3_sensor_3,Paper_Cardboard,58.4761,16.593440192800053,0.02484095594617643,0.0,0.0625,0.0625
material_0710150_position_4_sensor_1,Paper_Cardboard,74.84,10.429885440468777,0.06486486098345494,0.0,0.0,0.0
material_0710150_position_4_sensor_2,Paper_Cardboard,60.1347,21.424549821282625,0.06847098077512008,0.0,0.0625,0.0625
material_0710150_position_4_sensor_3,Paper_Cardboard,72.659,16.777846496121974,0.0819292885774099,0.0,0.0625,0.0
material_0710180_position_1_sensor_1,Paper_Cardboard,65.716,18.593731129206454,0.0006789290151818547,0.0,0.0,0.058823529411764705
material_0710180_position_1_sensor_2,Paper_Cardboard,79.4376,21.049765854993282,-0.10087007569955238,0.0,0.0,0.0
material_0710180_position_1_sensor_3,Paper_Cardboard,77.7418,16.977457709783394,-0.08283042758118928,0.0,0.0,0.0
material_0710180_position_2_sensor_1,Paper_Cardboard,75.0207,20.007861717788693,0.032237753076486415,0.0,0.0625,0.0
material_0710180_position_2_sensor_2,Paper_Cardboard,80.4771,22.645277467330086,-0.08432153799019781,0.0,0.0,0.0
material_0710180_position_2_sensor_3,Paper_Cardboard,69.4291,18.824507746775357,-0.03321991964102946,0.0,0.125,0.0
material_0710180_position_3_sensor_1,Paper_Cardboard,80.1649,19.98712755356463,0.022521364698220015,0.0,0.0,0.0
material_0710180_position_3_sensor_2,Paper_Cardboard,80.6482,22.709000221879002,-0.07550661732792023,0.0,0.0,0.0
material_0710180_position_3_sensor_3,Paper_Cardboard,64.9755,18.915606362356506,0.0016144014246337827,0.0,0.0,0.0625
material_0710180_position_4_sensor_1,Paper_Cardboard,74.8459,8.515113564873632,-0.005822067759396065,0.0,0.0,0.0
material_0710180_position_4_sensor_2,Paper_Cardboard,75.5572,22.689848395351472,-0.08064585726868814,0.0,0.0625,0.0
material_0710180_position_4_sensor_3,Paper_Cardboard,79.4941,18.878514820220996,-0.03077967186223529,0.0,0.0,0.0
material_0710180_position_5_sensor_1,Paper_Cardboard,80.1723,19.693081592747955,-0.013047387216605736,0.0,0.0,0.0
material_0710180_position_5_sensor_2,Paper_Cardboard,80.4019,22.69480502905901,-0.09057480915543405,0.0,0.0,0.0
material_0710180_position_5_sensor_3,Paper_Cardboard,79.7486,18.883152470345248,-0.014900516684537091,0.0,0.0,0.0
material_0710190_position_1_sensor_1,Paper_Cardboard,56.1979,18.75047648336212,0.012179093371288287,0.0,0.11764705882352941,0.058823529411764705
material_0710190_position_1_sensor_2,Paper_Cardboard,54.0281,21.517774635327335,-0.1409854457082331,0.0,0.125,0.0625
material_0710190_position_1_sensor_3,Paper_Cardboard,58.3413,17.770225025753035,-0.06939038245506599,0.0,0.0625,0.0625
material_0710190_position_2_sensor_1,Paper_Cardboard,64.9245,19.087073727702343,-0.01007580486621828,0.0,0.0,0.0625
material_0710190_position_2_sensor_2,Paper_Cardboard,79.3984,21.808111303967973,-0.12657325654871418,0.0,0.0,0.0
material_0710190_position_2_sensor_3,Paper_Cardboard,78.8236,17.96399190924072,-0.044962593826595544,0.0,0.0,0.0
material_0710190_position_3_sensor_1,Paper_Cardboard,57.776,18.218159785156466,-0.11869610555810946,0.0,0.0625,0.0625
material_0710190_position_3_sensor_2,Paper_Cardboard,53.8617,21.196943970860996,-0.1416315806270443,0.0,0.125,0.0625
material_0710190_position_3_sensor_3,Paper_Cardboard,76.0696,16.704103703834683,-0.17971712877859458,0.0,0.0,0.0
material_0710190_position_4_sensor_1,Paper_Cardboard,64.3062,18.557113401986054,-0.03276303359886086,0.0,0.0,0.0625
material_0710190_position_4_sensor_2,Paper_Cardboard,59.3237,21.080919455905402,-0.10899224175347452,0.0,0.0625,0.0625
material_0710190_position_4_sensor_3,Paper_Cardboard,72.7504,16.897983958165124,-0.07985883884803938,0.0,0.0625,0.0
material_0710200_position_1_sensor_1,Paper_Cardboard,56.9268,15.654349249174437,0.09359154635161107,0.0,0.0625,0.0625
material_0710200_position_1_sensor_2,Paper_Cardboard,55.1016,20.931666386313474,0.055448331546160363,0.0,0.125,0.0625
material_0710200_position_1_sensor_3,Paper_Cardboard,57.8687,17.124949404598983,0.07936438068065599,0.0,0.0625,0.0625
material_0710200_position_2_sensor_1,Paper_Cardboard,75.198,15.927638074883149,0.21079396126939956,0.0,0.0,0.0
material_0710200_position_2_sensor_2,Paper_Cardboard,51.683,14.107393520913135,0.06153841464971362,0.0,0.125,0.0625
material_0710200_position_2_sensor_3,Paper_Cardboard,56.3505,12.336847116420898,-0.028216873468134725,0.0,0.0625,0.0625
material_0710200_position_3_sensor_1,Paper_Cardboard,48.4695,13.793712572857862,0.5689548419628246,0.0,0.0625,0.0625
material_0710200_position_3_sensor_2,Paper_Cardboard,70.4448,20.52063489420298,0.02125558810763481,0.0,0.125,0.0
material_0710200_position_3_sensor_3,Paper_Cardboard,77.4275,15.993201425680564,0.07245780196844105,0.0,0.0,0.0
material_0710200_position_4_sensor_1,Paper_Cardboard,54.6006,18.22160170723435,0.003946906594668206,0.0,0.125,0.0625
material_0710200_position_4_sensor_2,Paper_Cardboard,60.8447,20.972206875788416,0.009916861340887671,0.0,0.0625,0.0625
material_0710200_position_4_sensor_3,Paper_Cardboard,46.3506,12.661005614586614,0.6676315199908094,0.0,0.0625,0.0625
material_0710200_position_5_sensor_1,Paper_Cardboard,65.9054,13.878101027512388,0.10346523150275573,0.0,0.125,0.0
material_0710200_position_5_sensor_2,Paper_Cardboard,55.695,21.208776723110464,0.026587632123163025,0.0,0.125,0.0625
material_0710200_position_5_sensor_3,Paper_Cardboard,49.3462,14.094818237424624,0.5229938342524498,0.0,0.0625,0.0625
material_0710210_position_1_sensor_1,Paper_Cardboard,59.6979,18.00645363111935,-0.06529010182632257,0.0,0.058823529411764705,0.058823529411764705
material_0710210_position_1_sensor_2,Paper_Cardboard,59.3687,20.968532625890663,-0.10271848990247298,0.0,0.0625,0.0625
material_0710210_position_1_sensor_3,Paper_Cardboard,63.9572,17.007198115229933,-0.007236166960276669,0.0,0.0,0.0625
material_0710210_position_2_sensor_1,Paper_Cardboard,69.9113,19.955887325766593,0.03752970218034967,0.0,0.125,0.0
material_0710210_position_2_sensor_2,Paper_Cardboard,61.4551,22.939079114003427,-0.0317628469030866,0.0,0.0625,0.0625
material_0710210_position_2_sensor_3,Paper_Cardboard,54.8336,18.81309999999241,-0.0074021969464900935,0.0,0.125,0.0625
material_0710210_position_3_sensor_1,Paper_Cardboard,64.8429,18.90701350840011,0.009698250165952629,0.0,0.0,0.0625
material_0710210_position_3_sensor_2,Paper_Cardboard,60.8898,21.44799082331714,-0.02165588618259862,0.0,0.0625,0.0625
material_0710210_position_3_sensor_3,Paper_Cardboard,59.1503,17.331115142040456,0.005009928385416293,0.0,0.0625,0.0625
material_0710210_position_4_sensor_1,Paper_Cardboard,60.3424,19.74167379512998,0.0038317041334729276,0.0,0.0625,0.0625
material_0710210_position_4_sensor_2,Paper_Cardboard,56.0353,22.509503338011555,-0.04502289336958813,0.0,0.125,0.0625
material_0710210_position_4_sensor_3,Paper_Cardboard,59.549,18.692873781647858,-0.02163435553257847,0.0,0.0625,0.0625
material_0710220_position_1_sensor_1,Paper_Cardboard,64.4598,18.954144681927133,-0.035253938163809444,0.0,0.0,0.0625
material_0710220_position_1_sensor_2,Paper_Cardboard,79.7754,21.019275097084996,-0.07867221169066704,0.0,0.0,0.0
material_0710220_position_1_sensor_3,Paper_Cardboard,63.2278,17.208111317257007,-0.059305239608864344,0.0,0.0,0.0625
material_0710220_position_2_sensor_1,Paper_Cardboard,80.1501,19.52896074229482,-0.00941444546568552,0.0,0.0,0.0
material_0710220_position_2_sensor_2,Paper_Cardboard,60.3045,21.79065295060862,-0.06900232332516462,0.0,0.0625,0.0625
material_0710220_position_2_sensor_3,Paper_Cardboard,59.0303,17.939281196836458,-0.031194375829760243,0.0,0.0625,0.0625
material_0710220_position_3_sensor_1,Paper_Cardboard,78.2483,19.27495143393841,-0.12134879557291739,0.0,0.0,0.0
material_0710220_position_3_sensor_2,Paper_Cardboard,58.508,21.524182233214106,-0.17392272071589165,0.0,0.0625,0.0625
material_0710220_position_3_sensor_3,Paper_Cardboard,75.8443,17.155340915835986,-0.20773099054075259,0.0,0.0,0.0
material_0710220_position_4_sensor_1,Paper_Cardboard,60.8545,13.035020000970906,-0.08083098607281422,0.0,0.0,0.0625
material_0710220_position_4_sensor_2,Paper_Cardboard,74.7524,21.854534054252653,-0.10571301189747001,0.0,0.0625,0.0
material_0710220_position_4_sensor_3,Paper_Cardboard,56.1029,16.889604670760725,-0.1833087389578219,0.0,0.0625,0.0625
material_0710240_position_1_sensor_1,Paper_Cardboard,74.1424,17.166549953819647,-0.018973885995373637,0.0,0.058823529411764705,0.0
material_0710240_position_1_sensor_2,Paper_Cardboard,73.9134,20.621568427614783,0.12074680383220739,0.0,0.0625,0.0
material_0710240_position_1_sensor_3,Paper_Cardboard,77.6023,18.68641201662839,0.14398105436836467,0.0,0.0,0.0
material_0710240_position_2_sensor_1,Paper_Cardboard,58.9117,19.184838863731926,0.07682732875050967,0.0,0.0625,0.0625
material_0710240_position_2_sensor_2,Paper_Cardboard,60.3618,22.28536101989669,0.0805492238562094,0.0,0.0625,0.0625
material_0710240_position_2_sensor_3,Paper_Cardboard,79.003,20.41942422124919,0.10891101632710176,0.0,0.0,0.0
material_0710240_position_3_sensor_1,Paper_Cardboard,57.6635,18.175678605038783,0.12447806564031925,0.0,0.0625,0.0625
material_0710240_position_3_sensor_2,Paper_Cardboard,69.6523,13.873702293419772,0.18220843705320514,0.0,0.0625,0.0
material_0710240_position_3_sensor_3,Paper_Cardboard,56.8877,18.4419340500079,0.18147274720434894,0.0,0.0625,0.0625
material_0710240_position_4_sensor_1,Paper_Cardboard,77.9942,18.956041304432773,0.1275743767233423,0.0,0.0,0.0
material_0710240_position_4_sensor_2,Paper_Cardboard,66.4504,22.11229781322472,0.006723425372751735,0.0,0.0,0.0625
material_0710240_position_4_sensor_3,Paper_Cardboard,79.3039,20.5009967584345,0.09247072865604393,0.0,0.0,0.0
material_0710240_position_5_sensor_1,Paper_Cardboard,54.6757,11.779446463966575,0.1165621250127644,0.0,0.0625,0.0625
material_0710240_position_5_sensor_2,Paper_Cardboard,81.1883,22.25780814519094,0.027679381127448055,0.0,0.0,0.0
material_0710240_position_5_sensor_3,Paper_Cardboard,63.2884,20.119619896978428,0.14470556640625015,0.0,0.0,0.0625
material_0710280_position_1_sensor_1,Paper_Cardboard,52.8515,17.47483634565534,0.09117001282934875,0.0,0.125,0.0625
material_0710280_position_1_sensor_2,Paper_Cardboard,57.8111,18.77868375035042,0.13366624700010357,0.0,0.0625,0.0625
material_0710280_position_1_sensor_3,Paper_Cardboard,57.5545,17.406184385872624,0.10776070389092983,0.0,0.0625,0.0625
material_0710280_position_2_sensor_1,Paper_Cardboard,78.8356,18.565972180472098,0.06265320063572279,0.0,0.0,0.0
material_0710280_position_2_sensor_2,Paper_Cardboard,55.9095,21.272408093134082,0.015033648322609956,0.0,0.125,0.0625
material_0710280_position_2_sensor_3,Paper_Cardboard,78.4372,19.368431600067417,0.11232174223855954,0.0,0.0,0.0
material_0710280_position_3_sensor_1,Paper_Cardboard,64.2667,18.7042887698666,0.03975712635314363,0.0,0.0,0.0625
material_0710280_position_3_sensor_2,Paper_Cardboard,71.2482,17.121749852412055,0.49601820363561894,0.0,0.0,0.0
material_0710280_position_3_sensor_3,Paper_Cardboard,59.1553,19.82021020279897,0.08096473045598235,0.0,0.0625,0.0625
material_0710280_position_4_sensor_1,Paper_Cardboard,77.9602,17.539878793525464,0.08632146139705488,0.0,0.0,0.0
material_0710280_position_4_sensor_2,Paper_Cardboard,80.2296,20.16188365359646,0.023807066674323397,0.0,0.0,0.0
material_0710280_position_4_sensor_3,Paper_Cardboard,58.1325,17.926976869954057,0.08733316099877175,0.0,0.0625,0.0625
material_0710280_position_5_sensor_1,Paper_Cardboard,63.9564,18.41422616142755,0.050398052938621596,0.0,0.0,0.0625
material_0710280_position_5_sensor_2,Paper_Cardboard,54.0111,15.882226866656117,0.5988609196282662,0.0,0.0,0.0625
material_0710280_position_5_sensor_3,Paper_Cardboard,78.6242,19.014675794141883,0.08971327199499392,0.0,0.0,0.0
material_0710300_position_1_sensor_1,Paper_Cardboard,65.5074,19.505496159490512,0.04174761337911924,0.0,0.17647058823529413,0.0
material_0710300_position_1_sensor_2,Paper_Cardboard,60.0628,20.52030694820258,0.045288949205980845,0.0,0.0625,0.0625
material_0710300_position_1_sensor_3,Paper_Cardboard,58.7816,18.068299766720717,0.050804240706696244,0.0,0.0625,0.0625
material_0710300_position_2_sensor_1,Paper_Cardboard,59.7696,21.72013801832496,0.10050772473702814,0.0,0.0625,0.0625
material_0710300_position_2_sensor_2,Paper_Cardboard,46.6558,17.575051566507973,0.4842467846839241,0.0,0.125,0.0625
material_0710300_position_2_sensor_3,Paper_Cardboard,74.5116,20.387481358280848,0.0759133556091682,0.0,0.0625,0.0
material_0710300_position_3_sensor_1,Paper_Cardboard,54.8841,21.690870859654975,0.09240369689542344,0.0,0.125,0.0625
material_0710300_position_3_sensor_2,Paper_Cardboard,50.3983,9.787714587541126,0.010049199920851902,0.0,0.125,0.0625
material_0710300_position_3_sensor_3,Paper_Cardboard,64.0117,20.19799493107599,0.10157747874540103,0.0,0.0,0.0625
material_0710300_position_4_sensor_1,Paper_Cardboard,78.0396,17.486508171509378,0.07968677715226787,0.0,0.0,0.0
material_0710300_position_4_sensor_2,Paper_Cardboard,59.752,20.679255477515316,0.06972503542432618,0.0,0.0625,0.0625
material_0710300_position_4_sensor_3,Paper_Cardboard,57.109,17.888527848059944,0.1505842652164976,0.0,0.0625,0.0625
material_0710300_position_5_sensor_1,Paper_Cardboard,79.752,20.81909292387413,0.07400621521394915,0.0,0.0,0.0
material_0710300_position_5_sensor_2,Paper_Cardboard,59.9682,20.993161107750158,0.06572999004288947,0.0,0.0625,0.0625
material_0710300_position_5_sensor_3,Paper_Cardboard,78.4421,19.10052175387985,0.10380277267156644,0.0,0.0,0.0
material_0710310_position_1_sensor_1,Metal,79.8236,19.555077124869406,-0.03077188648897004,0.0,0.0,0.0
material_0710310_position_1_sensor_2,Metal,80.5479,20.13537522242877,0.0029561137280417517,0.0,0.0,0.0
material_0710310_position_1_sensor_3,Metal,78.2575,16.404583937349383,-0.03281753759446717,0.0,0.0,0.0
material_0710310_position_2_sensor_1,Metal,78.2781,18.099233639407434,0.08344552791819657,0.0,0.0,0.0
material_0710310_position_2_sensor_2,Metal,80.1336,20.958718192562266,0.05426734036713359,0.0,0.0,0.0
material_0710310_position_2_sensor_3,Metal,78.3899,17.06859923519875,0.04482687717013634,0.0,0.0,0.0
material_0710310_position_3_sensor_1,Metal,78.3165,17.10329868872358,0.05051229000714631,0.0,0.0,0.0
material_0710310_position_3_sensor_2,Metal,80.1586,19.892374668257506,0.020018060023484382,0.0,0.0,0.0
material_0710310_position_3_sensor_3,Metal,63.3131,15.521071414983915,0.0022457985472805198,0.0,0.0,0.0625
material_0710310_position_4_sensor_1,Metal,78.3954,17.061585289537803,0.04426549255769879,0.0,0.0,0.0
material_0710310_position_4_sensor_2,Metal,79.8226,19.480844063906297,0.028557837392767318,0.0,0.0,0.0
material_0710310_position_4_sensor_3,Metal,78.347,15.650618118135624,0.004080130782782326,0.0,0.0,0.0
material_0710310_position_5_sensor_1,Metal,77.0207,17.952312299967424,0.15809753657322304,0.0,0.0,0.0
material_0710310_position_5_sensor_2,Metal,80.4408,20.32603315733231,0.015543796913294779,0.0,0.0,0.0
material_0710310_position_5_sensor_3,Metal,77.5257,16.439501148780938,0.07995224098754022,0.0,0.0,0.0
material_0710330_position_1_sensor_1,Textiles_Leather,59.0138,19.989708759134167,0.09506419781453997,0.0,0.0625,0.0625
material_0710330_position_1_sensor_2,Textiles_Leather,75.4679,13.888107029584678,0.13130896554585347,0.0,0.0,0.0
material_0710330_position_1_sensor_3,Textiles_Leather,75.647,17.52223024391831,0.23139337597018012,0.0,0.0,0.0
material_0710330_position_2_sensor_1,Textiles_Leather,56.9422,17.39728890005502,0.14603195050806456,0.0,0.0625,0.0625
material_0710330_position_2_sensor_2,Textiles_Leather,62.5317,19.964548608086055,0.18758928685406365,0.0,0.0,0.0625
material_0710330_position_2_sensor_3,Textiles_Leather,55.5041,17.380322244682294,0.23603767105800236,0.0,0.0625,0.0625
material_0710330_position_3_sensor_1,Textiles_Leather,54.7135,13.087105490162717,0.15425541577307944,0.0,0.0625,0.0625
material_0710330_position_3_sensor_2,Textiles_Leather,77.8263,19.983273952654397,0.16962064695669932,0.0,0.0,0.0
material_0710330_position_3_sensor_3,Textiles_Leather,56.5671,17.790620901574794,0.18169315831801258,0.0,0.0625,0.0625
material_0710330_position_4_sensor_1,Textiles_Leather,52.1528,17.607676612268712,0.13921790587979643,0.0,0.125,0.0625
material_0710330_position_4_sensor_2,Textiles_Leather,62.811,20.50003266300333,0.1864143337673604,0.0,0.0,0.0625
material_0710330_position_4_sensor_3,Textiles_Leather,61.8883,18.33249326338105,0.17808182061887057,0.0,0.0,0.0625
material_0710330_position_5_sensor_1,Textiles_Leather,57.1826,17.219750054365168,0.1254580748314942,0.0,0.0625,0.0625
material_0710330_position_5_sensor_2,Textiles_Leather,57.4349,19.831423536778885,0.18960286617902142,0.0,0.0625,0.0625
material_0710330_position_5_sensor_3,Textiles_Leather,65.5523,17.35359510764487,0.23218711543862153,0.0,0.125,0.0
material_0710340_position_1_sensor_1,Textiles_Leather,79.1677,20.641700819532073,0.10535413156147626,0.0,0.0,0.0
material_0710340_position_1_sensor_2,Textiles_Leather,78.0939,21.17279529246094,0.18921980475132663,0.0,0.0,0.0
material_0710340_position_1_sensor_3,Textiles_Leather,76.9999,18.760358301693227,0.1841677389705879,0.0,0.0,0.0
material_0710340_position_2_sensor_1,Textiles_Leather,74.919,14.670068128428946,0.18982101619944708,0.0,0.0,0.0
material_0710340_position_2_sensor_2,Textiles_Leather,78.6935,21.3975920805184,0.1583633833741799,0.0,0.0,0.0
material_0710340_position_2_sensor_3,Textiles_Leather,77.2786,18.882604482245306,0.17036812257454814,0.0,0.0,0.0
material_0710340_position_3_sensor_1,Textiles_Leather,77.3279,18.936243977285642,0.1689064271216303,0.0,0.0,0.0
material_0710340_position_3_sensor_2,Textiles_Leather,78.2207,21.22348993927311,0.18279564950980162,0.0,0.0,0.0
material_0710340_position_3_sensor_3,Textiles_Leather,77.3279,18.936243977285642,0.1689064271216303,0.0,0.0,0.0
material_0710340_position_5_sensor_1,Textiles_Leather,75.5017,13.869077180353122,0.1285985024977859,0.0,0.0,0.0
material_0710340_position_5_sensor_2,Textiles_Leather,59.6196,21.310635107524575,0.09740313042534687,0.0,0.0625,0.0625
material_0710340_position_5_sensor_3,Textiles_Leather,77.8365,19.153452399353338,0.14354735849417818,0.0,0.0,0.0
material_0710340_position_6_sensor_1,Textiles_Leather,80.277,22.022682943756237,0.0778402346941364,0.0,0.0,0.0
material_0710340_position_6_sensor_2,Textiles_Leather,80.6428,22.47734468703356,0.06874646554585312,0.0,0.0,0.0
material_0710340_position_6_sensor_3,Textiles_Leather,78.9184,20.157567464915044,0.10621353209252145,0.0,0.0,0.0
material_0710340_position_7_sensor_1,Textiles_Leather,78.1558,18.3391575693678,0.09849491613051375,0.0,0.0,0.0
material_0710340_position_7_sensor_2,Textiles_Leather,75.0076,21.609647916882388,0.08214224781709348,0.0,0.0625,0.0
material_0710340_position_7_sensor_3,Textiles_Leather,78.0377,19.465173212236706,0.14043391448376133,0.0,0.0,0.0
material_0710340_position_8_sensor_1,Textiles_Leather,78.1528,18.573431978703137,0.10586804757710369,0.0,0.0,0.0
material_0710340_position_8_sensor_2,Textiles_Leather,65.7187,22.337412389785523,0.05968182732076854,0.0,0.0,0.0625
material_0710340_position_8_sensor_3,Textiles_Leather,76.2247,14.953871358412412,0.1163267798330261,0.0,0.0,0.0
material_0710340_position_9_sensor_1,Textiles_Leather,78.0464,18.61364517240505,0.11379771273743945,0.0,0.0,0.0
material_0710340_position_9_sensor_2,Textiles_Leather,80.9137,22.448807410954753,0.050820200801675375,0.0,0.0,0.0
material_0710340_position_9_sensor_3,Textiles_Leather,78.7938,20.150810157318432,0.11384986787683599,0.0,0.0,0.0
material_0710360_position_1_sensor_1,Textiles_Leather,79.8513,20.777585014897646,0.06648662332771188,0.0,0.0,0.0
material_0710360_position_1_sensor_2,Textiles_Leather,63.1198,20.841611613820106,0.17744128178615162,0.0,0.0,0.0625
material_0710360_position_1_sensor_3,Textiles_Leather,77.3865,18.68400980476104,0.15749323267718748,0.0,0.0,0.0
material_0710360_position_2_sensor_1,Textiles_Leather,76.2279,17.709826311783182,0.20057179489634128,0.0,0.0,0.0
material_0710360_position_2_sensor_2,Textiles_Leather,78.2117,20.786099651211156,0.16995687806372436,0.0,0.0,0.0
material_0710360_position_2_sensor_3,Textiles_Leather,76.063,17.994439447523792,0.21967031760620787,0.0,0.0,0.0
material_0710360_position_3_sensor_1,Textiles_Leather,79.6188,21.058986302014425,0.08974538366778614,0.0,0.0,0.0
material_0710360_position_3_sensor_2,Textiles_Leather,80.0482,21.922244928069887,0.0891652225668891,0.0,0.0,0.0
material_0710360_position_3_sensor_3,Textiles_Leather,75.2907,20.17845323544602,0.020466683580982168,0.0,0.0625,0.0
material_0710360_position_4_sensor_1,Textiles_Leather,76.6032,17.890218439052063,0.18247269295087756,0.0,0.0,0.0
material_0710360_position_4_sensor_2,Textiles_Leather,78.8546,21.096320016903306,0.13899093647875602,0.0,0.0,0.0
material_0710360_position_4_sensor_3,Textiles_Leather,61.7585,18.422542616002048,0.1890122038398651,0.0,0.0,0.0625
material_0710360_position_5_sensor_1,Textiles_Leather,78.1044,18.32310958061849,0.10124083754595291,0.0,0.0,0.0
material_0710360_position_5_sensor_2,Textiles_Leather,79.8518,22.045464094348898,0.10530759644352382,0.0,0.0,0.0
material_0710360_position_5_sensor_3,Textiles_Leather,78.9774,19.79050097152215,0.0912502632889057,0.0,0.0,0.0
material_0710380_position_1_sensor_1,Textiles_Leather,53.078,8.028020268486571,0.10218522294985595,0.0,0.0625,0.0625
material_0710380_position_1_sensor_2,Textiles_Leather,69.0998,21.33391197936778,0.13083586728962432,0.0,0.125,0.0
material_0710380_position_1_sensor_3,Textiles_Leather,55.8912,17.96716775387641,0.22965017680249142,0.0,0.0625,0.0625
material_0710380_position_2_sensor_1,Textiles_Leather,71.4877,17.70116556163261,0.18395332286560184,0.0,0.0625,0.0
material_0710380_position_2_sensor_2,Textiles_Leather,78.1643,20.64386492424625,0.1685828897314131,0.0,0.0,0.0
material_0710380_position_2_sensor_3,Textiles_Leather,60.7341,17.460378644043416,0.22400993476817752,0.0,0.0,0.0625
material_0710380_position_3_sensor_1,Textiles_Leather,61.3306,17.399305892839077,0.18459134848600922,0.0,0.0,0.0625
material_0710380_position_3_sensor_2,Textiles_Leather,77.1467,19.98661772111315,0.21249977341196946,0.0,0.0,0.0
material_0710380_position_3_sensor_3,Textiles_Leather,60.2905,17.20250391660909,0.24403240208843952,0.0,0.0,0.0625
material_0710380_position_4_sensor_1,Textiles_Leather,79.8367,18.695701897951487,0.003612580741931378,0.0,0.0,0.0
material_0710380_position_4_sensor_2,Textiles_Leather,81.1803,22.69463414532346,0.041569686989376804,0.0,0.0,0.0
material_0710380_position_4_sensor_3,Textiles_Leather,60.32,20.303958970595964,-0.02246723728553952,0.0,0.0625,0.0625
material_0710390_position_1_sensor_1,Textiles_Leather,78.562,18.678722948202914,-0.08333562580848429,0.0,0.0,0.0
material_0710390_position_1_sensor_2,Textiles_Leather,79.9768,22.112669783381982,-0.09949689159518021,0.0,0.0,0.0
material_0710390_position_1_sensor_3,Textiles_Leather,77.882,17.783063836608065,-0.0986939641416481,0.0,0.0,0.0
material_0710390_position_2_sensor_1,Textiles_Leather,74.0615,18.767759312413354,-0.05462061344719977,0.0,0.0625,0.0
material_0710390_position_2_sensor_2,Textiles_Leather,80.0054,21.74938204647507,-0.08656115962009964,0.0,0.0,0.0
material_0710390_position_2_sensor_3,Textiles_Leather,72.6378,17.526477895366686,-0.10620197769863414,0.0,0.0625,0.0
material_0710390_position_3_sensor_1,Textiles_Leather,58.9651,18.94983201260152,-0.06626589626736334,0.0,0.0625,0.0625
material_0710390_position_3_sensor_2,Textiles_Leather,79.98,22.159791652435285,-0.10073880304074526,0.0,0.0,0.0
material_0710390_position_3_sensor_3,Textiles_Leather,77.1385,17.391863316201157,-0.13350681998059555,0.0,0.0,0.0
material_0710390_position_4_sensor_1,Textiles_Leather,74.3336,19.177833065883096,-0.050056519352533094,0.0,0.0625,0.0
material_0710390_position_4_sensor_2,Textiles_Leather,79.882,22.049678876684148,-0.10353129946640015,0.0,0.0,0.0
material_0710390_position_4_sensor_3,Textiles_Leather,78.0371,17.82039932647878,-0.09007149331086908,0.0,0.0,0.0
material_0710390_position_5_sensor_1,Textiles_Leather,79.1027,18.84933448193224,-0.05452407098907226,0.0,0.0,0.0
material_0710390_position_5_sensor_2,Textiles_Leather,79.832,22.011501233581914,-0.10550886246426036,0.0,0.0,0.0
material_0710390_position_5_sensor_3,Textiles_Leather,77.5947,17.614066672826112,-0.11160237470639334,0.0,0.0,0.0
material_0710510_position_1_sensor_1,Small_Items,78.5715,18.02455928533307,0.06268757340175513,0.0,0.0,0.0
material_0710510_position_1_sensor_2,Small_Items,59.8193,21.33239933339115,-0.08550097815818952,0.0,0.0625,0.0625
material_0710510_position_1_sensor_3,Small_Items,64.0423,17.136238103166864,-0.005837001825472246,0.0,0.0,0.0625
material_0710510_position_2_sensor_1,Small_Items,79.8763,19.82277723379592,-0.03565247778799311,0.0,0.0,0.0
material_0710510_position_2_sensor_2,Small_Items,61.2024,23.168398567577484,-0.05469725764654868,0.0,0.0625,0.0625
material_0710510_position_2_sensor_3,Small_Items,78.9711,18.58450887964735,0.054694433274608656,0.0,0.0,0.0
material_0710510_position_3_sensor_1,Small_Items,64.7267,19.432900010378063,-0.033125896777980446,0.0,0.0,0.0625
material_0710510_position_3_sensor_2,Small_Items,59.6669,10.656948790299188,-0.0827245359732459,0.0,0.0,0.0625
material_0710510_position_3_sensor_3,Small_Items,79.4244,18.45452211526878,-0.022178892846203495,0.0,0.0,0.0
material_0710510_position_4_sensor_1,Small_Items,59.8474,18.714144154142655,0.003504774305556035,0.0,0.0625,0.0625
material_0710510_position_4_sensor_2,Small_Items,54.9981,21.817360423657696,-0.08910446665645483,0.0,0.125,0.0625
material_0710510_position_4_sensor_3,Small_Items,58.1208,17.27772439805165,-0.06817333665237094,0.0,0.0625,0.0625
material_0710520_position_1_sensor_1,Small_Items,79.433,17.815827814730017,-0.0020628765829247384,0.0,0.0,0.0
material_0710520_position_1_sensor_2,Small_Items,70.9966,16.7549230774754,0.5006126461652339,0.0,0.0,0.0
material_0710520_position_1_sensor_3,Small_Items,78.5334,18.546700221813392,0.08108530401092388,0.0,0.0,0.0
material_0710520_position_2_sensor_1,Small_Items,79.0229,17.907434516438407,0.030688267527057164,0.0,0.0,0.0
material_0710520_position_2_sensor_2,Small_Items,77.6756,19.468335808918326,0.16332779309640572,0.0,0.0,0.0
material_0710520_position_2_sensor_3,Small_Items,79.0314,18.526644854581143,0.04912477341196793,0.0,0.0,0.0
material_0710520_position_3_sensor_1,Small_Items,78.9016,18.496454618275393,-0.056372057546977425,0.0,0.0,0.0
material_0710520_position_3_sensor_2,Small_Items,54.3732,8.83069602918637,-0.04524899471507333,0.0,0.0625,0.0625
material_0710520_position_3_sensor_3,Small_Items,79.395,20.50797248313051,-0.08694587897007665,0.0,0.0,0.0
material_0710520_position_4_sensor_1,Small_Items,78.0309,17.911769987828897,0.09326313093596751,0.0,0.0,0.0
material_0710520_position_4_sensor_2,Small_Items,77.4096,19.215621327184266,0.17232520807802446,0.0,0.0,0.0
material_0710520_position_4_sensor_3,Small_Items,63.2239,18.373201494872728,0.09525214301215036,0.0,0.0,0.0625
material_0710520_position_5_sensor_1,Small_Items,78.9429,18.23158178979647,-0.04565442293453916,0.0,0.0,0.0
material_0710520_position_5_sensor_2,Small_Items,61.4674,22.07375445348893,-0.004470964818219214,0.0,0.0625,0.0625
material_0710520_position_5_sensor_3,Small_Items,79.2085,19.555287280844563,-0.06949565174377333,0.0,0.0,0.0
material_0710530_position_1_sensor_1,Small_Items,57.8952,19.465121190529814,-0.149405484068626,0.0,0.0625,0.0625
material_0710530_position_1_sensor_2,Small_Items,54.609,22.513506485176677,-0.13493168051726026,0.0,0.125,0.0625
material_0710530_position_1_sensor_3,Small_Items,76.3018,13.379437685190243,-0.0632324617672617,0.0,0.0,0.0
material_0710530_position_2_sensor_1,Small_Items,58.1375,18.546327903795955,-0.1060001611647301,0.0,0.0625,0.0625
material_0710530_position_2_sensor_2,Small_Items,57.1041,18.98120440644489,-0.1843736835554542,0.0,0.0625,0.0625
material_0710530_position_2_sensor_3,Small_Items,50.6885,15.599835395812855,-0.16987473511540305,0.0,0.125,0.0625
material_0710530_position_3_sensor_1,Small_Items,64.2526,19.51639796159266,-0.06552595869076662,0.0,0.0,0.0625
material_0710530_position_3_sensor_2,Small_Items,80.555,22.568948524171883,-0.07707719152114074,0.0,0.0,0.0
material_0710530_position_3_sensor_3,Small_Items,59.1687,17.58209420272348,-0.011536384931577742,0.0,0.0625,0.0625
material_0710530_position_4_sensor_1,Small_Items,79.6635,20.191424738406873,-0.06034415690104302,0.0,0.0,0.0
material_0710530_position_4_sensor_2,Small_Items,55.9456,13.981128793492612,-0.10408978470945464,0.0,0.0625,0.0625
material_0710530_position_4_sensor_3,Small_Items,63.6183,18.2508151753683,-0.06667675462112012,0.0,0.0,0.0625
material_0710530_position_5_sensor_1,Small_Items,56.9993,17.986049930258776,-0.16047690397774064,0.0,0.0625,0.0625
material_0710530_position_5_sensor_2,Small_Items,76.8898,18.71017243610856,-0.18955917936836386,0.0,0.0,0.0
material_0710530_position_5_sensor_3,Small_Items,70.5614,15.891607460114406,-0.18681368719362856,0.0,0.0625,0.0
material_0710550_position_1_sensor_1,Crafts,75.6424,13.163192017973675,0.09811333869485318,0.0,0.0,0.0
material_0710550_position_1_sensor_2,Crafts,79.6585,21.84107106586477,0.11120949180453416,0.0,0.0,0.0
material_0710550_position_1_sensor_3,Crafts,78.3749,19.44620995670441,0.11862998653237485,0.0,0.0,0.0
material_0710550_position_2_sensor_1,Crafts,79.7163,18.585888083814936,-0.0078290127357348,0.0,0.0,0.0
material_0710550_position_2_sensor_2,Crafts,81.5302,22.41547285272796,0.01098738606770687,0.0,0.0,0.0
material_0710550_position_2_sensor_3,Crafts,79.0546,20.017956771427343,0.0933632461448116,0.0,0.0,0.0
material_0710550_position_3_sensor_1,Crafts,78.3717,18.347167486268606,0.08515449474060381,0.0,0.0,0.0
material_0710550_position_3_sensor_2,Crafts,59.7392,22.022308066401557,0.1116840070338023,0.0,0.0625,0.0625
material_0710550_position_3_sensor_3,Crafts,78.2925,19.56627700756514,0.12749547302644945,0.0,0.0,0.0
material_0710550_position_4_sensor_1,Crafts,58.1083,18.431510703342074,0.10431583818423033,0.0,0.0625,0.0625
material_0710550_position_4_sensor_2,Crafts,59.736,22.056322459231637,0.11292408662683652,0.0,0.0625,0.0625
material_0710550_position_4_sensor_3,Crafts,79.7693,20.11387943806912,0.05131011603860067,0.0,0.0,0.0
material_0710550_position_5_sensor_1,Crafts,77.9362,18.19090774605415,0.10778061970230612,0.0,0.0,0.0
material_0710550_position_5_sensor_2,Crafts,80.3373,22.060444898560192,0.07520341860702556,0.0,0.0,0.0
material_0710550_position_5_sensor_3,Crafts,78.3861,19.491673710230835,0.11931702218647777,0.0,0.0,0.0
material_0710570_position_1_sensor_1,Metal,61.3002,19.235384213582144,0.002083229613458512,0.0,0.058823529411764705,0.058823529411764705
material_0710570_position_1_sensor_2,Metal,62.084,18.91940078393909,0.18374513154871114,0.0,0.0,0.0625
material_0710570_position_1_sensor_3,Metal,73.8686,14.972306572267653,0.26520540683721244,0.0,0.0,0.0
material_0710570_position_2_sensor_1,Metal,76.7406,17.514255331533995,0.1623049077052695,0.0,0.0,0.0
material_0710570_position_2_sensor_2,Metal,76.6668,19.341596310596294,0.2229428950291039,0.0,0.0,0.0
material_0710570_position_2_sensor_3,Metal,75.3385,15.917770883844515,0.20164812953175854,0.0,0.0,0.0
material_0710570_position_3_sensor_1,Metal,79.2298,18.71189252506656,-0.042313173381334605,0.0,0.0,0.0
material_0710570_position_3_sensor_2,Metal,81.6125,22.318513896282436,0.002839420892054536,0.0,0.0,0.0
material_0710570_position_3_sensor_3,Metal,78.6392,17.917712945489505,-0.05515368891697361,0.0,0.0,0.0
material_0710570_position_4_sensor_1,Metal,77.4903,18.07545354568405,0.13230745602277386,0.0,0.0,0.0
material_0710570_position_4_sensor_2,Metal,72.4022,19.317747521664682,0.17592389514399628,0.0,0.0625,0.0
material_0710570_position_4_sensor_3,Metal,59.7585,15.154441346669591,0.2147697147543909,0.0,0.0,0.0625
material_0710570_position_5_sensor_1,Metal,58.9678,18.23798211585762,0.04428064682903962,0.0,0.0625,0.0625
material_0710570_position_5_sensor_2,Metal,80.2921,21.825576006548467,0.07084932374642124,0.0,0.0,0.0
material_0710570_position_5_sensor_3,Metal,74.2724,17.70064327827744,0.008643106298507779,0.0,0.0625,0.0
material_0710580_position_1_sensor_1,Textiles_Leather,73.89,19.06804944159375,0.09313082426980976,0.0,0.058823529411764705,0.0
material_0710580_position_1_sensor_2,Textiles_Leather,51.2925,19.579718860469864,0.2538022668377241,0.0,0.125,0.0625
material_0710580_position_1_sensor_3,Textiles_Leather,72.8718,16.426367289755515,0.372507322623057,0.0,0.0,0.0
material_0710580_position_2_sensor_1,Textiles_Leather,51.8781,16.13494351424104,0.11138599271088509,0.0,0.125,0.0625
material_0710580_position_2_sensor_2,Textiles_Leather,80.9002,22.05568051887344,0.039620190589252306,0.0,0.0,0.0
material_0710580_position_2_sensor_3,Textiles_Leather,59.1821,20.54266425447772,0.10141231681474513,0.0,0.0625,0.0625
material_0710580_position_3_sensor_1,Textiles_Leather,52.854,18.70964810125106,0.12884930778952114,0.0,0.125,0.0625
material_0710580_position_3_sensor_2,Textiles_Leather,54.8232,21.57534287592718,0.09270006606157928,0.0,0.125,0.0625
material_0710580_position_3_sensor_3,Textiles_Leather,63.1484,19.956896695681838,0.14853396905637153,0.0,0.0,0.0625
material_0710580_position_4_sensor_1,Textiles_Leather,75.5547,14.499871821217772,0.14459246227787909,0.0,0.0,0.0
material_0710580_position_4_sensor_2,Textiles_Leather,59.2571,21.079709057164415,0.11314499400020386,0.0,0.0625,0.0625
material_0710580_position_4_sensor_3,Textiles_Leather,51.4718,18.740308192182248,0.2167933804381091,0.0,0.125,0.0625
material_0710590_position_1_sensor_1,Paper_Cardboard,59.6027,20.674421820217113,0.07897268975949623,0.0,0.0625,0.0625
material_0710590_position_1_sensor_2,Paper_Cardboard,77.4666,20.844435115265384,0.21864751040389885,0.0,0.0,0.0
material_0710590_position_1_sensor_3,Paper_Cardboard,74.7243,17.346184711663277,0.28407666175194035,0.0,0.0,0.0
material_0710590_position_2_sensor_1,Paper_Cardboard,68.8858,11.49103207727618,0.15744900652318178,0.0,0.0625,0.0
material_0710590_position_2_sensor_2,Paper_Cardboard,63.3662,21.138837787413426,0.171040460324755,0.0,0.0,0.0625
material_0710590_position_2_sensor_3,Paper_Cardboard,73.2132,19.11085752565049,0.11853005482791908,0.0,0.0625,0.0
material_0710590_position_3_sensor_1,Paper_Cardboard,77.0151,17.96351027862088,0.15879204963235108,0.0,0.0,0.0
material_0710590_position_3_sensor_2,Paper_Cardboard,77.5578,20.372900834262943,0.19845965137356894,0.0,0.0,0.0
material_0710590_position_3_sensor_3,Paper_Cardboard,73.7467,14.240971182807966,0.2504658889271847,0.0,0.0,0.0
material_0710590_position_4_sensor_1,Paper_Cardboard,72.7364,18.32666152818791,0.12451804087520395,0.0,0.0625,0.0
material_0710590_position_4_sensor_2,Paper_Cardboard,78.0178,20.871690036880732,0.18478328131382774,0.0,0.0,0.0
material_0710590_position_4_sensor_3,Paper_Cardboard,78.9743,19.263004854246525,0.07528328610089857,0.0,0.0,0.0
material_0710590_position_5_sensor_1,Paper_Cardboard,75.2295,17.404132476715006,0.2540543364481202,0.0,0.0,0.0
material_0710590_position_5_sensor_2,Paper_Cardboard,77.7037,20.36940481565245,0.1891663379544482,0.0,0.0,0.0
material_0710590_position_5_sensor_3,Paper_Cardboard,76.0994,17.57465959024015,0.2045174648309844,0.0,0.0,0.0
material_700860_position_1_sensor_1,Paper_Cardboard,57.6178,20.154376835570748,0.1879864573759168,0.0,0.0625,0.0625
material_700860_position_1_sensor_2,Paper_Cardboard,58.0454,20.7498766665098,0.17931695197610276,0.0,0.0625,0.0625
material_700860_position_1_sensor_3,Paper_Cardboard,56.7072,18.41562911801548,0.19202924262152635,0.0,0.0625,0.0625
material_700860_position_2_sensor_1,Paper_Cardboard,65.2099,21.184044748921494,0.05636889169730163,0.0,0.0,0.0625
material_700860_position_2_sensor_2,Paper_Cardboard,63.9517,21.65119420179096,0.1498863724851893,0.0,0.0,0.0625
material_700860_position_2_sensor_3,Paper_Cardboard,79.5729,19.739021494373215,0.05218699416615392,0.0,0.0,0.0
material_700860_position_3_sensor_1,Paper_Cardboard,56.4835,16.639094736472494,0.15167122236264477,0.0,0.0625,0.0625
material_700860_position_3_sensor_2,Paper_Cardboard,78.4019,20.884029115109843,0.16098593558517005,0.0,0.0,0.0
material_700860_position_3_sensor_3,Paper_Cardboard,55.9737,6.718526291709253,0.19452474596609712,0.0,0.0,0.0625
material_700860_position_4_sensor_1,Paper_Cardboard,63.4549,20.279747812872774,0.13913472573274038,0.0,0.0,0.0625
material_700860_position_4_sensor_2,Paper_Cardboard,78.4185,20.947539301819106,0.1618887357026133,0.0,0.0,0.0
material_700860_position_4_sensor_3,Paper_Cardboard,54.4493,11.527552808533514,0.12309875089358449,0.0,0.0625,0.0625
material_700860_position_5_sensor_1,Paper_Cardboard,77.5885,19.89490939808625,0.18188120723549728,0.0,0.0,0.0
material_700860_position_5_sensor_2,Paper_Cardboard,78.532,21.04946312707863,0.15786285839205172,0.0,0.0,0.0
material_700860_position_5_sensor_3,Paper_Cardboard,54.9951,15.011074564968471,0.19547911400888318,0.0,0.0625,0.0625
material_700870_position_1_sensor_1,Paper_Cardboard,59.2021,19.35158744430625,0.13771643944036038,0.0,0.058823529411764705,0.058823529411764705
material_700870_position_1_sensor_2,Paper_Cardboard,57.3647,19.834761901820038,0.19412495372497734,0.0,0.0625,0.0625
material_700870_position_1_sensor_3,Paper_Cardboard,75.6578,17.19254445881965,0.22060889948427279,0.0,0.0,0.0
material_700870_position_2_sensor_1,Paper_Cardboard,66.1136,21.725620409210645,0.0160740942861514,0.0,0.0,0.0625
material_700870_position_2_sensor_2,Paper_Cardboard,65.7036,22.508790301457147,0.06588019397211627,0.0,0.0,0.0625
material_700870_position_2_sensor_3,Paper_Cardboard,65.8179,20.649356148791487,-0.0017099641288825548,0.0,0.0,0.0625
material_700870_position_3_sensor_1,Paper_Cardboard,57.7775,19.496121359425572,0.15776319795496266,0.0,0.0625,0.0625
material_700870_position_3_sensor_2,Paper_Cardboard,71.8867,19.644733128644642,0.21839326905892445,0.0,0.0625,0.0
material_700870_position_3_sensor_3,Paper_Cardboard,56.0297,17.17696030966598,0.19672230360242857,0.0,0.0625,0.0625
material_700870_position_4_sensor_1,Paper_Cardboard,57.4466,19.44014619480768,0.17687585688572313,0.0,0.0625,0.0625
material_700870_position_4_sensor_2,Paper_Cardboard,49.2289,13.83838819045156,0.20777965271395113,0.0,0.125,0.0625
material_700870_position_4_sensor_3,Paper_Cardboard,52.4788,10.732168724421868,0.22276533298866114,0.0,0.0625,0.0625
material_700870_position_5_sensor_1,Paper_Cardboard,58.6352,20.069418713241987,0.12133723479625917,0.0,0.0625,0.0625
material_700870_position_5_sensor_2,Paper_Cardboard,57.3379,20.044359331239217,0.2022320484834534,0.0,0.0625,0.0625
material_700870_position_5_sensor_3,Paper_Cardboard,62.3979,18.307319705959312,0.1452329021777948,0.0,0.0,0.0625
material_700920_position_1_sensor_1,Crafts,59.4068,18.178567831230414,0.014830392475999928,0.0,0.0625,0.0625
material_700920_position_1_sensor_2,Crafts,66.1302,21.442608997515727,0.00635994785283766,0.0,0.0,0.0625
material_700920_position_1_sensor_3,Crafts,78.0907,16.64273862691348,0.050617232179324526,0.0,0.0,0.0
material_700920_position_2_sensor_1,Crafts,59.4095,18.260195768773883,0.017160151462927823,0.0,0.0625,0.0625
material_700920_position_2_sensor_2,Crafts,60.9208,21.34698574816057,0.016611173343033817,0.0,0.0625,0.0625
material_700920_position_2_sensor_3,Crafts,63.9931,18.567792474735842,0.052797358494178666,0.0,0.0,0.0625
material_700920_position_3_sensor_1,Crafts,79.4459,18.33154954219948,0.017052868412987632,0.0,0.0,0.0
material_700920_position_3_sensor_2,Crafts,60.9162,21.31596056087265,0.015948170381432286,0.0,0.0625,0.0625
material_700920_position_3_sensor_3,Crafts,59.6559,18.81607992896317,0.018679374744686672,0.0,0.0625,0.0625
material_700920_position_4_sensor_1,Crafts,64.3386,19.117342140461083,0.047887261284723016,0.0,0.0,0.0625
material_700920_position_4_sensor_2,Crafts,81.4607,22.240066913760252,0.009992485894095798,0.0,0.0,0.0
material_700920_position_4_sensor_3,Crafts,79.8903,20.072672914671024,0.042430514067604314,0.0,0.0,0.0
material_701440_position_1_sensor_1,Metal,100.0,60.0,0.0,0.0,0.0,0.0
material_701440_position_1_sensor_2,Metal,79.6199,19.916811170550858,-0.05467889284620083,0.0,0.0,0.0
material_701440_position_1_sensor_3,Metal,63.7414,16.513440457366123,-0.005692138671880238,0.0,0.0,0.0625
material_701440_position_10_sensor_1,Metal,79.045,17.76809970055876,0.02502737725949328,0.0,0.0,0.0
material_701440_position_10_sensor_2,Metal,100.0,60.0,0.0,0.0,,
material_701440_position_10_sensor_3,Metal,100.0,60.0,0.0,0.0,,
material_701440_position_11_sensor_1,Metal,76.0018,20.606316417320304,0.007331210533260268,0.0,0.058823529411764705,0.0
material_701440_position_11_sensor_2,Metal,65.1438,22.762422317745482,-0.10889414030586271,0.0,0.0,0.0625
material_701440_position_11_sensor_3,Metal,81.0969,22.334210770132973,0.03577236360038784,0.0,0.0,0.0
material_701440_position_12_sensor_1,Metal,72.2252,16.08321134857197,0.4026911982783544,0.0,0.0,0.0
material_701440_position_12_sensor_2,Metal,59.8272,22.670137309496653,-0.12599219388276273,0.0,0.0625,0.0625
material_701440_position_12_sensor_3,Metal,77.657,17.397402433795644,-0.10103732798457876,0.0,0.0,0.0
material_701440_position_14_sensor_1,Metal,78.7484,17.735569547391698,0.042701436759600496,0.0,0.0,0.0
material_701440_position_14_sensor_2,Metal,79.3097,19.816226936023767,-0.07111979804943137,0.0,0.0,0.0
material_701440_position_14_sensor_3,Metal,56.2764,12.991006186446697,0.0529276290594367,0.0,0.0625,0.0625
material_701440_position_15_sensor_1,Metal,63.575,18.739755511514467,0.08438648577920846,0.0,0.0,0.0625
material_701440_position_15_sensor_2,Metal,80.5997,21.331418911945384,-0.03634761476205066,0.0,0.0,0.0
material_701440_position_15_sensor_3,Metal,79.1575,17.73748342556477,0.01700737528083964,0.0,0.0,0.0
material_701440_position_16_sensor_1,Metal,69.0878,14.542855235096608,0.5529870717167078,0.0,0.0,0.0
material_701440_position_16_sensor_2,Metal,79.2371,20.269484103615298,-0.08958249240451825,0.0,0.0,0.0
material_701440_position_16_sensor_3,Metal,78.4174,16.874216166025715,0.03714417221966729,0.0,0.0,0.0
material_701440_position_17_sensor_1,Metal,79.0285,18.849745992869458,0.05921027528849755,0.0,0.0,0.0
material_701440_position_17_sensor_2,Metal,81.4298,22.104607360574526,-0.007781749451086159,0.0,0.0,0.0
material_701440_position_17_sensor_3,Metal,78.4327,17.767001340938087,0.06353233506944328,0.0,0.0,0.0
material_701440_position_18_sensor_1,Metal,68.9282,14.570599906656428,0.5638866692835948,0.0,0.0,0.0
material_701440_position_18_sensor_2,Metal,80.7135,20.95864645853371,0.017758228975182127,0.0,0.0,0.0
material_701440_position_18_sensor_3,Metal,78.5213,17.045728006207938,0.03585411241319282,0.0,0.0,0.0
material_701440_position_2_sensor_1,Metal,75.9995,17.398271618362003,-0.20540362030228787,0.0,0.0,0.0
material_701440_position_2_sensor_2,Metal,79.084,22.268497768934992,-0.16046802555657877,0.0,0.0,0.0
material_701440_position_2_sensor_3,Metal,75.9995,17.398271618362003,-0.20540362030228787,0.0,0.0,0.0
material_701440_position_3_sensor_1,Metal,62.0522,17.514928948671947,-0.14271044443167938,0.0,0.0,0.0625
material_701440_position_3_sensor_2,Metal,65.0418,22.07838974975099,-0.09435615489685521,0.0,0.0,0.0625
material_701440_position_3_sensor_3,Metal,77.0522,17.514928948671947,-0.14271044443167938,0.0,0.0,0.0
material_701440_position_5_sensor_1,Metal,80.9915,22.412411520564007,-0.04480660498791888,0.0,0.0,0.0
material_701440_position_5_sensor_2,Metal,80.8736,20.801947460394985,0.0028824327256935073,0.0,0.0,0.0
material_701440_position_5_sensor_3,Metal,61.5747,23.026934699715873,-0.02692301751429656,0.0,0.0625,0.0625
material_701440_position_6_sensor_1,Metal,75.7677,18.69214615415701,-0.2596419324023002,0.0,0.0,0.0
material_701440_position_6_sensor_2,Metal,80.2872,22.756323265851577,-0.0996757828456922,0.0,0.0,0.0
material_701440_position_6_sensor_3,Metal,77.9954,17.645463568265956,-0.0873356502757362,0.0,0.0,0.0
material_701440_position_7_sensor_1,Metal,79.1836,18.139086140234568,-0.027666969847836797,0.0,0.0,0.0
material_701440_position_7_sensor_2,Metal,80.5064,20.212478343416244,0.007933306525731746,0.0,0.0,0.0
material_701440_position_7_sensor_3,Metal,78.5472,16.39830290152861,0.014387835733251867,0.0,0.0,0.0
material_701440_position_8_sensor_1,Metal,77.8649,14.639997518030475,0.003457337090651578,0.0,0.0,0.0
material_701440_position_8_sensor_2,Metal,80.6395,20.508236884153877,0.008617083780126577,0.0,0.0,0.0
material_701440_position_8_sensor_3,Metal,78.0886,16.353328861036335,0.04187634676266398,0.0,0.0,0.0
material_701440_position_9_sensor_1,Metal,78.1578,18.253575875152052,0.09575160526449888,0.0,0.0,0.0
material_701440_position_9_sensor_2,Metal,65.8694,21.357816526646104,-0.02017743598090304,0.0,0.0,0.0625
material_701440_position_9_sensor_3,Metal,78.671,17.57616744400799,0.042690065870098076,0.0,0.0,0.0
material_701450_position_1_sensor_1,Metal,78.0922,17.751546431593486,0.084495337392767,0.0,0.0,0.0
material_701450_position_1_sensor_2,Metal,80.0691,20.40136994053246,0.04124601556116966,0.0,0.0,0.0
material_701450_position_1_sensor_3,Metal,76.4637,16.279602399841306,0.14190279373468073,0.0,0.0,0.0
material_701450_position_10_sensor_1,Metal,78.8949,17.808875564518107,0.03572335197099555,0.0,0.0,0.0
material_701450_position_10_sensor_2,Metal,80.3472,20.31308622083449,-0.021039470996731445,0.0,0.0,0.0
material_701450_position_10_sensor_3,Metal,63.3626,17.069424099888014,0.04657518414266601,0.0,0.0,0.0625
material_701450_position_11_sensor_1,Metal,79.1476,18.169602738069933,-0.030872418172998125,0.0,0.0,0.0
material_701450_position_11_sensor_2,Metal,80.8297,20.931059530675515,-0.00960058274612091,0.0,0.0,0.0
material_701450_position_11_sensor_3,Metal,78.8963,17.352515893343508,-0.021649567248774846,0.0,0.0,0.0
material_701450_position_12_sensor_1,Metal,78.3373,17.75278749187114,0.0691048927057794,0.0,0.0,0.0
material_701450_position_12_sensor_2,Metal,65.0917,19.717030573243157,0.01885863459967164,0.0,0.0,0.0625
material_701450_position_12_sensor_3,Metal,76.7984,16.07397711677583,0.11453256165747058,0.0,0.0,0.0
material_701450_position_2_sensor_1,Metal,77.9344,17.96316381974002,0.1009109572865622,0.0,0.0,0.0
material_701450_position_2_sensor_2,Metal,79.9559,19.94632836720067,0.034429090711806415,0.0,0.0,0.0
material_701450_position_2_sensor_3,Metal,76.9622,16.28744436638818,0.11076201235702644,0.0,0.0,0.0
material_701450_position_3_sensor_1,Metal,72.7761,17.722304676203702,0.1034998978758153,0.0,0.0625,0.0
material_701450_position_3_sensor_2,Metal,80.232,20.05818830554269,0.020478384778391104,0.0,0.0,0.0
material_701450_position_3_sensor_3,Metal,76.8916,16.306021174633734,0.11577592358557987,0.0,0.0,0.0
material_701450_position_4_sensor_1,Metal,68.0292,15.726500730591644,0.34115007627399907,0.0,0.0625,0.0
material_701450_position_4_sensor_2,Metal,80.5845,20.14610551543801,-0.0009796884574174648,0.0,0.0,0.0
material_701450_position_4_sensor_3,Metal,58.0096,16.419708768796518,0.04888338694852699,0.0,0.0625,0.0625
material_701450_position_5_sensor_1,Metal,77.925,18.389012364503078,0.11455427102481473,0.0,0.0,0.0
material_701450_position_5_sensor_2,Metal,75.374,20.258888356629523,0.017687768075979035,0.0,0.0625,0.0
material_701450_position_5_sensor_3,Metal,76.5684,14.038633635701817,0.06664541845383957,0.0,0.0,0.0
material_701450_position_6_sensor_1,Metal,100.0,60.0,0.0,0.0,0.0,0.0
material_701450_position_8_sensor_1,Metal,78.8434,17.100720361449323,0.017263261782577165,0.0,0.0,0.0
material_701450_position_8_sensor_2,Metal,79.9005,18.750707220811794,0.0012837169372937848,0.0,0.0,0.0
material_701450_position_8_sensor_3,Metal,76.6269,14.909555327731375,0.08964733168658116,0.0,0.0,0.0
material_701450_position_9_sensor_1,Metal,78.1823,17.57443652641588,0.0733980944265727,0.0,0.0,0.0
material_701450_position_9_sensor_2,Metal,80.5908,20.424671761758976,-0.00911904647926817,0.0,0.0,0.0
material_701450_position_9_sensor_3,Metal,77.5683,16.814021679661455,0.08874719318065648,0.0,0.0,0.0
material_701880_position_1_sensor_1,Paper_Cardboard,52.8558,13.221122288071507,-0.05312765948393197,0.0,0.11764705882352941,0.058823529411764705
material_701880_position_1_sensor_2,Paper_Cardboard,57.065,19.847613107667726,0.21338168753829564,0.0,0.0625,0.0625
material_701880_position_1_sensor_3,Paper_Cardboard,55.2656,17.28802825475571,0.24822584124795632,0.0,0.0625,0.0625
material_701880_position_2_sensor_1,Paper_Cardboard,74.6793,13.75093728094269,0.17674927396088588,0.0,0.0,0.0
material_701880_position_2_sensor_2,Paper_Cardboard,72.6464,20.251521590006178,0.18915955467473447,0.0,0.0625,0.0
material_701880_position_2_sensor_3,Paper_Cardboard,56.1797,17.679670034241425,0.20268519103604815,0.0,0.0625,0.0625
material_701880_position_3_sensor_1,Paper_Cardboard,75.1151,13.913318141962506,0.15428689395680042,0.0,0.0,0.0
material_701880_position_3_sensor_2,Paper_Cardboard,71.4414,16.128515189738685,0.13867705301521702,0.0,0.0625,0.0
material_701880_position_3_sensor_3,Paper_Cardboard,77.7423,19.323301045871055,0.15468074384701821,0.0,0.0,0.0
material_701880_position_4_sensor_1,Paper_Cardboard,58.6018,20.119321064574326,0.12497182010824766,0.0,0.0625,0.0625
material_701880_position_4_sensor_2,Paper_Cardboard,74.1652,13.379031875298864,0.19771508469924257,0.0,0.0,0.0
material_701880_position_4_sensor_3,Paper_Cardboard,74.1693,14.841911068443633,0.24227693684895665,0.0,0.0,0.0
material_701880_position_5_sensor_1,Paper_Cardboard,54.492,21.4341603628689,0.109221818512559,0.0,0.125,0.0625
material_701880_position_5_sensor_2,Paper_Cardboard,53.7686,9.107679690412162,0.09179893184487174,0.0,0.0625,0.0625
material_701880_position_5_sensor_3,Paper_Cardboard,63.7553,19.842356876702404,0.10681942689184916,0.0,0.0,0.0625
material_710320_position_1_sensor_1,Textiles_Leather,62.1165,19.854401576118,0.21034656160641424,0.0,0.0,0.0625
material_710320_position_1_sensor_2,Textiles_Leather,51.9954,20.002402134875542,0.22251043581495034,0.0,0.125,0.0625
material_710320_position_1_sensor_3,Textiles_Leather,59.1654,17.184516131162624,0.3143092591528776,0.0,0.0,0.0625
material_710320_position_2_sensor_1,Textiles_Leather,63.4385,21.069691639998243,0.16437003261591204,0.0,0.0,0.0625
material_710320_position_2_sensor_2,Textiles_Leather,64.4097,21.68751018329661,0.12216479013480372,0.0,0.0,0.0625
material_710320_position_2_sensor_3,Textiles_Leather,56.7992,19.230305645194132,0.21119939746731856,0.0,0.0625,0.0625
material_710320_position_3_sensor_1,Textiles_Leather,52.4017,20.004757539712013,0.19700620723549608,0.0,0.125,0.0625
material_710320_position_3_sensor_2,Textiles_Leather,77.045,20.10080499280203,0.22239820931627893,0.0,0.0,0.0
material_710320_position_3_sensor_3,Textiles_Leather,59.3274,17.348617450546634,0.3091370538449748,0.0,0.0,0.0625
material_710320_position_4_sensor_1,Textiles_Leather,62.2082,20.09233632320587,0.21186952518637836,0.0,0.0,0.0625
material_710320_position_4_sensor_2,Textiles_Leather,52.5586,20.43500064550852,0.20031117876837892,0.0,0.125,0.0625
material_710320_position_4_sensor_3,Textiles_Leather,59.7377,17.748640134563956,0.2955650690614775,0.0,0.0,0.0625
material_710320_position_5_sensor_1,Textiles_Leather,75.4297,18.712602998314846,0.28154722764756945,0.0,0.0,0.0
material_710320_position_5_sensor_2,Textiles_Leather,55.0468,18.927401878807107,0.3122299708946052,0.0,0.0625,0.0625
material_710320_position_5_sensor_3,Textiles_Leather,50.9995,14.882236370974669,0.44305035520067265,0.0,0.0625,0.0625
